time,t_air_C,t_outdoor_C,solar_W_m2,occupants,valve_position,t_supply_C,q_radiator_W,q_internal_W,ventilation_flow_L_s
2026-10-12 00:00:00,18.982413105079754,2.8786796564403563,0.0,0,0.0,55.90913729009699,0.0,0.0,0.0
2026-10-12 00:01:00,18.96483532046308,2.869443873130143,0.0,0,0.0,55.91309548294422,0.0,0.0,0.0
2026-10-12 00:02:00,18.94726668046171,2.8602486525374555,0.0,0,0.0,55.91703629176966,0.0,0.0,0.0
2026-10-12 00:03:00,18.929707219540905,2.8510941697260357,0.0,0,0.0,55.920959641545984,0.0,0.0,0.0
2026-10-12 00:04:00,18.912156972318478,2.8419805989840468,0.0,0,0.0,55.924865457578264,0.0,0.0,0.0
2026-10-12 00:05:00,18.894615973563752,2.832908113820732,0.0,0,0.0,55.9287536655054,0.0,0.0,0.0
2026-10-12 00:06:00,18.87708425819655,2.8238768869631374,0.0,0,0.0,55.932624191301514,0.0,0.0,0.0
2026-10-12 00:07:00,18.859561861286174,2.814887090352799,0.0,0,0.0,55.93647696127737,0.0,0.0,0.0
2026-10-12 00:08:00,18.84204881805038,2.8059388951424884,0.0,0,0.0,55.94031190208179,0.0,0.0,0.0
2026-10-12 00:09:00,18.824545163854353,2.7970324716929436,0.0,0,0.0,55.944128940703024,0.0,0.0,0.0
2026-10-12 00:10:00,18.807050934209677,2.7881679895696276,0.0,0,0.0,55.94792800447016,0.0,0.0,0.0
2026-10-12 00:11:00,18.78956616477331,2.7793456175395033,0.0,0,0.0,55.9517090210545,0.0,0.0,0.0
2026-10-12 00:12:00,18.77209089134654,2.770565523567817,0.0,0,0.0,55.955471918470934,0.0,0.0,0.0
2026-10-12 00:13:00,18.75462514987396,2.7618278748149008,0.0,0,0.0,55.95921662507933,0.0,0.0,0.0
2026-10-12 00:14:00,18.737168976442423,2.7531328376329927,0.0,0,0.0,55.96294306958586,0.0,0.0,0.0
2026-10-12 00:15:00,18.71972240728001,2.7444805775630674,0.0,0,0.0,55.9666511810444,0.0,0.0,0.0
2026-10-12 00:16:00,18.702285478754977,2.7358712593316836,0.0,0,0.0,55.97034088885785,0.0,0.0,0.0
2026-10-12 00:17:00,18.684858227374715,2.7273050468478504,0.0,0,0.0,55.97401212277949,0.0,0.0,0.0
2026-10-12 00:18:00,18.667440689784705,2.718782103199907,0.0,0,0.0,55.97766481291433,0.0,0.0,0.0
2026-10-12 00:19:00,18.65003290276747,2.7103025906524127,0.0,0,0.0,55.98129888972039,0.0,0.0,0.0
2026-10-12 00:20:00,18.632634903241517,2.701866670643065,0.0,0,0.0,55.98491428401012,0.0,0.0,0.0
2026-10-12 00:21:00,18.615246728260285,2.6934745037796217,0.0,0,0.0,55.98851092695159,0.0,0.0,0.0
2026-10-12 00:22:00,18.597868415011096,2.6851262498368396,0.0,0,0.0,55.992088750069925,0.0,0.0,0.0
2026-10-12 00:23:00,18.580500000814087,2.676822067753444,0.0,0,0.0,55.99564768524852,0.0,0.0,0.0
2026-10-12 00:24:00,18.563141523121157,2.668562115629087,0.0,0,0.0,55.99918766473039,0.0,0.0,0.0
2026-10-12 00:25:00,18.545793019514903,2.6603465507213544,0.0,0,0.0,56.00270862111942,0.0,0.0,0.0
2026-10-12 00:26:00,18.528454527707552,2.652175529442757,0.0,0,0.0,56.00621048738167,0.0,0.0,0.0
2026-10-12 00:27:00,18.5111260855399,2.6440492073577655,0.0,0,0.0,56.00969319684667,0.0,0.0,0.0
2026-10-12 00:28:00,18.493807730980233,2.6359677391798337,0.0,0,0.0,56.01315668320864,0.0,0.0,0.0
2026-10-12 00:29:00,18.476499502123275,2.62793127876847,0.0,0,0.0,56.0166008805278,0.0,0.0,0.0
2026-10-12 00:30:00,18.459201437189098,2.6199399791262943,0.0,0,0.0,56.02002572323159,0.0,0.0,0.0
2026-10-12 00:31:00,18.44191357452205,2.611993992396133,0.0,0,0.0,56.023431146115946,0.0,0.0,0.0
2026-10-12 00:32:00,18.42463595258969,2.6040934698581215,0.0,0,0.0,56.02681708434652,0.0,0.0,0.0
2026-10-12 00:33:00,18.40736860998169,2.596238561926818,0.0,0,0.0,56.030183473459935,0.0,0.0,0.0
2026-10-12 00:34:00,18.390111585408782,2.5884294181483476,0.0,0,0.0,56.03353024936499,0.0,0.0,0.0
2026-10-12 00:35:00,18.37286491770164,2.5806661871975525,0.0,0,0.0,56.03685734834391,0.0,0.0,0.0
2026-10-12 00:36:00,18.35562864580983,2.572949016875157,0.0,0,0.0,56.040164707053506,0.0,0.0,0.0
2026-10-12 00:37:00,18.338402808800698,2.5652780541049625,0.0,0,0.0,56.04345226252644,0.0,0.0,0.0
2026-10-12 00:38:00,18.321187445858296,2.5576534449310424,0.0,0,0.0,56.04671995217241,0.0,0.0,0.0
2026-10-12 00:39:00,18.303982596282285,2.550075334514963,0.0,0,0.0,56.0499677137793,0.0,0.0,0.0
2026-10-12 00:40:00,18.28678829948685,2.542543867133024,0.0,0,0.0,56.053195485514415,0.0,0.0,0.0
2026-10-12 00:41:00,18.2696045949996,2.535059186173509,0.0,0,0.0,56.05640320592564,0.0,0.0,0.0
2026-10-12 00:42:00,18.252431522460473,2.527621434133953,0.0,0,0.0,56.05959081394259,0.0,0.0,0.0
2026-10-12 00:43:00,18.235269121620647,2.5202307526184335,0.0,0,0.0,56.06275824887781,0.0,0.0,0.0
2026-10-12 00:44:00,18.218117432341426,2.5128872823348756,0.0,0,0.0,56.06590545042791,0.0,0.0,0.0
2026-10-12 00:45:00,18.200976494593153,2.5055911630923635,0.0,0,0.0,56.069032358674704,0.0,0.0,0.0
2026-10-12 00:46:00,18.183846348454104,2.498342533798495,0.0,0,0.0,56.07213891408636,0.0,0.0,0.0
2026-10-12 00:47:00,18.16672703410938,2.4911415324567217,0.0,0,0.0,56.07522505751855,0.0,0.0,0.0
2026-10-12 00:48:00,18.1496185918498,2.4839882961637274,0.0,0,0.0,56.07829073021554,0.0,0.0,0.0
2026-10-12 00:49:00,18.132521062070808,2.4768829611068233,0.0,0,0.0,56.08133587381136,0.0,0.0,0.0
2026-10-12 00:50:00,18.115434485271344,2.4698256625613424,0.0,0,0.0,56.084360430330854,0.0,0.0,0.0
2026-10-12 00:51:00,18.098358902052745,2.46281653488808,0.0,0,0.0,56.087364342190824,0.0,0.0,0.0
2026-10-12 00:52:00,18.08129435311763,2.455855711530721,0.0,0,0.0,56.090347552201116,0.0,0.0,0.0
2026-10-12 00:53:00,18.06424087926879,2.4489433250133112,0.0,0,0.0,56.093310003565726,0.0,0.0,0.0
2026-10-12 00:54:00,18.047198521408067,2.442079506937723,0.0,0,0.0,56.09625163988383,0.0,0.0,0.0
2026-10-12 00:55:00,18.030167320535238,2.4352643879811606,0.0,0,0.0,56.09917240515093,0.0,0.0,0.0
2026-10-12 00:56:00,18.013147317746903,2.428498097893663,0.0,0,0.0,56.10207224375986,0.0,0.0,0.0
2026-10-12 00:57:00,17.996138554235355,2.4217807654956416,0.0,0,0.0,56.104951100501864,0.0,0.0,0.0
2026-10-12 00:58:00,17.979141071287472,2.4151125186754228,0.0,0,0.0,56.10780892056768,0.0,0.0,0.0
2026-10-12 00:59:00,17.96215491028358,2.4084934843868124,0.0,0,0.0,56.11064564954851,0.0,0.0,0.0
2026-10-12 01:00:00,17.945180112696338,2.4019237886466835,0.0,0,0.0,56.113461233437135,0.0,0.0,0.0
2026-10-12 01:01:00,17.928216720089615,2.3954035565325733,0.0,0,0.0,56.1162556186289,0.0,0.0,0.0
2026-10-12 01:02:00,17.91126477411735,2.3889329121803007,0.0,0,0.0,56.11902875192273,0.0,0.0,0.0
2026-10-12 01:03:00,17.894324316522436,2.3825119787816083,0.0,0,0.0,56.12178058052217,0.0,0.0,0.0
2026-10-12 01:04:00,17.877395389135593,2.3761408785818126,0.0,0,0.0,56.12451105203637,0.0,0.0,0.0
2026-10-12 01:05:00,17.86047803387422,2.3698197328774766,0.0,0,0.0,56.127220114481084,0.0,0.0,0.0
2026-10-12 01:06:00,17.843572292741282,2.3635486620141033,0.0,0,0.0,56.12990771627967,0.0,0.0,0.0
2026-10-12 01:07:00,17.826678207824166,2.357327785383843,0.0,0,0.0,56.13257380626407,0.0,0.0,0.0
2026-10-12 01:08:00,17.809795821293548,2.3511572214232195,0.0,0,0.0,56.135218333675766,0.0,0.0,0.0
2026-10-12 01:09:00,17.792925175402257,2.3450370876108737,0.0,0,0.0,56.137841248166765,0.0,0.0,0.0
2026-10-12 01:10:00,17.776066312484144,2.338967500465335,0.0,0,0.0,56.14044249980057,0.0,0.0,0.0
2026-10-12 01:11:00,17.759219274952933,2.3329485755427903,0.0,0,0.0,56.14302203905309,0.0,0.0,0.0
2026-10-12 01:12:00,17.742384105301095,2.326980427434897,0.0,0,0.0,56.145579816813616,0.0,0.0,0.0
2026-10-12 01:13:00,17.725560846098695,2.3210631697665884,0.0,0,0.0,56.148115784385745,0.0,0.0,0.0
2026-10-12 01:14:00,17.708749539992255,2.3151969151939245,0.0,0,0.0,56.150629893488315,0.0,0.0,0.0
2026-10-12 01:15:00,17.69195022970361,2.3093817754019352,0.0,0,0.0,56.15312209625631,0.0,0.0,0.0
2026-10-12 01:16:00,17.675162958028775,2.303617861102499,0.0,0,0.0,56.155592345241786,0.0,0.0,0.0
2026-10-12 01:17:00,17.65838776783678,2.297905282032236,0.0,0,0.0,56.15804059341475,0.0,0.0,0.0
2026-10-12 01:18:00,17.64162470206854,2.2922441469504173,0.0,0,0.0,56.16046679416411,0.0,0.0,0.0
2026-10-12 01:19:00,17.624873803735706,2.286634563636896,0.0,0,0.0,56.162870901298476,0.0,0.0,0.0
2026-10-12 01:20:00,17.60813511591951,2.28107663889005,0.0,0,0.0,56.16525286904712,0.0,0.0,0.0
2026-10-12 01:21:00,17.591408681769625,2.2755704785247564,0.0,0,0.0,56.16761265206082,0.0,0.0,0.0
2026-10-12 01:22:00,17.574694544503007,2.2701161873703706,0.0,0,0.0,56.1699502054127,0.0,0.0,0.0
2026-10-12 01:23:00,17.55799274740275,2.264713869268734,0.0,0,0.0,56.172265484599116,0.0,0.0,0.0
2026-10-12 01:24:00,17.541303333816934,2.2593636270721973,0.0,0,0.0,56.174558445540484,0.0,0.0,0.0
2026-10-12 01:25:00,17.52462634715747,2.2540655626416584,0.0,0,0.0,56.17682904458215,0.0,0.0,0.0
2026-10-12 01:26:00,17.507961830898946,2.2488197768446274,0.0,0,0.0,56.17907723849516,0.0,0.0,0.0
2026-10-12 01:27:00,17.491309828577478,2.243626369553305,0.0,0,0.0,56.181302984477156,0.0,0.0,0.0
2026-10-12 01:28:00,17.474670383789547,2.238485439642679,0.0,0,0.0,56.183506240153136,0.0,0.0,0.0
2026-10-12 01:29:00,17.458043540190854,2.2333970849886438,0.0,0,0.0,56.185686963576295,0.0,0.0,0.0
2026-10-12 01:30:00,17.441429341495155,2.2283614024661396,0.0,0,0.0,56.187845113228796,0.0,0.0,0.0
2026-10-12 01:31:00,17.424827831473102,2.223378487947301,0.0,0,0.0,56.18998064802258,0.0,0.0,0.0
2026-10-12 01:32:00,17.408239053951096,2.2184484362996373,0.0,0,0.0,56.19209352730016,0.0,0.0,0.0
2026-10-12 01:33:00,17.391663052810113,2.213571341384227,0.0,0,0.0,56.19418371083533,0.0,0.0,0.0
2026-10-12 01:34:00,17.37509987198456,2.2087472960539265,0.0,0,0.0,56.19625115883403,0.0,0.0,0.0
2026-10-12 01:35:00,17.358549555461106,2.203976392151604,0.0,0,0.0,56.19829583193503,0.0,0.0,0.0
2026-10-12 01:36:00,17.342012147277522,2.1992587205083947,0.0,0,0.0,56.200317691210685,0.0,0.0,0.0
2026-10-12 01:37:00,17.32548769152152,2.1945943709419646,0.0,0,0.0,56.20231669816773,0.0,0.0,0.0
2026-10-12 01:38:00,17.30897623232959,2.1899834322548073,0.0,0,0.0,56.20429281474794,0.0,0.0,0.0
2026-10-12 01:39:00,17.29247781388585,2.185425992232547,0.0,0,0.0,56.20624600332891,0.0,0.0,0.0
2026-10-12 01:40:00,17.275992480420857,2.1809221376422747,0.0,0,0.0,56.20817622672474,0.0,0.0,0.0
2026-10-12 01:41:00,17.25952027621047,2.1764719542308884,0.0,0,0.0,56.210083448186765,0.0,0.0,0.0
2026-10-12 01:42:00,17.243061245574665,2.172075526723465,0.0,0,0.0,56.21196763140423,0.0,0.0,0.0
2026-10-12 01:43:00,17.22661543287639,2.167732938821647,0.0,0,0.0,56.21382874050501,0.0,0.0,0.0
2026-10-12 01:44:00,17.21018288252038,2.1634442732020487,0.0,0,0.0,56.215666740056264,0.0,0.0,0.0
2026-10-12 01:45:00,17.193763638952014,2.159209611514683,0.0,0,0.0,56.21748159506514,0.0,0.0,0.0
2026-10-12 01:46:00,17.177357746656117,2.1550290343814016,0.0,0,0.0,56.2192732709794,0.0,0.0,0.0
2026-10-12 01:47:00,17.160965250155833,2.150902621394369,0.0,0,0.0,56.221041733688125,0.0,0.0,0.0
2026-10-12 01:48:00,17.144586194011424,2.146830451114539,0.0,0,0.0,56.22278694952234,0.0,0.0,0.0
2026-10-12 01:49:00,17.128220622819125,2.1428126010701645,0.0,0,0.0,56.224508885255645,0.0,0.0,0.0
2026-10-12 01:50:00,17.111868581209965,2.138849147755319,0.0,0,0.0,56.226207508104864,0.0,0.0,0.0
2026-10-12 01:51:00,17.095530113848604,2.1349401666284398,0.0,0,0.0,56.22788278573067,0.0,0.0,0.0
2026-10-12 01:52:00,17.07920526543216,2.1310857321108934,0.0,0,0.0,56.22953468623819,0.0,0.0,0.0
2026-10-12 01:53:00,17.062894080689055,2.1272859175855565,0.0,0,0.0,56.23116317817762,0.0,0.0,0.0
2026-10-12 01:54:00,17.046596604377825,2.1235407953954204,0.0,0,0.0,56.23276823054482,0.0,0.0,0.0
2026-10-12 01:55:00,17.03031288128597,2.1198504368422144,0.0,0,0.0,56.23434981278191,0.0,0.0,0.0
2026-10-12 01:56:00,17.014042956228767,2.1162149121850433,0.0,0,0.0,56.23590789477784,0.0,0.0,0.0
2026-10-12 01:57:00,16.997786874048124,2.112634290639058,0.0,0,0.0,56.237442446868975,0.0,0.0,0.0
2026-10-12 01:58:00,16.9815496431464,2.1091086403741306,0.0,0,0.0011065629759379192,56.238953439839655,0.18199628382371552,0.0,0.0
2026-10-12 01:59:00,16.96536743304513,2.1056380285135607,0.0,0,0.009225178426799374,56.24044084492276,1.6887608720142757,0.0,0.0
2026-10-12 02:00:00,16.949273979304976,2.102222521132795,0.0,0,0.017316283477434524,56.24190463380023,4.4324926708847645,0.0,0.0
2026-10-12 02:01:00,16.933300663912153,2.098862183258171,0.0,0,0.02536301034751176,56.24334477860364,8.32824077161434,0.0,0.0
2026-10-12 02:02:00,16.91747659541124,2.095557078865677,0.0,0,0.033349668043923586,56.24476125191471,13.293898368424845,0.0,0.0
2026-10-12 02:03:00,16.90182868866239,2.0923072708797363,0.0,0,0.04126170229437953,56.24615402676583,19.250192190088086,0.0,0.0
2026-10-12 02:04:00,16.88638174410899,2.0891128211720105,0.0,0,0.04908565566880441,56.24752307664057,26.12066774168431,0.0,0.0
2026-10-12 02:05:00,16.87115852644954,2.0859737905602156,0.0,0,0.0568091279455043,56.248868375474196,33.831670628734244,0.0,0.0
2026-10-12 02:06:00,16.85617984261432,2.08289023880697,0.0,0,0.06442073677522941,56.25018989765415,42.31232421427896,0.0,0.0
2026-10-12 02:07:00,16.841464618953985,2.0798622246186547,0.0,0,0.07191007869283972,56.251487618020576,51.49450384086283,0.0,0.0
2026-10-12 02:08:00,16.827029977553103,2.0768898056442944,0.0,0,0.07926769052300742,56.25276151186673,61.312807833347655,0.0,0.0
2026-10-12 02:09:00,16.81289131158733,2.0739730384744615,0.0,0,0.08648501122344854,56.25401155493952,71.70452548477175,0.0,0.0
2026-10-12 02:10:00,16.79906235964818,2.0711119786402,0.0,0,0.09355434420633557,56.25523772343991,82.60960221577442,0.0,0.0
2026-10-12 02:11:00,16.785555278964363,2.0683066806119634,0.0,0,0.10046882017591052,56.256439994023445,93.97060208818473,0.0,0.0
2026-10-12 02:12:00,16.77238071745341,2.065557197798583,0.0,0,0.10722236051781842,56.25761834380061,105.73266784498696,0.0,0.0
2026-10-12 02:13:00,16.759547884541924,2.0628635825462487,0.0,0,0.11380964127329563,56.25877275033732,117.84347864180444,0.0,0.0
2026-10-12 02:14:00,16.747064620697184,2.060225886137511,0.0,0,0.12022605772903816,56.259903191655354,130.253205629087,0.0,0.0
2026-10-12 02:15:00,16.734937465617083,2.0576441587903083,0.0,0,0.12646768965140787,56.26100964623272,142.91446553917197,0.0,0.0
2026-10-12 02:16:00,16.72317172502953,2.0551184496570083,0.0,0,0.13253126719145847,56.26209209300414,155.78227242813776,0.0,0.0
2026-10-12 02:17:00,16.711771536056546,2.0526488068234707,0.0,0,0.1384141374852348,56.26315051136137,168.8139877187491,0.0,0.0
2026-10-12 02:18:00,16.70073993110212,2.0502352773081363,0.0,0,0.14411423197172724,56.26418488115365,181.96926868765456,0.0,0.0
2026-10-12 02:19:00,16.690078900226908,2.0478779070611273,0.0,0,0.14963003444893985,56.26519518268809,195.21001553723912,0.0,0.0
2026-10-12 02:20:00,16.679789451976532,2.0455767409633756,0.0,0,0.15496054988654606,56.26618139672998,208.500317190038,0.0,0.0
2026-10-12 02:21:00,16.669871672634038,2.043331822825767,0.0,0,0.1601052740117339,56.267143504503245,221.80639594130088,0.0,0.0
2026-10-12 02:22:00,16.660324783870763,2.0411431953883055,0.0,0,0.16506416368298105,56.26808148769073,235.09655110307796,0.0,0.0
2026-10-12 02:23:00,16.65114719877337,2.039010900319304,0.0,0,0.16983760806461845,56.268995328434585,248.34110177100214,0.0,0.0
2026-10-12 02:24:00,16.64233657622847,2.0369349782145867,0.0,0,0.17442640061331538,56.269885009336605,261.51232884273037,0.0,0.0
2026-10-12 02:25:00,16.633889873649636,2.034915468596718,0.0,0,0.1788317118857652,56.27075051345855,274.5844164147057,0.0,0.0
2026-10-12 02:26:00,16.625803398035057,2.032952409914249,0.0,0,0.18305506317518194,56.27159182432246,287.5333926814981,0.0,0.0
2026-10-12 02:27:00,16.61807285534741,2.0310458395409894,0.0,0,0.1870983009824716,56.272408925911,300.3370704594266,0.0,0.0
2026-10-12 02:28:00,16.61069339821079,2.029195793775289,0.0,0,0.1909635723262948,56.273201802667735,312.9749874534449,0.0,0.0
2026-10-12 02:29:00,16.603659671922657,2.027402307839353,0.0,0,0.19465330089460586,56.27397043949742,325.42834638337075,0.0,0.0
2026-10-12 02:30:00,16.59696585878195,2.025665415878569,0.0,0,0.19817016403867171,56.27471482176633,337.6799550824415,0.0,0.0
2026-10-12 02:31:00,16.59060572073736,2.023985150960855,0.0,0,0.20151707060902524,56.27543493530249,349.71416667788304,0.0,0.0
2026-10-12 02:32:00,16.584572640362815,2.0223615450760337,0.0,0,0.2046971396313193,56.27613076639599,361.5168199596888,0.0,0.0
2026-10-12 02:33:00,16.578859660169844,2.0207946291352212,0.0,0,0.20771367981859257,56.276802301799194,373.0751800401168,0.0,0.0
2026-10-12 02:34:00,16.57345952026933,2.0192844329702377,0.0,0,0.21057016991507815,56.27744952872704,384.3778794025446,0.0,0.0
2026-10-12 02:35:00,16.56836469439761,2.017830985333041,0.0,0,0.21327023986533433,56.278072434857265,395.41485943427654,0.0,0.0
2026-10-12 02:36:00,16.563567424324344,2.0164343138951804,0.0,0,0.2158176528011957,56.27867100833064,406.17731253369004,0.0,0.0
2026-10-12 02:37:00,16.559059752662016,2.0150944452472648,0.0,0,0.2182162878378282,56.27924523775117,416.65762487776135,0.0,0.0
2026-10-12 02:38:00,16.554833554098952,2.0138114048984637,0.0,0,0.2204701236689921,56.27979511218637,426.8493199315312,0.0,0.0
2026-10-12 02:39:00,16.550880565079957,2.0125852172760146,0.0,0,0.22258322295052402,56.28032062116742,436.7470027764859,0.0,0.0
2026-10-12 02:40:00,16.547192411960573,2.011415905724763,0.0,0,0.22455971746002135,56.280821754689384,446.3463053301563,0.0,0.0
2026-10-12 02:41:00,16.543760637662746,2.010303492506716,0.0,0,0.22640379401971344,56.28129850321141,455.6438325244938,0.0,0.0
2026-10-12 02:42:00,16.540576726861417,2.009247998800616,0.0,0,0.2281196811686268,56.28175085765688,464.63710950579014,0.0,0.0
2026-10-12 02:43:00,16.537632129733083,2.008249444701543,0.0,0,0.2297116365692915,56.28217880941362,473.32452991409394,0.0,0.0
2026-10-12 02:44:00,16.534918284298758,2.007307849220527,0.0,0,0.23118393513345836,56.28258235033406,481.7053052952447,0.0,0.0
2026-10-12 02:45:00,16.53242663739512,2.00642323028419,0.0,0,0.23254085785062095,56.282961472735344,489.7794156938399,0.0,0.0
2026-10-12 02:46:00,16.53014866430869,2.005595604734399,0.0,0,0.2337866813024405,56.28331616939954,497.54756147066036,0.0,0.0
2026-10-12 02:47:00,16.528075887108983,2.004824988327954,0.0,0,0.23492566784565483,56.283646433573736,505.0111163833554,0.0,0.0
2026-10-12 02:48:00,16.526199891717425,2.0041113957362784,0.0,0,0.2359620564455085,56.28395225897017,512.1720819645201,0.0,0.0
2026-10-12 02:49:00,16.524512343749603,2.0034548405451478,0.0,0,0.23690005414128734,56.28423363976636,519.0330432267151,0.0,0.0
2026-10-12 02:50:00,16.52300500316905,2.0028553352544267,0.0,0,0.23774382812519868,56.28449057060524,525.5971257195021,0.0,0.0
2026-10-12 02:51:00,16.521669737791328,2.0023128912778314,0.0,0,0.23849749841547485,56.28472304659522,531.8679539591925,0.0,0.0
2026-10-12 02:52:00,16.520498535677522,2.001827518942713,0.0,0,0.23916513110433613,56.28493106331027,537.8496112477678,0.0,0.0
2026-10-12 02:53:00,16.51948351645659,2.0013992274898613,0.0,0,0.2397507321612391,56.28511461679006,543.546600893317,0.0,0.0
2026-10-12 02:54:00,16.51861694161618,2.001028025073328,0.0,0,0.24025824177170563,56.28527370354,548.9638088403826,0.0,0.0
2026-10-12 02:55:00,16.51789122380165,2.0007139187602725,0.0,0,0.24069152919190984,56.28540832053131,554.1064677147983,0.0,0.0
2026-10-12 02:56:00,16.51729893516292,2.000456914530826,0.0,0,0.24105438809917423,56.28551846520107,558.98012228396,0.0,0.0
2026-10-12 02:57:00,16.516832814788774,2.000257017277979,0.0,0,0.2413505324185401,56.285604135452296,563.5905963300044,0.0,0.0
2026-10-12 02:58:00,16.516485775267977,2.000114230807486,0.0,0,0.2415835926056129,56.28566532965394,567.9439609300705,0.0,0.0
2026-10-12 02:59:00,16.51625090841627,2.0000285578377968,0.0,0,0.24175711236601138,56.28570204664094,572.0465041347039,0.0,0.0
2026-10-12 03:00:00,16.516121490207976,2.0,0.0,0,0.2418745457918643,56.285714285714285,575.9047020325274,0.0,0.0
2026-10-12 03:01:00,16.516090984950477,2.0000285578377968,0.0,0,0.2419392548960122,56.28570204664094,579.5251911865519,0.0,0.0
2026-10-12 03:02:00,16.516153048739366,2.000114230807486,0.0,0,0.24195450752476155,56.28566532965394,582.9147424249315,0.0,0.0
2026-10-12 03:03:00,16.516301532231406,2.000257017277979,0.0,0,0.24192347563031724,56.285604135452296,586.0802359665881,0.0,0.0
2026-10-12 03:04:00,16.516530482771913,2.000456914530826,0.0,0,0.24184923388429702,56.28551846520107,589.0286378599243,0.0,0.0
2026-10-12 03:05:00,16.516834145912377,2.0007139187602725,0.0,0,0.2417347586140437,56.28540832053131,591.7669777108297,0.0,0.0
2026-10-12 03:06:00,16.517206966353488,2.001028025073328,0.0,0,0.24158292704381168,56.28527370354,594.3023276743425,0.0,0.0
2026-10-12 03:07:00,16.51764358834789,2.0013992274898613,0.0,0,0.24139651682325614,56.28511461679006,596.6417826826628,0.0,0.0
2026-10-12 03:08:00,16.518138855596195,2.001827518942713,0.0,0,0.24117820582605454,56.28493106331027,598.7924418807206,0.0,0.0
2026-10-12 03:09:00,16.518687810668915,2.0023128912778314,0.0,0,0.2409305722019024,56.28472304659522,600.7613912391721,0.0,0.0
2026-10-12 03:10:00,16.519285693986106,2.0028553352544267,0.0,0,0.2406560946655425,56.28449057060524,602.5556873135316,0.0,0.0
2026-10-12 03:11:00,16.519927942385547,2.0034548405451478,0.0,0,0.24035715300694704,56.28423363976636,604.1823421171381,0.0,0.0
2026-10-12 03:12:00,16.520610187309423,2.0041113957362784,0.0,0,0.24003602880722674,56.28395225897017,605.6483090747937,0.0,0.0
2026-10-12 03:13:00,16.52132825263844,2.004824988327954,0.0,0,0.23969490634528867,56.283646433573736,606.9604700231966,0.0,0.0
2026-10-12 03:14:00,16.522078152201374,2.005595604734399,0.0,0,0.2393358736807798,56.28331616939954,608.1256232237142,0.0,0.0
2026-10-12 03:15:00,16.52285608698708,2.00642323028419,0.0,0,0.23896092389931312,56.282961472735344,609.1504723525976,0.0,0.0
2026-10-12 03:16:00,16.523658442084972,2.007307849220527,0.0,0,0.23857195650646013,56.28258235033406,610.0416164334157,0.0,0.0
2026-10-12 03:17:00,16.524481783379,2.008249444701543,0.0,0,0.23817077895751382,56.28217880941362,610.8055406762873,0.0,0.0
2026-10-12 03:18:00,16.52532285401914,2.009247998800616,0.0,0,0.23775910831050062,56.28175085765688,611.4486081883985,0.0,0.0
2026-10-12 03:19:00,16.5261785706935,2.010303492506716,0.0,0,0.2373385729904296,56.28129850321141,611.977052520307,0.0,0.0
2026-10-12 03:20:00,16.52704601972297,2.011415905724763,0.0,0,0.2369107146532503,56.280821754689384,612.3969710126461,0.0,0.0
2026-10-12 03:21:00,16.52792245299961,2.012585217276015,0.0,0,0.23647699013851486,56.28032062116742,612.7143189080481,0.0,0.0
2026-10-12 03:22:00,16.528805283788774,2.0138114048984637,0.0,0,0.2360387735001943,56.27979511218637,612.9349041933926,0.0,0.0
2026-10-12 03:23:00,16.529692082414126,2.0150944452472648,0.0,0,0.235597358105613,56.27924523775117,613.0643831378543,0.0,0.0
2026-10-12 03:24:00,16.530580571843725,2.0164343138951804,0.0,0,0.235153958792937,56.27867100833064,613.1082564926614,0.0,0.0
2026-10-12 03:25:00,16.531468623194414,2.017830985333041,0.0,0,0.23470971407813757,56.278072434857265,613.0718663189875,0.0,0.0
2026-10-12 03:26:00,16.532354251170833,2.0192844329702377,0.0,0,0.23426568840279316,56.27744952872704,612.9603934109558,0.0,0.0
2026-10-12 03:27:00,16.53323560945447,2.0207946291352212,0.0,0,0.23382287441458338,56.276802301799194,612.7788552813612,0.0,0.0
2026-10-12 03:28:00,16.534110986057286,2.022361545076034,0.0,0,0.2333821952727657,56.27613076639599,612.5321046783819,0.0,0.0
2026-10-12 03:29:00,16.534978798653604,2.023985150960855,0.0,0,0.23294450697135716,56.27543493530249,612.22482860226,0.0,0.0
2026-10-12 03:30:00,16.53583758990308,2.025665415878569,0.0,0,0.23251060067319784,56.27471482176633,611.8615477916866,0.0,0.0
2026-10-12 03:31:00,16.536686022776745,2.027402307839353,0.0,0,0.23208120504846086,56.27397043949742,611.4466166504004,0.0,0.0
2026-10-12 03:32:00,16.537522875897434,2.029195793775289,0.0,0,0.2316569886116273,56.273201802667735,610.9842235853312,0.0,0.0
2026-10-12 03:33:00,16.538347038904913,2.0310458395409894,0.0,0,0.23123856205128313,56.272408925911,610.4783917284424,0.0,0.0
2026-10-12 03:34:00,16.53915750785552,2.0329524099142495,0.0,0,0.2308264805475435,56.27159182432246,609.9329800152924,0.0,0.0
2026-10-12 03:35:00,16.539953380665263,2.034915468596718,0.0,0,0.23042124607223968,56.27075051345855,609.3516845941992,0.0,0.0
2026-10-12 03:36:00,16.54073385260461,2.0369349782145867,0.0,0,0.23002330966736828,56.269885009336605,608.7380405407771,0.0,0.0
2026-10-12 03:37:00,16.541498211852666,2.0390109003193047,0.0,0,0.2296330736976948,56.268995328434585,608.0954238535086,0.0,0.0
2026-10-12 03:38:00,16.54224583511762,2.0411431953883055,0.0,0,0.22925089407366706,56.26808148769073,607.4270537069087,0.0,0.0
2026-10-12 03:39:00,16.542976183329838,2.043331822825767,0.0,0,0.22887708244119054,56.267143504503245,606.7359949397411,0.0,0.0
2026-10-12 03:40:00,16.543688797413346,2.045576740963376,0.0,0,0.22851190833508106,56.26618139672998,606.0251607566428,0.0,0.0
2026-10-12 03:41:00,16.544383294140847,2.0478779070611273,0.0,0,0.22815560129332724,56.26519518268809,605.2973156224131,0.0,0.0
2026-10-12 03:42:00,16.545059362076913,2.0502352773081363,0.0,0,0.22780835292957669,56.26418488115365,604.5550783291102,0.0,0.0
2026-10-12 03:43:00,16.545716757613462,2.0526488068234707,0.0,0,0.22747031896154368,56.26315051136137,603.8009252169859,0.0,0.0
2026-10-12 03:44:00,16.546355301101087,2.0551184496570083,0.0,0,0.22714162119326886,56.26209209300414,603.0371935311575,0.0,0.0
2026-10-12 03:45:00,16.54697487307939,2.0576441587903087,0.0,0,0.22682234944945634,56.26100964623272,602.2660848967839,0.0,0.0
2026-10-12 03:46:00,16.54757541060899,2.0602258861375113,0.0,0,0.22651256346030557,56.259903191655354,601.4896688963582,0.0,0.0
2026-10-12 03:47:00,16.548156903707472,2.0628635825462487,0.0,0,0.22621229469550563,56.25877275033732,600.7098867335645,0.0,0.0
2026-10-12 03:48:00,16.54871939189109,2.065557197798583,0.0,0,0.22592154814626397,56.25761834380061,599.9285549689645,0.0,0.0
2026-10-12 03:49:00,16.5492629608237,2.0683066806119634,0.0,0,0.2256403040544548,56.256439994023445,599.1473693135835,0.0,0.0
2026-10-12 03:50:00,16.549787739074063,2.0711119786402,0.0,0,0.22536851958814985,56.25523772343991,598.3679084672457,0.0,0.0
2026-10-12 03:51:00,16.550293894982207,2.073973038474462,0.0,0,0.22510613046296868,56.25401155493952,597.5916379892726,0.0,0.0
2026-10-12 03:52:00,16.55078163363538,2.076889805644295,0.0,0,0.2248530525088963,56.25276151186673,596.8199141899071,0.0,0.0
2026-10-12 03:53:00,16.55125119395368,2.0798622246186547,0.0,0,0.22460918318230938,56.251487618020576,596.0539880315442,0.0,0.0
2026-10-12 03:54:00,16.551702845885234,2.0828902388069706,0.0,0,0.2243744030231607,56.25018989765415,595.2950090295557,0.0,0.0
2026-10-12 03:55:00,16.552136887710603,2.0859737905602156,0.0,0,0.22414857705738278,56.248868375474196,594.5440291431761,0.0,0.0
2026-10-12 03:56:00,16.552553643455678,2.089112821172011,0.0,0,0.22393155614469862,56.24752307664057,593.8020066475784,0.0,0.0
2026-10-12 03:57:00,16.552953460412294,2.092307270879737,0.0,0,0.22372317827216115,56.24615402676583,593.0698099789022,0.0,0.0
2026-10-12 03:58:00,16.55333670676546,2.095557078865677,0.0,0,0.22352326979385317,56.24476125191471,592.3482215446166,0.0,0.0
2026-10-12 03:59:00,16.553703769325967,2.098862183258171,0.0,0,0.2233316466172699,56.24334477860364,591.6379414921907,0.0,0.0
2026-10-12 04:00:00,16.554055051366927,2.1022225211327954,0.0,0,0.2231481153370165,56.24190463380023,590.9395914296141,0.0,0.0
2026-10-12 04:01:00,16.554390970562682,2.1056380285135607,0.0,0,0.22297247431653666,56.24044084492276,590.2537180918614,0.0,0.0
2026-10-12 04:02:00,16.554711957028328,2.1091086403741306,0.0,0,0.2228045147186588,56.238953439839655,589.5807969479195,0.0,0.0
2026-10-12 04:03:00,16.555018451458,2.1126342906390585,0.0,0,0.22264402148583606,56.237442446868975,588.9212357434993,0.0,0.0
2026-10-12 04:04:00,16.55531090335993,2.1162149121850433,0.0,0,0.22249077427099984,56.23590789477784,588.2753779750384,0.0,0.0
2026-10-12 04:05:00,16.555589769386213,2.119850436842214,0.0,0,0.22234454832003436,56.23434981278191,587.6435062910605,0.0,0.0
2026-10-12 04:06:00,16.555855511755063,2.123540795395421,0.0,0,0.22220511530689357,56.23276823054482,587.0258458173984,0.0,0.0
2026-10-12 04:07:00,16.55610859676333,2.1272859175855565,0.0,0,0.22207224412246873,56.23116317817762,586.4225674032041,0.0,0.0
2026-10-12 04:08:00,16.55634949338694,2.1310857321108934,0.0,0,0.22194570161833482,56.22953468623819,585.8337907850718,0.0,0.0
2026-10-12 04:09:00,16.556578671966847,2.13494016662844,0.0,0,0.22182525330653036,56.22788278573067,585.2595876669727,0.0,0.0
2026-10-12 04:10:00,16.55679660297809,2.13884914775532,0.0,0,0.2217106640165767,56.226207508104864,584.6999847140634,0.0,0.0
2026-10-12 04:11:00,16.55700375587943,2.142812601070165,0.0,0,0.22160169851095546,56.224508885255645,584.154966458766,0.0,0.0
2026-10-12 04:12:00,16.55720059804108,2.1468304511145395,0.0,0,0.22149812206028585,56.22278694952234,583.6244781178409,0.0,0.0
2026-10-12 04:13:00,16.557387593747997,2.150902621394369,0.0,0,0.22139970097945927,56.221041733688125,583.1084283194735,0.0,0.0
2026-10-12 04:14:00,16.557565203276134,2.155029034381402,0.0,0,0.22130620312600158,56.2192732709794,582.6066917396819,0.0,0.0
2026-10-12 04:15:00,16.557733882039148,2.159209611514683,0.0,0,0.221217398361933,56.21748159506514,582.1191116476164,0.0,0.0
2026-10-12 04:16:00,16.55789407980295,2.163444273202049,0.0,0,0.2211330589804259,56.215666740056264,581.6455023595786,0.0,0.0
2026-10-12 04:17:00,16.558046239965563,2.1677329388216475,0.0,0,0.22105296009852538,56.21382874050501,581.1856516018146,0.0,0.0
2026-10-12 04:18:00,16.558190798899727,2.1720755267234653,0.0,0,0.2209768800172185,56.21196763140423,580.7393227823578,0.0,0.0
2026-10-12 04:19:00,16.5583281853557,2.1764719542308884,0.0,0,0.22090460055013672,56.210083448186765,580.3062571724028,0.0,0.0
2026-10-12 04:20:00,16.55845881992177,2.1809221376422747,0.0,0,0.22083590732215086,56.20817622672474,579.8861759978752,0.0,0.0
2026-10-12 04:21:00,16.558583114539985,2.1854259922325476,0.0,0,0.22077059003911437,56.20624600332891,579.4787824420398,0.0,0.0
2026-10-12 04:22:00,16.55870147207459,2.1899834322548077,0.0,0,0.22070844273000745,56.20429281474794,579.0837635601487,0.0,0.0
2026-10-12 04:23:00,16.558814285930826,2.1945943709419646,0.0,0,0.2206492639627058,56.20231669816773,578.700792107278,0.0,0.0
2026-10-12 04:24:00,16.558921939721653,2.199258720508395,0.0,0,0.2205928570345872,56.200317691210685,578.3295282806387,0.0,0.0
2026-10-12 04:25:00,16.559024806980062,2.203976392151605,0.0,0,0.22053903013917342,56.19829583193503,577.9696213777678,0.0,0.0
2026-10-12 04:26:00,16.559123250914656,2.2087472960539265,0.0,0,0.22048759650996885,56.19625115883403,577.6207113721167,0.0,0.0
2026-10-12 04:27:00,16.559217624206287,2.2135713413842275,0.0,0,0.22043837454267212,56.19418371083533,577.282430407658,0.0,0.0
2026-10-12 04:28:00,16.559308268843505,2.2184484362996373,0.0,0,0.22039118789685652,56.19209352730016,576.9544042142161,0.0,0.0
2026-10-12 04:29:00,16.559395515994673,2.223378487947301,0.0,0,0.2203458655782473,56.18998064802258,576.63625344531,0.0,0.0
2026-10-12 04:30:00,16.559479685914653,2.22836140246614,0.0,0,0.22030224200266346,56.187845113228796,576.3275949403667,0.0,0.0
2026-10-12 04:31:00,16.559561087884003,2.233397084988644,0.0,0,0.22026015704267365,56.185686963576295,576.0280429132216,0.0,0.0
2026-10-12 04:32:00,16.55964002017871,2.238485439642679,0.0,0,0.22021945605799864,56.183506240153136,575.7372100688782,0.0,0.0
2026-10-12 04:33:00,16.559716770068494,2.243626369553305,0.0,0,0.2201799899106458,56.181302984477156,575.4547086505404,0.0,0.0
2026-10-12 04:34:00,16.55979161384186,2.248819776844628,0.0,0,0.2201416149657529,56.17907723849516,575.1801514189688,0.0,0.0
2026-10-12 04:35:00,16.559864816855992,2.254065562641659,0.0,0,0.22010419307907014,56.17682904458215,574.9131525662398,0.0,0.0
2026-10-12 04:36:00,16.559936633609848,2.2593636270721977,0.0,0,0.22006759157200406,56.174558445540484,574.6533285660108,0.0,0.0
2026-10-12 04:37:00,16.56000730783863,2.2647138692687343,0.0,0,0.22003168319507616,56.172265484599116,574.4002989624054,0.0,0.0
2026-10-12 04:38:00,16.56007707262811,2.2701161873703706,0.0,0,0.2199963460806842,56.1699502054127,574.1536870996473,0.0,0.0
2026-10-12 04:39:00,16.560146150547123,2.275570478524757,0.0,0,0.21996146368594438,56.16761265206082,573.9131207945724,0.0,0.0
2026-10-12 04:40:00,16.560214753796792,2.2810766388900503,0.0,0,0.2199269247264386,56.16525286904712,573.6782329541453,0.0,0.0
2026-10-12 04:41:00,16.560283084374984,2.2866345636368965,0.0,0,0.21989262310160385,56.162870901298476,573.4486621401032,0.0,0.0
2026-10-12 04:42:00,16.560351334254598,2.2922441469504173,0.0,0,0.21985845781250823,56.16046679416411,573.2240530828363,0.0,0.0
2026-10-12 04:43:00,16.560419685574352,2.2979052820322363,0.0,0,0.21982433287270098,56.15804059341475,573.0040571465975,0.0,0.0
2026-10-12 04:44:00,16.560488310840785,2.3036178611024996,0.0,0,0.2197901572128238,56.155592345241786,572.7883327481162,0.0,0.0
2026-10-12 04:45:00,16.560557373140234,2.3093817754019357,0.0,0,0.21975584457960728,56.15312209625631,572.5765457306674,0.0,0.0
2026-10-12 04:46:00,16.56062702635963,2.3151969151939245,0.0,0,0.21972131342988277,56.150629893488315,572.3683696956163,0.0,0.0
2026-10-12 04:47:00,16.560697415414985,2.321063169766589,0.0,0,0.21968648682018532,56.148115784385745,572.1634862934364,0.0,0.0
2026-10-12 04:48:00,16.56076867648654,2.326980427434897,0.0,0,0.21965129229250735,56.145579816813616,571.9615854761576,0.0,0.0
2026-10-12 04:49:00,16.560840937259506,2.3329485755427912,0.0,0,0.21961566175673042,56.143022039053086,571.7623657131704,0.0,0.0
2026-10-12 04:50:00,16.56091431716952,2.3389675004653347,0.0,0,0.21957953137024688,56.14044249980057,571.5655341722753,0.0,0.0
2026-10-12 04:51:00,16.560988927651852,2.345037087610874,0.0,0,0.21954284141524028,56.137841248166765,571.3708068678216,0.0,0.0
2026-10-12 04:52:00,16.56106487239354,2.35115722142322,0.0,0,0.21950553617407387,56.135218333675766,571.1779087777434,0.0,0.0
2026-10-12 04:53:00,16.561142247587654,2.3573277853838435,0.0,0,0.21946756380322974,56.13257380626407,570.9865739312551,0.0,0.0
2026-10-12 04:54:00,16.56122114218891,2.363548662014104,0.0,0,0.21942887620617313,56.12990771627967,570.7965454689223,0.0,0.0
2026-10-12 04:55:00,16.561301638169937,2.3698197328774775,0.0,0,0.21938942890554536,56.127220114481084,570.6075756767812,0.0,0.0
2026-10-12 04:56:00,16.561383810777553,2.376140878581813,0.0,0,0.21934918091503164,56.12451105203637,570.4194259961312,0.0,0.0
2026-10-12 04:57:00,16.56146772878839,2.3825119787816087,0.0,0,0.21930809461122358,56.12178058052217,570.2318670105766,0.0,0.0
2026-10-12 04:58:00,16.561553454763324,2.3889329121803007,0.0,0,0.219266135605805,56.11902875192273,570.0446784118457,0.0,0.0
2026-10-12 04:59:00,16.561641045300142,2.3954035565325738,0.0,0,0.21922327261833807,56.1162556186289,569.8576489458674,0.0,0.0
2026-10-12 05:00:00,16.56173055128399,2.401923788646684,0.0,0,0.21917947734992893,56.113461233437135,569.6705763405353,0.0,0.0
2026-10-12 05:01:00,16.5618220181351,2.4084934843868124,0.0,0,0.21913472435800507,56.11064564954851,569.4832672165385,0.0,0.0
2026-10-12 05:02:00,16.561915486053397,2.415112518675423,0.0,0,0.21908899093245005,56.10780892056768,569.2955369825908,0.0,0.0
2026-10-12 05:03:00,16.562010990259598,2.421780765495642,0.0,0,0.21904225697330126,56.104951100501864,569.1072097163386,0.0,0.0
2026-10-12 05:04:00,16.56210856123244,2.4284980978936628,0.0,0,0.2189945048702011,56.10207224375986,568.9181180321801,0.0,0.0
2026-10-12 05:05:00,16.562208224941724,2.43526438798116,0.0,0,0.2189457193837807,56.09917240515093,568.7281029371761,0.0,0.0
2026-10-12 05:06:00,16.562310003076888,2.4420795069377235,0.0,0,0.21889588752913802,56.09625163988383,568.5370136761883,0.0,0.0
2026-10-12 05:07:00,16.562413913270838,2.4489433250133117,0.0,0,0.21884499846155592,56.093310003565726,568.3447075673286,0.0,0.0
2026-10-12 05:08:00,16.562519969318814,2.455855711530722,0.0,0,0.21879304336458105,56.090347552201116,568.1510498287569,0.0,0.0
2026-10-12 05:09:00,16.562628181392103,2.4628165348880806,0.0,0,0.21874001534059317,56.087364342190824,567.9559133978179,0.0,0.0
2026-10-12 05:10:00,16.562738556246384,2.4698256625613437,0.0,0,0.21868590930394838,56.084360430330854,567.7591787434588,0.0,0.0
2026-10-12 05:11:00,16.56285109742458,2.476882961106823,0.0,0,0.2186307218768082,56.08133587381136,567.5607336728284,0.0,0.0
2026-10-12 05:12:00,16.562965805454102,2.4839882961637274,0.0,0,0.2185744512877097,56.07829073021554,567.3604731329071,0.0,0.0
2026-10-12 05:13:00,16.563082678038324,2.491141532456721,0.0,0,0.2185170972729491,56.07522505751855,567.1582990079796,0.0,0.0
2026-10-12 05:14:00,16.563201710242254,2.498342533798496,0.0,0,0.2184586609808381,56.07213891408636,566.9541199137126,0.0,0.0
2026-10-12 05:15:00,16.563322894672325,2.505591163092365,0.0,0,0.21839914487887313,56.069032358674704,566.7478509885648,0.0,0.0
2026-10-12 05:16:00,16.563446221650228,2.512887282334875,0.0,0,0.2183385526638375,56.06590545042791,566.5394136832077,0.0,0.0
2026-10-12 05:17:00,16.563571679380793,2.520230752618434,0.0,0,0.21827688917488608,56.06275824887781,566.3287355486025,0.0,0.0
2026-10-12 05:18:00,16.56369925411389,2.5276214341339536,0.0,0,0.2182141603096035,56.05959081394259,566.115750023334,0.0,0.0
2026-10-12 05:19:00,16.56382893030034,2.535059186173509,0.0,0,0.21815037294305561,56.05640320592564,565.9003962207685,0.0,0.0
2026-10-12 05:20:00,16.56396069074188,2.5425438671330243,0.0,0,0.2180855348498305,56.053195485514415,565.6826187165626,0.0,0.0
2026-10-12 05:21:00,16.56409451673519,2.5500753345149634,0.0,0,0.21801965462906026,56.0499677137793,565.4623673370174,0.0,0.0
2026-10-12 05:22:00,16.564230388210003,2.5576534449310424,0.0,0,0.21795274163240563,56.04671995217241,565.2395969487344,0.0,0.0
2026-10-12 05:23:00,16.564368283861434,2.5652780541049633,0.0,0,0.21788480589499848,56.04345226252644,565.0142672500006,0.0,0.0
2026-10-12 05:24:00,16.564508181276477,2.572949016875158,0.0,0,0.21781585806928305,56.040164707053506,564.7863425642921,0.0,0.0
2026-10-12 05:25:00,16.564650057054834,2.5806661871975525,0.0,0,0.21774590936176175,56.03685734834391,564.5557916362616,0.0,0.0
2026-10-12 05:26:00,16.564793886924132,2.588429418148348,0.0,0,0.21767497147258297,56.03353024936499,564.3225874305388,0.0,0.0
2026-10-12 05:27:00,16.5649396458496,2.5962385619268176,0.0,0,0.21760305653793388,56.030183473459935,564.0867069336474,0.0,0.0
2026-10-12 05:28:00,16.565087308138317,2.604093469858122,0.0,0,0.21753017707520073,56.02681708434652,563.8481309593153,0.0,0.0
2026-10-12 05:29:00,16.565236847538163,2.611993992396134,0.0,0,0.21745634593084162,56.02343114611594,563.6068439574256,0.0,0.0
2026-10-12 05:30:00,16.56893326458287,2.6199399791262947,0.0,0,1.0,56.02002572323159,693.3471663757356,0.0,0.0
2026-10-12 05:31:00,16.57594306541512,2.62793127876847,0.0,0,1.0,56.0166008805278,814.6661099484785,0.0,0.0
2026-10-12 05:32:00,16.58604713362765,2.635967739179834,0.0,0,1.0,56.01315668320864,928.0815141754642,0.0,0.0
2026-10-12 05:33:00,16.599039849321816,2.644049207357766,0.0,0,1.0,56.00969319684667,1034.079492503613,0.0,0.0
2026-10-12 05:34:00,16.61472826217937,2.6521755294427583,0.0,0,1.0,56.00621048738167,1133.1163775721345,0.0,0.0
2026-10-12 05:35:00,16.632931315226486,2.6603465507213544,0.0,0,1.0,56.00270862111942,1225.6205468526257,0.0,0.0
2026-10-12 05:36:00,16.65347911617466,2.6685621156290873,0.0,0,1.0,55.99918766473039,1311.9941360835865,0.0,0.0
2026-10-12 05:37:00,16.676212253415525,2.6768220677534433,0.0,0,1.0,55.99564768524852,1392.6146474352452,0.0,0.0
2026-10-12 05:38:00,16.70098115392726,2.6851262498368396,0.0,0,1.0,55.992088750069925,1467.8364589067635,0.0,0.0
2026-10-12 05:39:00,16.72764548051942,2.6934745037796217,0.0,0,1.0,55.98851092695159,1537.992241051837,0.0,0.0
2026-10-12 05:40:00,16.75607356600179,2.701866670643067,0.0,0,1.0,55.98491428401012,1603.3942867485814,0.0,0.0
2026-10-12 05:41:00,16.7861418820116,2.7103025906524145,0.0,0,1.0,55.98129888972039,1664.3357593736569,0.0,0.0
2026-10-12 05:42:00,16.817734540373092,2.7187821031999073,0.0,0,1.0,55.97766481291433,1721.0918644072347,0.0,0.0
2026-10-12 05:43:00,16.850742824994242,2.7273050468478517,0.0,0,1.0,55.97401212277949,1773.9209491831705,0.0,0.0
2026-10-12 05:44:00,16.885064752428235,2.735871259331685,0.0,0,1.0,55.97034088885785,1823.0655352062283,0.0,0.0
2026-10-12 05:45:00,16.920604659342494,2.7444805775630683,0.0,0,1.0,55.9666511810444,1868.7532871841158,0.0,0.0
2026-10-12 05:46:00,16.957272815246046,2.7531328376329935,0.0,0,1.0,55.96294306958586,1911.1979226652415,0.0,0.0
2026-10-12 05:47:00,16.99498505892737,2.7618278748149017,0.0,0,1.0,55.95921662507933,1950.600065932386,0.0,0.0
2026-10-12 05:48:00,17.033662457149983,2.770565523567818,0.0,0,1.0,55.955471918470934,1987.1480495768337,0.0,0.0
2026-10-12 05:49:00,17.07323098424221,2.7793456175395037,0.0,0,1.0,55.9517090210545,2021.0186669659886,0.0,0.0
2026-10-12 05:50:00,17.11362122130127,2.7881679895696276,0.0,0,1.0,55.94792800447016,2052.3778786191842,0.0,0.0
2026-10-12 05:51:00,17.154768073810438,2.797032471692943,0.0,0,1.0,55.944128940703024,2081.3814753204474,0.0,0.0
2026-10-12 05:52:00,17.1966105065416,2.8059388951424884,0.0,0,1.0,55.94031190208179,2108.1757006226153,0.0,0.0
2026-10-12 05:53:00,17.239091294684858,2.8148870903527987,0.0,0,1.0,55.93647696127737,2132.897835233676,0.0,0.0
2026-10-12 05:54:00,17.2821567902116,2.823876886963138,0.0,0,1.0,55.932624191301514,2155.676745622852,0.0,0.0
2026-10-12 05:55:00,17.32575670253845,2.8329081138207335,0.0,0,1.0,55.9287536655054,2176.633399040095,0.0,0.0
2026-10-12 05:56:00,17.3698438926166,2.841980598984047,0.0,0,1.0,55.924865457578264,2195.8813470077253,0.0,0.0
2026-10-12 05:57:00,17.414374179624804,2.8510941697260375,0.0,0,1.0,55.920959641545984,2213.5271792163985,0.0,0.0
2026-10-12 05:58:00,17.459306159494496,2.8602486525374555,0.0,0,1.0,55.91703629176966,2229.6709496388194,0.0,0.0
2026-10-12 05:59:00,17.504601034542915,2.8694438731301446,0.0,0,1.0,55.91309548294422,2244.4065765632386,0.0,0.0
2026-10-12 06:00:00,17.550222453534374,2.8786796564403576,0.0,0,1.0,55.90913729009699,2257.8222181442397,0.0,0.0
2026-10-12 06:01:00,17.59613636153149,2.8879558266320946,0.0,0,1.0,55.90516178858625,2270.00062497027,0.0,0.0
2026-10-12 06:02:00,17.642310858937254,2.897272207100447,0.0,0,1.0,55.90116905409981,2281.0194710553337,0.0,0.0
2026-10-12 06:03:00,17.688716069165547,2.90662862047496,0.0,0,1.0,55.89715916265359,2290.951664575939,0.0,0.0
2026-10-12 06:04:00,17.735324014412047,2.916024888623008,0.0,0,1.0,55.89313219059014,2299.865639593352,0.0,0.0
2026-10-12 06:05:00,17.782108499029906,2.925460832653192,0.0,0,1.0,55.88908821457721,2307.8256299251766,0.0,0.0
2026-10-12 06:06:00,17.829045000044847,2.934936272918738,0.0,0,1.0,55.88502731160626,2314.8919262589216,0.0,0.0
2026-10-12 06:07:00,17.87611056437282,2.9444510290209234,0.0,0,1.0,55.880949558991034,2321.121117533253,0.0,0.0
2026-10-12 06:08:00,17.92328371233011,2.9540049198125047,0.0,0,1.0,55.876855034366066,2326.566317549765,0.0,0.0
2026-10-12 06:09:00,17.970544347050893,2.963597763401175,0.0,0,1.0,55.87274381568521,2331.2773777191264,0.0,0.0
2026-10-12 06:10:00,18.017873669450733,2.9732293771530203,0.0,0,1.0,55.86861598122013,2335.3010867900866,0.0,0.0
2026-10-12 06:11:00,18.06525409839676,2.982899577695996,0.0,0,1.0,55.86447160955886,2338.681358357859,0.0,0.0
2026-10-12 06:12:00,18.11266919576587,2.9926081809234253,0.0,0,1.0,55.86031077960425,2341.4594068996275,0.0,0.0
2026-10-12 06:13:00,18.16010359609192,3.0023550019974974,0.0,0,1.0,55.8561335705725,2343.6739130391356,0.0,0.0
2026-10-12 06:14:00,18.207542940521094,3.012139855352788,0.0,0,1.0,55.85194006199166,2345.3611786993456,0.0,0.0
2026-10-12 06:15:00,18.254973814811883,3.0219625546997935,0.0,0,1.0,55.84773033370009,2346.55527276181,0.0,0.0
2026-10-12 06:16:00,18.302383691132125,3.0318229130284777,0.0,0,1.0,55.84350446584494,2347.288167813541,0.0,0.0
2026-10-12 06:17:00,18.349760873420827,3.0417207426118322,0.0,0,1.0,55.83926253888065,2347.589868526612,0.0,0.0
2026-10-12 06:18:00,18.397094446096624,3.0516558550094492,0.0,0,1.0,55.83500463356738,2347.4885321823626,0.0,0.0
2026-10-12 06:19:00,18.44437422590807,3.061628061071108,0.0,0,1.0,55.83073083096953,2347.0105818207526,0.0,0.0
2026-10-12 06:20:00,18.491590716733544,3.071637170940381,0.0,0,1.0,55.82644121245412,2346.180812466013,0.0,0.0
2026-10-12 06:21:00,18.538735067150228,3.081682994058246,0.0,0,1.0,55.822135859689325,2345.0224908521327,0.0,0.0
2026-10-12 06:22:00,18.585799030602768,3.0917653391667086,0.0,0,1.0,55.81781485464284,2343.5574490458175,0.0,0.0
2026-10-12 06:23:00,18.632774928012456,3.1018840143124518,0.0,0,1.0,55.81347827958038,2341.806172340216,0.0,0.0
2026-10-12 06:24:00,18.67965561267764,3.112038826850488,0.0,0,1.0,55.809126217064076,2339.7878817698934,0.0,0.0
2026-10-12 06:25:00,18.7264344373251,3.1222295834478238,0.0,0,1.0,55.804758749950935,2337.520611576072,0.0,0.0
2026-10-12 06:26:00,18.773105223180778,3.1324560900871417,0.0,0,1.0,55.800375961391225,2335.021281931052,0.0,0.0
2026-10-12 06:27:00,18.819662230936252,3.142718152070498,0.0,0,1.0,55.79597793482693,2332.3057672118125,0.0,0.0
2026-10-12 06:28:00,18.86610013349494,3.153015574023025,0.0,0,1.0,55.79156475399013,2329.388960095073,0.0,0.0
2026-10-12 06:29:00,18.912413990389087,3.163348159896653,0.0,0,1.0,55.78713650290143,2326.284831729424,0.0,0.0
2026-10-12 06:30:00,18.958599223765304,3.173715712973838,0.0,0,1.0,55.78269326586835,2323.0064882245174,0.0,0.0
2026-10-12 06:31:00,19.00465159584258,3.1841180358713173,0.0,0,1.0,55.77823512748372,2319.5662236826192,0.0,0.0
2026-10-12 06:32:00,19.05055792652063,3.194554930543855,0.0,0,0.9976742020787093,55.77376217262406,2315.635991473667,0.0,0.0
2026-10-12 06:33:00,19.09622406249486,3.205026198288024,0.0,0,0.9747210367396857,55.76927448644799,2308.2462548511203,0.0,0.0
2026-10-12 06:34:00,19.14156302699539,3.2155316397459766,0.0,0,0.9518879687525708,55.764772154394585,2297.656395262675,0.0,0.0
2026-10-12 06:35:00,19.186494736607788,3.2260710549092524,0.0,0,0.9292184865023057,55.76025526218175,2284.1156980048054,0.0,0.0
2026-10-12 06:36:00,19.23094571802626,3.236644243122581,0.0,0,0.9067526316961061,55.75572389580461,2267.8633384166437,0.0,0.0
2026-10-12 06:37:00,19.274848825767545,3.2472510030876975,0.0,0,0.8845271409868705,55.75117814153384,2249.1284057780163,0.0,0.0
2026-10-12 06:38:00,19.318142961791132,3.2578911328671807,0.0,0,0.8625755871162273,55.746618085914065,2228.129961914139,0.0,0.0
2026-10-12 06:39:00,19.360772797888906,3.2685644298882996,0.0,0,0.840928519104434,55.74204381576216,2205.0771315278566,0.0,0.0
2026-10-12 06:40:00,19.402688501626578,3.2792706909468627,0.0,0,0.819613601055547,55.73745541816563,2180.1692213256597,0.0,0.0
2026-10-12 06:41:00,19.443845466540086,3.290009712211091,0.0,0,0.798655749186711,55.73285298048096,2153.595865071952,0.0,0.0
2026-10-12 06:42:00,19.484204047213744,3.300781289225501,0.0,0,0.7780772667299569,55.72823659033193,2125.537191793355,0.0,0.0
2026-10-12 06:43:00,19.523729299793175,3.3115852169147955,0.0,0,0.757897976393128,55.72360633560795,2096.164014457776,0.0,0.0
2026-10-12 06:44:00,19.562390728415725,3.32242128958776,0.0,0,0.7381353501034127,55.71896230446239,2065.6380365683685,0.0,0.0
2026-10-12 06:45:00,19.600162037974048,3.333289300941193,0.0,0,0.7188046357921376,55.71430458531092,2034.1120742374542,0.0,0.0
2026-10-12 06:46:00,19.63702089356535,3.3441890440638247,0.0,0,0.699918981012976,55.70963326682979,2001.7302914374554,0.0,0.0
2026-10-12 06:47:00,19.672948686919284,3.355120311440259,0.0,0,0.6814895532173253,55.70494843795417,1968.6284462625601,0.0,0.0
2026-10-12 06:48:00,19.707930310041892,3.3660828949549195,0.0,0,0.663525656540358,55.70025018787646,1934.9341461742026,0.0,0.0
2026-10-12 06:49:00,19.74195393626129,3.3770765858960186,0.0,0,0.6460348449790541,55.695538606044565,1900.767110343739,0.0,0.0
2026-10-12 06:50:00,19.775010808812926,3.388101174959528,0.0,0,0.6290230318693553,55.690813782160205,1866.2394373453928,0.0,0.0
2026-10-12 06:51:00,19.807095037058232,3.3991564522531657,0.0,0,0.612494595593537,55.686075806177215,1831.455876590344,0.0,0.0
2026-10-12 06:52:00,19.83820340039016,3.4102422073003855,0.0,0,0.5964524814708838,55.68132476829984,1796.5141020276424,0.0,0.0
2026-10-12 06:53:00,19.86833515984238,3.421358229044391,0.0,0,0.5808982998049199,55.676560758980976,1761.5049867685368,0.0,0.0
2026-10-12 06:54:00,19.897491877385768,3.4325043058521536,0.0,0,0.5658324200788094,55.67178386892051,1726.5128774170876,0.0,0.0
2026-10-12 06:55:00,19.92567724286585,3.4436802255184364,0.0,0,0.551254061307116,55.66699418906353,1691.6158670109996,0.0,0.0
2026-10-12 06:56:00,19.952896908508254,3.4548857752698385,0.0,0,0.5371613785670757,55.66219181059864,1656.886065592019,0.0,0.0
2026-10-12 06:57:00,19.979158330895483,3.466120741768844,0.0,0,0.5235515457458728,55.65737682495621,1622.389867534675,0.0,0.0
2026-10-12 06:58:00,20.00447062029751,3.477384911117887,0.0,0,0.5104208345522583,55.65254932380662,1588.1882148654063,0.0,0.0
2026-10-12 06:59:00,20.02884439722052,3.4886780688634227,0.0,0,0.49776468985124467,55.647709399058535,1554.3368559010469,0.0,0.0
2026-10-12 07:00:00,20.04087503293507,3.500000000000001,0.0,0,0.4855778013897396,55.642857142857146,1520.8865986262667,0.0,21.0
2026-10-12 07:01:00,20.05228387939426,3.511350488974375,1.5707891494258683,0,0.4795624835324652,55.63799264758241,1488.7073556325029,0.0,21.0
2026-10-12 07:02:00,20.06310577832507,3.5227293196895992,3.141535234873727,0,0.47385806030287014,55.63311600584731,1457.7634305544466,0.0,21.0
2026-10-12 07:03:00,20.073374517666924,3.5341362755091357,4.712195193546185,0,0.4684471108374648,55.62822731049609,1428.0187331142904,0.0,21.0
2026-10-12 07:04:00,20.083122826045734,3.545571139260989,6.2827259650070655,0,0.4633127411665381,55.62332665460244,1399.4369015973964,0.0,21.0
2026-10-12 07:05:00,20.09238237034131,3.5570336932418365,7.853084492361917,0,0.4584385869771328,55.61841413146779,1371.9814159063608,0.0,21.0
2026-10-12 07:06:00,20.101183756100045,3.5685237192211745,9.423227723438455,0,0.45380881482934576,55.6134898346195,1345.615701722822,0.0,21.0
2026-10-12 07:07:00,20.10955653055918,3.58004099844547,10.993112611966843,0,0.44940812194997726,55.608553857809085,1320.303226282997,0.0,21.0
2026-10-12 07:08:00,20.117529188062328,3.591585311642328,12.562696118759927,0,0.4452217347204108,55.60360629501043,1296.0075862498852,0.0,21.0
2026-10-12 07:09:00,20.125129177659133,3.6031564390246666,14.131935212892833,0,0.44123540596883615,55.598647240418,1272.6925881424781,0.0,21.0
2026-10-12 07:10:00,20.132382912694037,3.6147541602948987,15.700786872883178,0,0.4374354111704335,55.593676788445045,1250.3223217602408,0.0,21.0
2026-10-12 07:11:00,20.139315782201006,3.626378254649129,17.269208087870204,0,0.43380854365298127,55.588695033721805,1228.8612270196716,0.0,21.0
2026-10-12 07:12:00,20.14595216393207,3.6380285007813598,18.837155858794027,0,0.430342108899497,55.583702071093704,1208.274154598957,0.0,21.0
2026-10-12 07:13:00,20.152315438858217,3.6497046768876955,20.40458719957446,0,0.42702391803396544,55.57869799561956,1188.5264207666696,0.0,21.0
2026-10-12 07:14:00,20.158428006991063,3.6614065606705735,21.97145913828951,0,0.42384228057089146,55.57368290256976,1169.58385675112,0.0,21.0
2026-10-12 07:15:00,20.1643113043833,3.6731339293429963,23.537728718353485,0,0.4207859965044687,55.56865688742443,1151.412852988432,0.0,21.0
2026-10-12 07:16:00,20.169985821174905,3.6848865596327687,25.10335299969464,0,0.4178443478083498,55.56362004587167,1133.9803985696178,0.0,21.0
2026-10-12 07:17:00,20.175471120560537,3.6966642277867487,26.66828905993244,0,0.4150070894125477,55.55857247380568,1117.2541161899467,0.0,21.0
2026-10-12 07:18:00,20.18078585856169,3.708466709575114,28.232493995554275,0,0.41226443971973126,55.55351426732495,1101.2022928876745,0.0,21.0
2026-10-12 07:19:00,20.185947804494713,3.720293780295625,29.79592492309168,0,0.40960707071915436,55.54844552273045,1085.7939068437665,0.0,21.0
2026-10-12 07:20:00,20.190973862033044,3.732145214777902,31.35853898029601,0,0.4070260977526434,55.54336633652375,1070.9986504995422,0.0,21.0
2026-10-12 07:21:00,20.19588009076881,3.7440207873877154,32.920293327313544,0,0.40451306898347816,55.53827680540527,1056.7869502352214,0.0,21.0
2026-10-12 07:22:00,20.200681728185376,3.755920272031283,34.48114514785994,0,0.40205995461559496,55.533177026272305,1043.129982839107,0.0,21.0
2026-10-12 07:23:00,20.205393211958487,3.767843442159568,36.04105165039416,0,0.39965913590731184,55.52806709621733,1029.9996889845843,0.0,21.0
2026-10-12 07:24:00,20.210028202509438,3.7797900707726,37.59997006929131,0,0.39730339402075643,55.522947112526026,1017.3687839202322,0.0,21.0
2026-10-12 07:25:00,20.2145996057391,3.7917599304237886,39.1578576660155,0,0.394985898745281,55.51781717267552,1005.2107655670836,0.0,21.0
2026-10-12 07:26:00,20.219119595876748,3.8037527932242616,40.714671730291336,0,0.39270019713045023,55.51267737433246,993.4999202064313,0.0,21.0
2026-10-12 07:27:00,20.22359963838254,3.815768430847199,42.270369581274814,0,0.390440202061626,55.5075278153512,982.2113259315068,0.0,21.0
2026-10-12 07:28:00,20.22805051284699,3.827806614532179,43.824908568723494,0,0.3882001808087292,55.502368593771926,971.3208540268467,0.0,21.0
2026-10-12 07:29:00,20.232482335835172,3.8398671150895387,45.37824607416577,0,0.3859747435765044,55.49719980781877,960.8051684301645,0.0,21.0
2026-10-12 07:30:00,20.236904583627446,3.8519497029047316,46.93033951206926,0,0.3837588320824139,55.49202155589797,950.6417234230473,0.0,21.0
2026-10-12 07:31:00,20.241326114812352,3.864054147942701,48.48114633100833,0,0.38154770818627703,55.486833936595986,940.8087596887616,0.0,21.0
2026-10-12 07:32:00,20.245755192690975,3.8761802197522637,50.03062401483067,0,0.3793369425938238,55.4816370486776,931.2852988678551,0.0,21.0
2026-10-12 07:33:00,20.250199507455484,3.888327687470491,51.57873008382284,0,0.37712240365451244,55.47643099108407,922.0511367350613,0.0,21.0
2026-10-12 07:34:00,20.254666198107877,3.9004963198271083,53.12542209587497,0,0.37490024627225793,55.47121586293124,913.0868351142169,0.0,21.0
2026-10-12 07:35:00,20.259161874087958,3.9126858851488953,54.67065764764422,0,0.3726669009460615,55.46599176350762,904.3737126414727,0.0,21.0
2026-10-12 07:36:00,20.263692636582483,3.9248961513640994,56.21439437571735,0,0.3704190629560209,55.46075879227253,895.8938344809886,0.0,21.0
2026-10-12 07:37:00,20.268264099490196,3.937126886006853,57.75658995777228,0,0.3681536817087583,55.455517048854205,887.6300010915368,0.0,21.0
2026-10-12 07:38:00,20.272881410019966,3.9493778562215973,59.2972021137378,0,0.36586795025490204,55.45026663304789,879.5657361369654,0.0,21.0
2026-10-12 07:39:00,20.277549268901797,3.9616488287675216,60.836188606953776,0,0.3635592949900168,55.44500764481392,871.6852736282912,0.0,21.0
2026-10-12 07:40:00,20.282271950192612,3.9739395700229947,62.37350724532782,0,0.36122536554910134,55.43974018427586,863.973544380257,0.0,21.0
2026-10-12 07:41:00,20.28705332066106,3.9862498459900197,63.90911588249299,0,0.35886402490369385,55.43446435171856,856.4161618605194,0.0,21.0
2026-10-12 07:42:00,20.291896858737456,3.998579422298688,65.44297241896278,0,0.3564733396694706,55.429180247586274,848.9994075051757,0.0,21.0
2026-10-12 07:43:00,20.296805673017055,4.010928064211639,66.97503480328542,0,0.35405157063127213,55.42388797248073,841.7102155701094,0.0,21.0
2026-10-12 07:44:00,20.301782520306503,4.02329553662853,68.50526103319672,0,0.35159716349147274,55.4185876271592,834.5361575836046,0.0,21.0
2026-10-12 07:45:00,20.30682982320513,4.035681604090515,70.03360915677162,0,0.3491087398467485,55.41327931253264,827.4654264618323,0.0,21.0
2026-10-12 07:46:00,20.3119496872143,4.048086030784724,71.56003727357425,0,0.3465850883974344,55.40796312966369,820.4868203451597,0.0,21.0
2026-10-12 07:47:00,20.3171439173695,4.060508580548752,73.08450353580673,0,0.34402515639284914,55.40263917976482,813.5897262097283,0.0,21.0
2026-10-12 07:48:00,20.322414034391294,4.072949016875158,74.60696614945643,0,0.3414280413152504,55.39730756419636,806.7641033054201,0.0,21.0
2026-10-12 07:49:00,20.32776129035262,4.085407102915967,76.12738337544167,0,0.3387929828043532,55.39196838446458,800.0004664681394,0.0,21.0
2026-10-12 07:50:00,20.33318668386099,4.097882601487181,77.64571353075621,0,0.3361193548236905,55.38662174221978,793.2898693512922,0.0,21.0
2026-10-12 07:51:00,20.338690974755508,4.110375275073287,79.16191498961183,0,0.33340665806950476,55.381267739254305,786.6238876184377,0.0,21.0
2026-10-12 07:52:00,20.344274698319474,4.12288488583179,80.67594618457976,0,0.330654512622246,55.37590647750066,779.9946021362963,0.0,21.0
2026-10-12 07:53:00,20.349938179010532,4.135411195597731,82.1877656077297,0,0.3278626508402631,55.37053805902954,773.3945822046381,0.0,21.0
2026-10-12 07:54:00,20.35568154371111,4.147953965888233,83.69733181176882,0,0.32503091049473376,55.3651625860479,766.8168688570277,0.0,21.0
2026-10-12 07:55:00,20.361504734502788,4.160512957907025,85.20460341117683,0,0.32215922814444475,55.35978016089699,760.2549582639554,0.0,21.0
2026-10-12 07:56:00,20.367407520969056,4.173087932549004,86.7095390833415,0,0.31924763274860624,55.354390886050425,753.7027852675617,0.0,21.0
2026-10-12 07:57:00,20.373389512031636,4.185678650404777,88.2120975696912,0,0.3162962395154718,55.348994864112235,747.154707074918,0.0,21.0
2026-10-12 07:58:00,20.37945016732615,4.19828487176523,89.712237676826,0,0.3133052439841819,55.3435921978149,740.6054871346959,0.0,21.0
2026-10-12 07:59:00,20.385588808123646,4.210906356626076,91.20991827764709,0,0.3102749163369243,55.338182990017394,734.0502792200144,0.0,21.0
2026-10-12 08:00:00,20.34600780323714,4.223542864692438,92.70509831248422,26,0.30720559593817676,55.33276734370324,727.4846117382974,2375.0,229.0
2026-10-12 08:01:00,20.307027763645486,4.236194155383418,94.19773679022157,26,0.3269960983814304,55.32734536197854,724.0496811945598,2375.0,229.0
2026-10-12 08:02:00,20.268722220763344,4.248859987836676,95.68779278942098,26,0.34648611817725694,55.32191714806999,723.5118092667825,2375.0,229.0
2026-10-12 08:03:00,20.231157949240036,4.261540120913022,97.17522545944487,26,0.365638889618328,55.31648280532299,725.6468179601025,2375.0,229.0
2026-10-12 08:04:00,20.19439527862036,4.274234313200997,98.65999402157496,26,0.38442102537998224,55.311042437199575,730.2398201833988,2375.0,229.0
2026-10-12 08:05:00,20.158488396709988,4.286942323021481,100.14205777013133,26,0.40280236068982056,55.30559614727651,737.0850141157551,2375.0,229.0
2026-10-12 08:06:00,20.12348564481115,4.299663908432283,101.62137607358737,26,0.42075580164500614,55.30014403924331,745.9854810244458,2375.0,229.0
2026-10-12 08:07:00,20.089429804982522,4.312398827232759,103.09790837568485,26,0.4382571775944246,55.294686216900246,756.7529861572717,2375.0,229.0
2026-10-12 08:08:00,20.056358379465113,4.325146836968405,104.57161419654452,26,0.4552850975087388,55.2892227841564,769.2077823112878,2375.0,229.0
2026-10-12 08:09:00,20.024303862403656,4.337907694935498,106.04245313377717,26,0.4718208102674435,55.28375384502765,783.1784156743646,2375.0,229.0
2026-10-12 08:10:00,19.99329400398114,4.350681158185692,107.51038486359003,26,0.4878480687981721,55.27827950363471,798.5015335430624,2375.0,229.0
2026-10-12 08:11:00,19.963352067072734,4.363466983530661,108.97536914189352,26,0.5033529980094293,55.27279986420115,815.0216935376587,2375.0,229.0
2026-10-12 08:12:00,19.934497076514756,4.376264927546721,110.4373658054033,26,0.5183239664636332,55.2673150310514,832.5911739608285,2375.0,229.0
2026-10-12 08:13:00,19.90674406107485,4.389074746579468,111.89633477274269,26,0.5327514617426221,55.2618251086088,851.0697849785928,2375.0,229.0
2026-10-12 08:14:00,19.880104288200943,4.4018961967484085,113.35223604554007,26,0.5466279694625751,55.25633020139354,870.3246803391215,2375.0,229.0
2026-10-12 08:15:00,19.854585491619275,4.414729033951615,114.80502970952693,26,0.5599478558995283,55.25083041402073,890.2301693853631,2375.0,229.0
2026-10-12 08:16:00,19.830192091845657,4.427573013870366,116.25467593563096,26,0.5727072541903624,55.245325851198416,910.6675291600354,2375.0,229.0
2026-10-12 08:17:00,19.80692540966933,4.440427891973796,117.70113498106842,26,0.5849039540771717,55.239816617725516,931.5248164451588,2375.0,229.0
2026-10-12 08:18:00,19.784783872665066,4.453293423523558,119.14436719043424,26,0.5965372951653354,55.2343028184899,952.6966796220919,2375.0,229.0
2026-10-12 08:19:00,19.763763214786866,4.466169363578475,120.58433299678804,26,0.6076080636674668,55.228784558466366,974.0841702811625,2375.0,229.0
2026-10-12 08:20:00,19.74385666909521,4.47905546699921,122.02099292274009,26,0.6181183926065668,55.22326194271462,995.5945545517546,2375.0,229.0
2026-10-12 08:21:00,19.7250551536698,4.491951488452926,123.45430758153259,26,0.6280716654523957,55.217735076377316,1017.1411241635966,2375.0,229.0
2026-10-12 08:22:00,19.707347450760537,4.504857182417968,124.8842376781204,26,0.6374724231651001,55.21220406467801,1038.643007287492,2375.0,229.0
2026-10-12 08:23:00,19.690720379231216,4.517772303188522,126.31074401024726,26,0.6463262746197316,55.20666901291921,1060.0249792385075,2375.0,229.0
2026-10-12 08:24:00,19.675158960353258,4.530696604879307,127.73378746952183,26,0.654639810384392,55.2011300264803,1081.2172731563885,2375.0,229.0
2026-10-12 08:25:00,19.660646577010034,4.543629841430249,129.15332904248848,26,0.662420519823371,55.19558721081561,1102.1553908065112,2375.0,229.0
2026-10-12 08:26:00,19.6471651263765,4.556571766611169,130.56932981169828,26,0.6696767114949829,55.19004067145236,1122.7799136698718,2375.0,229.0
2026-10-12 08:27:00,19.634695166143494,4.569522134026462,131.98175095677448,26,0.6764174368117502,55.184490513988656,1143.0363145123845,2375.0,229.0
2026-10-12 08:28:00,19.62321605436111,4.582480697119804,133.39055375547824,26,0.6826524169282528,55.17893684409151,1162.874769642095,2375.0,229.0
2026-10-12 08:29:00,19.612706082981013,4.595447209178831,134.7956995847689,26,0.6883919728194456,55.17337976749479,1182.249972077852,2375.0,229.0
2026-10-12 08:30:00,19.603142605183333,4.608421423339845,136.19714992186402,26,0.6936469585094933,55.167819389997206,1201.1209458645787,2375.0,229.0
2026-10-12 08:31:00,19.5945021565796,4.621403092592511,137.59486634529455,26,0.6984286974083336,55.162255817460355,1219.4508617786805,2375.0,229.0
2026-10-12 08:32:00,19.586760570389284,4.6343919697845575,138.9888105359585,26,0.7027489217101994,55.15668915580662,1237.2068546724145,2375.0,229.0
2026-10-12 08:33:00,19.579893086693385,4.647387807626488,140.37894427817207,26,0.7066197148053579,55.15111951101722,1254.3598427084519,2375.0,229.0
2026-10-12 08:34:00,19.573874455874606,4.66039035869628,141.76522946071617,26,0.7100534566533074,55.14554698913017,1270.8843487355089,2375.0,229.0
2026-10-12 08:35:00,19.56867903635934,4.673399375444108,143.14762807788256,26,0.7130627720626972,55.13997169623824,1286.7583240530525,2375.0,229.0
2026-10-12 08:36:00,19.564280886782438,4.68641461019704,144.52610223051457,26,0.7156604818203292,55.134393738486985,1301.9629748078876,2375.0,229.0
2026-10-12 08:37:00,19.560653852700977,4.699435815163771,145.9006141270472,26,0.7178595566087811,55.12881322207267,1316.482591258127,2375.0,229.0
2026-10-12 08:38:00,19.557771647988492,4.712462742439327,147.2711260845422,26,0.7196730736495116,55.12323025324029,1330.3043801308697,2375.0,229.0
2026-10-12 08:39:00,19.55560793104572,4.725495144009794,148.63760052972228,26,0.721114176005754,55.117644938281515,1343.4183002890572,2375.0,229.0
2026-10-12 08:40:00,19.554136375968387,4.738532771757026,149.99999999999994,26,0.7221960344771396,55.1120573835327,1355.816901910706,2375.0,229.0
2026-10-12 08:41:00,19.553330738816456,4.7515753774633875,151.35828714450577,26,0.7229318120158066,55.106467695372835,1367.4951693702012,2375.0,229.0
2026-10-12 08:42:00,19.553164919132865,4.764622712816465,152.71242472511133,26,0.723334630591772,55.10087598022152,1378.4503679968288,2375.0,229.0
2026-10-12 08:43:00,19.55361301686276,4.777674529413803,154.06237561745104,26,0.7234175404335677,55.09528234453694,1388.681894870396,2375.0,229.0
2026-10-12 08:44:00,19.554649384826956,4.790730578767624,155.408102811939,26,0.7231934915686207,55.08968689481387,1398.1911337978534,2375.0,229.0
2026-10-12 08:45:00,19.55624867690546,4.80379061230957,156.74956941478465,26,0.7226753075865222,55.084089737581614,1406.9813145984645,2375.0,229.0
2026-10-12 08:46:00,19.558385892088566,4.81685438139543,158.0867386490033,26,0.7218756615472692,55.078490979401955,1415.0573768084357,2375.0,229.0
2026-10-12 08:47:00,19.561036414554238,4.829921637309868,159.41957385542483,26,0.720807053955717,55.0728907268672,1422.425837899193,2375.0,229.0
2026-10-12 08:48:00,19.564176049931316,4.84299213127117,160.74803849369903,26,0.7194817927228812,55.06728908659807,1429.0946660868,2375.0,229.0
2026-10-12 08:49:00,19.567781057908253,4.856065614435969,162.07209614329648,26,0.7179119750343421,55.061686165241724,1435.0731577935094,2375.0,229.0
2026-10-12 08:50:00,19.571828181347005,4.869141837903992,163.39171050450818,26,0.7161094710458737,55.05608206946972,1440.3718198062293,2375.0,229.0
2026-10-12 08:51:00,19.576294672061138,4.882220552722794,164.70684539943952,26,0.7140859093264975,55.05047690597595,1445.0022561608823,2375.0,229.0
2026-10-12 08:52:00,19.581158313416108,4.895301509892498,166.01746477300327,26,0.7118526639694309,55.04487078147464,1448.977059766332,2375.0,229.0
2026-10-12 08:53:00,19.586397439908403,4.908384460370532,167.323532693907,26,0.7094208432919462,55.03926380269834,1452.3097087668345,2375.0,229.0
2026-10-12 08:54:00,19.5919909538784,4.921469155076381,168.62501335563917,26,0.7068012800457986,55.033656076395836,1455.0144676279012,2375.0,229.0
2026-10-12 08:55:00,19.597918339509697,4.934555344896316,169.9218710774498,26,0.7040045230607994,55.02804770933015,1457.1062929171044,2375.0,229.0
2026-10-12 08:56:00,19.604159674265222,4.947642780688151,171.2140703053295,26,0.7010408302451516,55.022438808276505,1458.6007437387514,2375.0,229.0
2026-10-12 08:57:00,19.610695637907746,4.960731213285967,172.50157561298352,26,0.6979201628673888,55.0168294800203,1459.5138967695536,2375.0,229.0
2026-10-12 08:58:00,19.617507519249322,4.973820393504878,173.78435170280366,26,0.694652181046127,55.01121983135505,1459.862265831424,2375.0,229.0
2026-10-12 08:59:00,19.62457722077099,4.9869100721457595,175.0623634068352,26,0.6912462403753388,55.00560996908039,1459.6627259273957,2375.0,229.0
2026-10-12 09:00:00,19.631887261250547,5.0,176.33557568774194,26,0.6877113896145044,55.0,1458.9324416573481,2375.0,229.0
2026-10-12 09:01:00,19.639421534577185,5.013089927854241,177.6039536397659,26,0.6840563693747264,55.0,1457.7165948940021,2375.0,229.0
2026-10-12 09:02:00,19.64716448526463,5.0261796064951225,178.86746248968473,26,0.6802892327114076,55.0,1456.0305703042218,2375.0,229.0
2026-10-12 09:03:00,19.655101108527397,5.039268786714033,180.12606759776529,26,0.6764177573676857,55.0,1453.889928641849,2375.0,229.0
2026-10-12 09:04:00,19.66321694888658,5.05235721931185,181.37973445871242,26,0.6724494457363015,55.0,1451.310352846548,2375.0,229.0
2026-10-12 09:05:00,19.671498097413583,5.0654446551036845,182.62842870261622,26,0.6683915255567108,55.0,1448.3075976556502,2375.0,229.0
2026-10-12 09:06:00,19.67993118771672,5.07853084492362,183.87211609589292,26,0.6642509512932087,55.0,1444.8974426283814,2375.0,229.0
2026-10-12 09:07:00,19.688503390771622,5.091615539629468,185.11076254222462,26,0.6600344061416408,55.0,1441.0956484780747,2375.0,229.0
2026-10-12 09:08:00,19.6972024086928,5.104698490107503,186.34433408349307,26,0.655748304614189,55.0,1436.9179166048007,2375.0,229.0
2026-10-12 09:09:00,19.70601646753971,5.117779447277207,187.57279690071155,26,0.6513987956536003,55.0,1432.3798517182786,2375.0,229.0
2026-10-12 09:10:00,19.71493430924689,5.130858162096008,188.79611731495118,26,0.6469917662301459,55.0,1427.4969274389116,2375.0,229.0
2026-10-12 09:11:00,19.723945182763863,5.143934385564032,190.01426178826506,26,0.6425328453765555,55.0,1422.2844547633201,2375.0,229.0
2026-10-12 09:12:00,19.73303883448658,5.15700786872883,191.22719692460686,26,0.6380274086180684,55.0,1416.7575532797694,2375.0,229.0
2026-10-12 09:13:00,19.742205498058393,5.170078362690132,192.43488947074735,26,0.6334805827567092,55.0,1410.9311250183964,2375.0,229.0
2026-10-12 09:14:00,19.751435883614697,5.18314561860457,193.6373063171851,26,0.6288972509708035,55.0,1404.8198308210895,2375.0,229.0
2026-10-12 09:15:00,19.760721166541646,5.19620938769043,194.8344144990551,26,0.6242820581926516,55.0,1398.4380691162344,2375.0,229.0
2026-10-12 09:16:00,19.770052975815602,5.209269421232376,196.0261811970317,26,0.6196394167291768,55.0,1391.799956984289,2375.0,229.0
2026-10-12 09:17:00,19.779423381986298,5.222325470586197,197.21257373822874,26,0.6149735120921989,55.0,1384.919313401241,2375.0,229.0
2026-10-12 09:18:00,19.788824884863192,5.235377287183535,198.39355959709562,26,0.6102883090068509,55.0,1377.8096445484211,2375.0,229.0
2026-10-12 09:19:00,19.7982504009609,5.248424622536613,199.56910639630823,26,0.6055875575684038,55.0,1370.484131078855,2375.0,229.0
2026-10-12 09:20:00,19.80769325075619,5.261467228242975,200.7391819076575,26,0.6008747995195503,55.0,1362.9556172323,2375.0,229.0
2026-10-12 09:21:00,19.81714714580576,5.274504855990207,201.90375405293196,26,0.5961533746219043,55.0,1355.2366016933258,2375.0,229.0
2026-10-12 09:22:00,19.826606175770632,5.287537257560673,203.06279090479825,26,0.5914264270971206,55.0,1347.339230089198,2375.0,229.0
2026-10-12 09:23:00,19.83606479539003,5.300564184836229,204.21626068767532,26,0.5866969121146841,55.0,1339.2752890269226,2375.0,229.0
2026-10-12 09:24:00,19.845517811444424,5.31358538980296,205.36413177860666,26,0.5819676023049851,55.0,1331.0562015715527,2375.0,229.0
2026-10-12 09:25:00,19.854960369744575,5.326600624555893,206.50637270812615,26,0.5772410942777881,55.0,1322.6930240707393,2375.0,229.0
2026-10-12 09:26:00,19.86438794218056,5.339609641303721,207.64295216112205,26,0.5725198151277127,55.0,1314.1964442334959,2375.0,229.0
2026-10-12 09:27:00,19.87379631386204,5.352612192373512,208.77383897769425,26,0.56780602890972,55.0,1305.5767803742297,2375.0,229.0
2026-10-12 09:28:00,19.883181570378405,5.365608030215443,209.89900215400962,26,0.5631018430689796,55.0,1296.8439817362348,2375.0,229.0
2026-10-12 09:29:00,19.89254008520497,5.3785969074074895,211.0184108431511,26,0.5584092148107977,55.0,1288.0076298120514,2375.0,229.0
2026-10-12 09:30:00,19.936301339801606,5.391578576660155,212.13203435596424,0,0.5537299573975147,55.0,1279.07694058132,0.0,21.0
2026-10-12 09:31:00,19.979876687793396,5.40455279082117,213.2398421618978,0,0.5318493300991971,55.0,1267.6247124382655,0.0,21.0
2026-10-12 09:32:00,20.02320189177343,5.417519302880196,214.34180388984097,0,0.5100616561033018,55.0,1253.8405477890033,0.0,21.0
2026-10-12 09:33:00,20.066217778387767,5.430477865973539,215.4378893289567,0,0.48839905411328566,55.0,1237.9061295947547,0.0,21.0
2026-10-12 09:34:00,20.10887001549877,5.443428233388832,216.52806842950864,0,0.46689111080611667,55.0,1219.9952999763955,0.0,21.0
2026-10-12 09:35:00,20.15110889242608,5.456370158569751,217.6123113036863,0,0.4455649922506151,55.0,1200.2741584997427,0.0,21.0
2026-10-12 09:36:00,20.192889103746037,5.469303395120693,218.6905882264234,0,0.4244455537869598,55.0,1178.9011782902112,0.0,21.0
2026-10-12 09:37:00,20.23416953708003,5.482227696811479,219.76286963621365,0,0.40355544812698163,55.0,1156.0273381652162,0.0,21.0
2026-10-12 09:38:00,20.274913065253546,5.495142817582032,220.8291261359203,0,0.3829152314599842,55.0,1131.796269024603,0.0,21.0
2026-10-12 09:39:00,20.315086343160655,5.5080485115470745,221.8893284935829,0,0.36254346737322685,55.0,1106.3444128012875,0.0,21.0
2026-10-12 09:40:00,20.354659609623738,5.52094453300079,222.94344764321824,0,0.34245682841967273,55.0,1079.801192344243,0.0,21.0
2026-10-12 09:41:00,20.39360649449535,5.533830636421526,223.9914546856174,0,0.322670195188131,55.0,1052.2891906821917,0.0,21.0
2026-10-12 09:42:00,20.43190383120865,5.546706576476442,225.0333208891378,0,0.3031967527523243,55.0,1023.9243381972717,0.0,21.0
2026-10-12 09:43:00,20.469531474944553,5.559572108026204,226.06901769049134,0,0.28404808439567475,55.0,994.8161063221175,0.0,21.0
2026-10-12 09:44:00,20.506472126548104,5.572426986129634,227.09851669552688,0,0.26523426252772353,55.0,965.06770645998,0.0,21.0
2026-10-12 09:45:00,20.505403340419235,5.585270966048385,228.1217896800093,26,0.24676393672594799,55.0,934.7762929146032,2375.0,229.0
2026-10-12 09:46:00,20.503849936968635,5.598103803251592,229.1388085903927,26,0.24729832979038235,55.0,906.5095458000671,2375.0,229.0
2026-10-12 09:47:00,20.501867505271324,5.6109252534205325,230.14954554458987,26,0.24807503151568255,55.0,880.1691333938273,2375.0,229.0
2026-10-12 09:48:00,20.499508539172947,5.623735072453279,231.1539728327368,26,0.2490662473643379,55.0,855.659383210188,2375.0,229.0
2026-10-12 09:49:00,20.49682253750717,5.636533016469339,232.1520629179518,26,0.2502457304135266,55.0,832.8873176624298,2375.0,229.0
2026-10-12 09:50:00,20.493856104141422,5.649318841814309,233.14378843709127,26,0.25158873124641445,55.0,811.7626794486455,2375.0,229.0
2026-10-12 09:51:00,20.490653047598734,5.662092305064503,234.12912220149892,26,0.2530719479292891,55.0,792.197947635162,2375.0,229.0
2026-10-12 09:52:00,20.48725448002983,5.674853163031596,235.108037197752,26,0.2546734762006331,55.0,774.108345323398,2375.0,229.0
2026-10-12 09:53:00,20.48369891533345,5.687601172767242,236.08050658840116,26,0.25637275998508535,55.0,757.4118397060214,2375.0,229.0
2026-10-12 09:54:00,20.48002236624474,5.700336091567717,237.04650371270714,26,0.2581505423332757,55.0,742.0291352457174,2375.0,229.0
2026-10-12 09:55:00,20.47625844023122,5.7130576769785195,238.00600208737052,26,0.2599888168776303,55.0,727.8836606441437,2375.0,229.0
2026-10-12 09:56:00,20.47243843405383,5.725765686799003,238.9589754072589,26,0.26187077988439,55.0,714.9015502091828,2375.0,229.0
2026-10-12 09:57:00,20.46859142686693,5.738459879086979,239.90539754612712,26,0.26378078297308427,55.0,703.0116201748584,2375.0,229.0
2026-10-12 09:58:00,20.464744371745965,5.751140012163324,240.84524255733436,26,0.26570428656653533,55.0,692.1453404797645,2375.0,229.0
2026-10-12 09:59:00,20.46092218554515,5.7638058446165825,241.77848467455465,26,0.2676278141270174,55.0,682.2368024660888,2375.0,229.0
2026-10-12 10:00:00,20.457147836999777,5.776457135307562,242.70509831248424,26,0.2695389072274246,55.0,673.2226829218614,2375.0,229.0
2026-10-12 10:01:00,20.45344243299914,5.789093643373925,243.6250580675419,26,0.2714260815001115,55.0,665.0422048535102,2375.0,229.0
2026-10-12 10:02:00,20.449825302966374,5.80171512823477,244.53833871856625,26,0.2732787835004302,55.0,657.6370953437786,2375.0,229.0
2026-10-12 10:03:00,20.446314081290915,5.8143213495952235,245.44491522750707,26,0.2750873485168128,55.0,650.9515408212143,2375.0,229.0
2026-10-12 10:04:00,20.442924787767957,5.826912067450998,246.34476274011118,26,0.27684295935454273,55.0,644.9321400414335,2375.0,229.0
2026-10-12 10:05:00,20.439671906007288,5.839487042092976,247.23785658660475,26,0.2785376061160214,55.0,639.5278550569237,2375.0,229.0
2026-10-12 10:06:00,20.436568459781046,5.852046034111767,248.1241722823685,26,0.2801640469963562,55.0,634.6899604309791,2375.0,229.0
2026-10-12 10:07:00,20.433626087286797,5.864588804402269,249.00368552861025,26,0.2817157701094768,55.0,630.3719909322394,2375.0,229.0
2026-10-12 10:08:00,20.430855113308407,5.877115114168211,249.87637221302978,26,0.2831869563566016,55.0,626.5296879289779,2375.0,229.0
2026-10-12 10:09:00,20.42826461926295,5.889624724926714,250.7422084104811,26,0.28457244334579634,55.0,623.1209446865681,2375.0,229.0
2026-10-12 10:10:00,20.425862511127104,5.90211739851282,251.60117038362714,26,0.28586769036852466,55.0,620.1057507572664,2375.0,229.0
2026-10-12 10:11:00,20.423655585241363,5.914592897084033,252.45323458359184,26,0.28706874443644814,55.0,617.446135638398,2375.0,229.0
2026-10-12 10:12:00,20.42164959199492,5.9270509831248415,253.2983776506045,26,0.2881722073793185,55.0,615.1061118631011,2375.0,229.0
2026-10-12 10:13:00,20.419849297398162,5.939491419451248,254.13657641464115,26,0.2891752040025395,55.0,613.0516176768103,2375.0,229.0
2026-10-12 10:14:00,20.4182585425536,5.951913969215275,254.96780789605913,26,0.2900753513009189,55.0,611.2504594425479,2375.0,229.0
2026-10-12 10:15:00,20.416880301039626,5.964318395909485,255.79204930622765,26,0.29087072872320086,55.0,609.6722539087209,2375.0,229.0
2026-10-12 10:16:00,20.41571673422475,5.976704463371471,256.609278048152,26,0.291559849480187,55.0,608.2883704644065,2375.0,229.0
2026-10-12 10:17:00,20.41476924453295,5.9890719357883615,257.41947171709336,26,0.29214163288762585,55.0,607.0718734989694,2375.0,229.0
2026-10-12 10:18:00,20.414038526683733,6.001420577701314,258.2226081011831,26,0.29261537773352586,55.0,605.9974649752112,2375.0,229.0
2026-10-12 10:19:00,20.41352461693287,6.013750154009981,259.0186651820315,26,0.2929807366581336,55.0,605.0414273180542,2375.0,229.0
2026-10-12 10:20:00,20.41322694034231,6.026060429977007,259.8076211353316,26,0.29323769153356416,55.0,604.1815667139479,2375.0,229.0
2026-10-12 10:21:00,20.413144356109836,6.038351171232479,260.5894543314573,26,0.2933865298288456,55.0,603.3971569097159,2375.0,229.0
2026-10-12 10:22:00,20.413275200991148,6.050622143778403,261.3641433360568,26,0.2934278219450821,55.0,602.6688835933901,2375.0,229.0
2026-10-12 10:23:00,20.413617330848684,6.062873113993147,262.1316669106395,26,0.2933623995044261,55.0,601.9787894336783,2375.0,229.0
2026-10-12 10:24:00,20.414168160363307,6.0751038486359015,262.8920040131591,26,0.29319133457565805,55.0,601.3102198490549,2375.0,229.0
2026-10-12 10:25:00,20.414924700946337,6.087314114851105,263.6451337985896,26,0.29291591981834664,55.0,600.6477695720238,2375.0,229.0
2026-10-12 10:26:00,20.415883596890804,6.099503680172892,264.3910356194977,26,0.2925376495268317,55.0,599.9772300688676,2375.0,229.0
2026-10-12 10:27:00,20.417041159801936,6.1116723125295085,265.129689026608,26,0.29205820155459783,55.0,599.2855378701419,2375.0,229.0
2026-10-12 10:28:00,20.418393401347917,6.123819780247737,265.8610737693644,26,0.2914794200990318,55.0,598.5607238622993,2375.0,229.0
2026-10-12 10:29:00,20.419936064372887,6.135945852057299,266.58516979648465,26,0.29080329932604165,55.0,597.7918635861141,2375.0,229.0
2026-10-12 10:30:00,20.421664652414854,6.14805029709527,267.3019572565103,26,0.29003196781355634,55.0,596.969028583024,2375.0,229.0
2026-10-12 10:31:00,20.423574457671872,6.160132884910462,268.01141649835125,26,0.2891676737925728,55.0,596.0832388261057,2375.0,229.0
2026-10-12 10:32:00,20.42566058746031,6.172193385467821,268.7135280718239,26,0.28821277116406385,55.0,595.1264162681504,2375.0,229.0
2026-10-12 10:33:00,20.42791798920949,6.184231569152803,269.4082727281847,26,0.28716970626984484,55.0,594.0913395352039,2375.0,229.0
2026-10-12 10:34:00,20.43034147403718,6.196247206775739,270.09563142065804,26,0.2860410053952549,55.0,592.9715997899744,2375.0,229.0
2026-10-12 10:35:00,20.432925738950676,6.208240069576212,270.7755853049582,26,0.2848292629814093,55.0,591.7615577857076,2375.0,229.0
2026-10-12 10:36:00,20.43566538771821,6.2202099292274005,271.44811573980587,26,0.2835371305246621,55.0,590.45630212746,2375.0,229.0
2026-10-12 10:37:00,20.43855495045551,6.232156557840432,272.1132042874395,26,0.28216730614089514,55.0,589.0516087541866,2375.0,229.0
2026-10-12 10:38:00,20.441588901972107,6.244079727968717,272.7708327141205,26,0.28072252477224424,55.0,587.5439016516866,2375.0,229.0
2026-10-12 10:39:00,20.444761678921836,6.255979212612284,273.4209829906336,26,0.27920554901394645,55.0,585.9302148032309,2375.0,229.0
2026-10-12 10:40:00,20.448067695801736,6.267854785222098,274.06363729278024,26,0.2776191605390821,55.0,584.2081553816203,2375.0,229.0
2026-10-12 10:41:00,20.45150135984313,6.279706219704376,274.6987780018683,26,0.2759661520991319,55.0,582.375868183501,2375.0,229.0
2026-10-12 10:42:00,20.455057084838266,6.291533290424885,275.3263877051943,26,0.27424932007843417,55.0,580.4320013039872,2375.0,229.0
2026-10-12 10:43:00,20.4587293039454,6.303335772213251,275.9464491965213,26,0.2724714575808669,55.0,578.3756730470188,2375.0,229.0
2026-10-12 10:44:00,20.462512481514658,6.315113440367232,276.55894547655015,26,0.2706353480272998,55.0,576.2064400644041,2375.0,229.0
2026-10-12 10:45:00,20.46640112397633,6.326866070657004,277.163859753386,26,0.26874375924267113,55.0,573.924266714174,2375.0,229.0
2026-10-12 10:46:00,20.47038978983267,6.338593439329427,277.7611754429985,26,0.2667994380118355,55.0,571.5294956266954,2375.0,229.0
2026-10-12 10:47:00,20.474473098793457,6.350295323112305,278.350876169676,26,0.2648051050836653,55.0,569.022819464959,2375.0,229.0
2026-10-12 10:48:00,20.47864574009487,6.361971499218641,278.9329457664754,26,0.26276345060327166,55.0,566.4052538635731,2375.0,229.0
2026-10-12 10:49:00,20.482902480040387,6.373621745350871,279.50736827566465,26,0.2606771299525654,55.0,563.6781115292506,2375.0,229.0
2026-10-12 10:50:00,20.487238168801593,6.385245839705102,280.0741279491605,26,0.2585487599798064,55.0,560.8429774839738,2375.0,229.0
2026-10-12 10:51:00,20.491647746515852,6.396843560975334,280.63320924896016,26,0.2563809155992036,55.0,557.9016854305589,2375.0,229.0
2026-10-12 10:52:00,20.49612624871697,6.408414688357673,281.1845968475675,26,0.2541761267420739,55.0,554.8562952190123,2375.0,229.0
2026-10-12 10:53:00,20.500668811133977,6.419959001554529,281.72827562841275,26,0.25193687564151546,55.0,551.709071390872,2375.0,229.0
2026-10-12 10:54:00,20.505270673892234,6.431476280778826,282.26423068626764,26,0.2496655944330115,55.0,548.4624627776587,2375.0,229.0
2026-10-12 10:55:00,20.509927185150058,6.442966306758162,282.7924473276535,26,0.24736466305388305,55.0,545.1190831286129,2375.0,229.0
2026-10-12 10:56:00,20.514633804203164,6.454428860739011,283.31291107124434,26,0.2450364074249709,55.0,541.6816927420718,2375.0,229.0
2026-10-12 10:57:00,20.519386104088095,6.465863724490864,283.82560764826354,26,0.2426830978984178,55.0,538.1531810741228,2375.0,229.0
2026-10-12 10:58:00,20.52417977371493,6.4772706803104025,284.3305230028757,26,0.2403069479559523,55.0,534.536550297576,2375.0,229.0
2026-10-12 10:59:00,20.529010619558488,6.488649511025624,284.8276432925711,26,0.23791011314253474,55.0,530.834899783799,2375.0,229.0
2026-10-12 11:00:00,20.533874566936195,6.5,285.31695488854604,26,0.2354946902207562,55.0,527.051411479565,2375.0,229.0
2026-10-12 11:01:00,20.5387676608999,6.51132193113658,285.7984443760759,26,0.23306271653190258,55.0,523.1893361507732,2375.0,229.0
2026-10-12 11:02:00,20.543686066767776,6.522615088882112,286.27209855488303,26,0.23061616955004993,55.0,519.2519804646867,2375.0,229.0
2026-10-12 11:03:00,20.54862607032151,6.533879258231156,286.73790443949906,26,0.22815696661611184,55.0,515.2426948822203,2375.0,229.0
2026-10-12 11:04:00,20.553584077693007,6.545114224730162,287.19584925962016,26,0.22568696483924455,55.0,511.1648623317745,2375.0,229.0
2026-10-12 11:05:00,20.558556614963788,6.5563197744815644,287.6459204604579,26,0.22320796115349673,55.0,507.02188763614214,2375.0,229.0
2026-10-12 11:06:00,20.563540327499368,6.567495694147846,288.0881057030829,26,0.22072169251810614,55.0,502.81718766413684,2375.0,229.0
2026-10-12 11:07:00,20.56853197903984,6.578641770955609,288.5223928647634,26,0.2182298362503161,55.0,498.5541821787578,2375.0,229.0
2026-10-12 11:08:00,20.573528450567053,6.589757792699615,288.9487700392974,26,0.21573401048008023,55.0,494.2362853539538,2375.0,229.0
2026-10-12 11:09:00,20.578526738967746,6.600843547746835,289.36722553733944,26,0.21323577471647326,55.0,489.86689793233836,2375.0,229.0
2026-10-12 11:10:00,20.58352395551117,6.6118988250404716,289.7777478867205,26,0.21073663051612712,55.0,485.4493999965625,2375.0,229.0
2026-10-12 11:11:00,20.58851732415876,6.622923414103982,290.180325832763,26,0.2082380222444158,55.0,480.98714432744185,2375.0,229.0
2026-10-12 11:12:00,20.59350417972265,6.6339171050450805,290.5749483385893,26,0.20574133792061922,55.0,476.4834503223817,2375.0,229.0
2026-10-12 11:13:00,20.598481965888787,6.644879688559742,290.961604585424,26,0.20324791013867483,55.0,471.9415984481165,2375.0,229.0
2026-10-12 11:14:00,20.60344823311985,6.655810955936174,291.3402839728908,26,0.2007590170556064,55.0,467.3648252023014,2375.0,229.0
2026-10-12 11:15:00,20.60840063645205,6.666710699058807,291.710976119303,26,0.19827588344007552,55.0,462.7563185590339,2375.0,229.0
2026-10-12 11:16:00,20.613336933199374,6.6775787104122415,292.0736708619481,26,0.1957996817739751,55.0,458.1192138739628,2375.0,229.0
2026-10-12 11:17:00,20.6182549805779,6.688414783085205,292.42835825736654,26,0.19333153340031295,55.0,453.45659022523563,2375.0,229.0
2026-10-12 11:18:00,20.623152733262117,6.699218710774499,292.7750285816242,26,0.19087250971105085,55.0,448.77146716715566,2375.0,229.0
2026-10-12 11:19:00,20.62802824088455,6.709990287788909,293.1136723305791,26,0.18842363336894152,55.0,444.0668018740574,2375.0,229.0
2026-10-12 11:20:00,20.632879645489112,6.720729309053139,293.4442802201417,26,0.18598587955772494,55.0,439.3454866525555,2375.0,229.0
2026-10-12 11:21:00,20.63770517894816,6.731435570111701,293.76684318652974,26,0.18356017725544405,55.0,434.61034680098936,2375.0,229.0
2026-10-12 11:22:00,20.642503160352415,6.74210886713282,294.0813523865166,26,0.1811474105259201,55.0,429.86413879554885,2375.0,229.0
2026-10-12 11:23:00,20.647271993382354,6.7527489969123025,294.38779919767353,26,0.1787484198237923,55.0,425.1095487832493,2375.0,229.0
2026-10-12 11:24:00,20.652010163669086,6.76335575687742,294.6861752186066,26,0.17636400330882296,55.0,420.34919136260027,2375.0,229.0
2026-10-12 11:25:00,20.656716236152153,6.773928945090747,294.97647226918633,26,0.17399491816545698,55.0,415.58560863349544,2375.0,229.0
2026-10-12 11:26:00,20.661388852441124,6.784468360254024,295.25868239077255,26,0.17164188192392338,55.0,410.82126949853046,2375.0,229.0
2026-10-12 11:27:00,20.666026728187344,6.7949738017119765,295.5327978464322,26,0.16930557377943778,55.0,406.05856919863476,2375.0,229.0
2026-10-12 11:28:00,20.670628650471684,6.805445069456145,295.79881112115146,26,0.16698663590632812,55.0,401.29982906657744,2375.0,229.0
2026-10-12 11:29:00,20.675193475213693,6.815881964128683,296.05671492204215,26,0.16468567476415785,55.0,396.5472964825738,2375.0,229.0
2026-10-12 11:30:00,20.70969206566262,6.826284287026162,296.30650217854134,0,0.16240326239315372,55.0,391.8031450168806,0.0,21.0
2026-10-12 11:31:00,20.744004851673033,6.8366518401033485,296.5481660426051,0,0.14515396716869056,55.0,385.1167165677351,0.0,21.0
2026-10-12 11:32:00,20.778081777426443,6.846984425976975,296.7816998888965,0,0.12799757416348356,55.0,376.6338346207326,0.0,21.0
2026-10-12 11:33:00,20.811876679646247,6.857281847929503,297.00709731496727,0,0.11095911128677827,55.0,366.4940070306442,0.0,21.0
2026-10-12 11:34:00,20.845347111439995,6.867543909912858,297.2243521414331,0,0.09406166017687667,55.0,354.830535437766,0.0,21.0
2026-10-12 11:35:00,20.87845416970943,6.877770416552178,297.4334584121431,0,0.07732644428000235,55.0,341.77063457657647,0.0,21.0
2026-10-12 11:36:00,20.911162326361545,6.887961173149512,297.6344103943433,0,0.06077291514528582,55.0,327.43556037152644,0.0,21.0
2026-10-12 11:37:00,20.94343926352434,6.898115985687548,297.82720257883364,0,0.044418836819227536,55.0,311.94074574695327,0.0,21.0
2026-10-12 11:38:00,20.975255712942204,6.908234660833291,298.0118296801189,0,0.02828036823783009,55.0,295.39594311635494,0.0,21.0
2026-10-12 11:39:00,21.00658529969871,6.918317005941754,298.1882866365539,0,0.01237214352889815,55.0,277.9053725593873,0.0,21.0
2026-10-12 11:40:00,21.037415696091976,6.928362829059617,298.356568610482,0,0.0,55.0,259.9824172071209,0.0,21.0
2026-10-12 11:41:00,21.06777791229377,6.938371938928892,298.5166709883679,0,0.0,55.0,243.21536728266585,0.0,21.0
2026-10-12 11:42:00,21.097700869047298,6.948344144990551,298.668589380924,0,0.0,55.0,227.5296749599643,0.0,21.0
2026-10-12 11:43:00,21.12721153254993,6.958279257388168,298.81231962323085,0,0.0,55.0,212.85560022702018,0.0,21.0
2026-10-12 11:44:00,21.156335040639185,6.968177086971521,298.9478577748513,0,0.0,55.0,199.127900815475,0.0,21.0
2026-10-12 11:45:00,21.185094820842842,6.978037445300206,299.0752001199384,0,0.0,55.0,186.28554212756003,0.0,21.0
2026-10-12 11:46:00,21.21351270081787,6.987860144647213,299.1943431673374,0,0.0,55.0,174.2714258707341,0.0,21.0
2026-10-12 11:47:00,21.241609011669055,6.997644998002503,299.3052836506816,0,0.0,55.0,163.03213619349154,0.0,21.0
2026-10-12 11:48:00,21.269402684606543,7.007391819076576,299.4080185284815,0,0.0,55.0,152.51770219363735,0.0,21.0
2026-10-12 11:49:00,21.29691134137185,7.017100422304004,299.5025449842085,0,0.0,55.0,142.68137574311984,0.0,21.0
2026-10-12 11:50:00,21.324151378834255,7.026770622846981,299.58886042637215,0,0.0,55.0,133.47942364160946,0.0,21.0
2026-10-12 11:51:00,21.351138048133546,7.036402236598825,299.666962488591,0,0.0,55.0,124.87093317472011,0.0,21.0
2026-10-12 11:52:00,21.377885528720807,7.045995080187495,299.7368490296575,0,0.0,55.0,116.81763021236702,0.0,21.0
2026-10-12 11:53:00,21.404406997626328,7.055548970979077,299.7985181335969,0,0.0,55.0,109.2837090385099,0.0,21.0
2026-10-12 11:54:00,21.43071469426239,7.065063727081262,299.8519681097195,0,0.0,55.0,102.23567315568896,0.0,21.0
2026-10-12 11:55:00,21.456819981048973,7.074539167346808,299.8971974926672,0,0.0,55.0,95.64218635655648,0.0,21.0
2026-10-12 11:56:00,21.482733400131668,7.083975111376992,299.93420504245364,0,0.0,55.0,89.47393340025428,0.0,21.0
2026-10-12 11:57:00,21.508464726443933,7.09337137952504,299.9629897444982,0,0.0,55.0,83.70348967419164,0.0,21.0
2026-10-12 11:58:00,21.53402301734936,7.102727792899553,299.98355080965365,0,0.0,55.0,78.30519926172818,0.0,21.0
2026-10-12 11:59:00,21.55941665908455,7.112044173367905,299.995887674228,0,0.0,55.0,73.2550608736394,0.0,21.0
2026-10-12 12:00:00,21.584653410208958,7.121320343559643,300.0,0,0.0,55.0,68.53062113620602,0.0,21.0
2026-10-12 12:01:00,21.60974044225465,7.130556126869857,299.995887674228,0,0.0,55.0,64.11087476147615,0.0,21.0
2026-10-12 12:02:00,21.63468437775667,7.1397513474625445,299.98355080965365,0,0.0,55.0,59.97617115584819,0.0,21.0
2026-10-12 12:03:00,21.659491325832832,7.1489058302739625,299.9629897444982,0,0.0,55.0,56.10812705174782,0.0,21.0
2026-10-12 12:04:00,21.684166915471053,7.158019401015953,299.93420504245364,0,0.0,55.0,52.48954477395156,0.0,21.0
2026-10-12 12:05:00,21.708716326672043,7.167091886179267,299.8971974926672,0,0.0,55.0,49.10433577716153,0.0,21.0
2026-10-12 12:06:00,21.73314431958566,7.176123113036862,299.8519681097195,0,0.0,55.0,45.937449114872585,0.0,21.0
2026-10-12 12:07:00,21.757455261770318,7.185112909647201,299.7985181335969,0,0.0,55.0,42.97480452149781,0.0,21.0
2026-10-12 12:08:00,21.78165315369651,7.194061104857512,299.7368490296575,0,0.0,55.0,40.20322981022955,0.0,21.0
2026-10-12 12:09:00,21.805741652607665,7.202967528307057,299.666962488591,0,0.0,55.0,37.610402308301104,0.0,21.0
2026-10-12 12:10:00,21.82972409484428,7.211832010430372,299.58886042637215,0,0.0,55.0,35.18479406926497,0.0,21.0
2026-10-12 12:11:00,21.85360351673045,7.220654382460497,299.5025449842085,0,0.0,55.0,32.915620618696416,0.0,21.0
2026-10-12 12:12:00,21.87738267411544,7.229434476432182,299.4080185284815,0,0.0,55.0,30.792793005441236,0.0,21.0
2026-10-12 12:13:00,21.901064060657166,7.238172125185098,299.3052836506816,0,0.0,55.0,28.80687294522302,0.0,21.0
2026-10-12 12:14:00,21.924649924928534,7.246867162367006,299.1943431673374,0,0.0,55.0,26.949030857174467,0.0,21.0
2026-10-12 12:15:00,21.948142286422733,7.255519422436932,299.0752001199384,0,0.0,55.0,25.21100660671932,0.0,21.0
2026-10-12 12:16:00,21.971542950528352,7.264128740668316,298.9478577748513,0,0.0,55.0,23.585072780264188,0.0,21.0
2026-10-12 12:17:00,21.99485352254084,7.272694953152149,298.81231962323085,0,0.0,55.0,22.064000328416224,0.0,21.0
2026-10-12 12:18:00,22.018075420772387,7.281217896800094,298.668589380924,0,0.0,55.0,20.641026424973287,0.0,21.0
2026-10-12 12:19:00,22.041209888818422,7.289697409347586,298.5166709883679,0,0.0,55.0,19.309824398784713,0.0,21.0
2026-10-12 12:20:00,22.064258007035086,7.298133329356935,298.356568610482,0,0.0,55.0,18.064475604797057,0.0,21.0
2026-10-12 12:21:00,22.08722070327855,7.306525496220378,298.1882866365539,0,0.0,55.0,16.899443109220904,0.0,21.0
2026-10-12 12:22:00,22.11009876295382,7.31487375016316,298.0118296801189,0,0.0,55.0,15.809547071820596,0.0,21.0
2026-10-12 12:23:00,22.132892838417515,7.323177932246557,297.82720257883364,0,0.0,55.0,14.789941715874328,0.0,21.0
2026-10-12 12:24:00,22.15560345777628,7.331437884370914,297.6344103943433,0,0.0,55.0,13.836093783410943,0.0,21.0
2026-10-12 12:25:00,22.178231033119854,7.339653449278645,297.4334584121431,0,0.0,55.0,12.943762379933482,0.0,21.0
2026-10-12 12:26:00,22.200775868225172,7.347824470557242,297.2243521414331,0,0.0,55.0,12.108980119017248,0.0,21.0
2026-10-12 12:27:00,22.22323816576568,7.3559507926422345,297.00709731496727,0,0.0,55.0,11.328035482949627,0.0,21.0
2026-10-12 12:28:00,22.245618034057713,7.364032260820166,296.7816998888965,0,0.0,55.0,10.597456320985392,0.0,21.0
2026-10-12 12:29:00,22.267915493373835,7.37206872123153,296.5481660426051,0,0.0,55.0,9.913994411849304,0.0,21.0
2026-10-12 12:30:00,22.253050788135585,7.380060020873706,296.3065021785413,26,0.0,55.0,9.274611021849449,2375.0,229.0
2026-10-12 12:31:00,22.23832559043977,7.388006007603867,296.05671492204215,26,0.0,55.0,8.676463394391389,2375.0,229.0
2026-10-12 12:32:00,22.223738029208874,7.395906530141879,295.7988111211515,26,0.0,55.0,8.116892110824285,2375.0,229.0
2026-10-12 12:33:00,22.209286181507583,7.403761438073182,295.5327978464322,26,0.0,55.0,7.593409266424151,2375.0,229.0
2026-10-12 12:34:00,22.1949680774098,7.411570581851652,295.2586823907726,26,0.0,55.0,7.103687408943606,2375.0,229.0
2026-10-12 12:35:00,22.180781704541467,7.4193338128024475,294.9764722691864,26,0.0,55.0,6.645549190547897,2375.0,229.0
2026-10-12 12:36:00,22.166725012320164,7.4270509831248415,294.6861752186066,26,0.0,55.0,6.2169576871287715,2375.0,229.0
2026-10-12 12:37:00,22.152795915911184,7.434721945895037,294.38779919767353,26,0.0,55.0,5.816007341954977,2375.0,229.0
2026-10-12 12:38:00,22.138992299918392,7.442346555068958,294.0813523865166,26,0.0,55.0,5.440915493394054,2375.0,229.0
2026-10-12 12:39:00,22.12531202182709,7.449924665485037,293.76684318652974,26,0.0,55.0,5.090014449036889,2375.0,229.0
2026-10-12 12:40:00,22.11175291521497,7.457456132866975,293.4442802201417,26,0.0,55.0,4.761744070985871,2375.0,229.0
2026-10-12 12:41:00,22.0983127927462,7.464940813826491,293.1136723305791,26,0.0,55.0,4.454644839340173,2375.0,229.0
2026-10-12 12:42:00,22.08498944896265,7.472378565866046,292.7750285816242,26,0.0,55.0,4.167351363037781,2375.0,229.0
2026-10-12 12:43:00,22.071780662885523,7.479769247381566,292.42835825736654,26,0.0,55.0,3.8985863092028774,2375.0,229.0
2026-10-12 12:44:00,22.05868420043962,7.487112717665124,292.07367086194813,26,0.0,55.0,3.647154724007926,2375.0,229.0
2026-10-12 12:45:00,22.045697816711794,7.494408836907636,291.710976119303,26,0.0,55.0,3.411938719800477,2375.0,229.0
2026-10-12 12:46:00,22.03281925805434,7.501657466201505,291.3402839728908,26,0.0,55.0,3.191892504873182,2375.0,229.0
2026-10-12 12:47:00,22.020046264043447,7.508858467543279,290.961604585424,26,0.0,55.0,2.986037733778929,2375.0,229.0
2026-10-12 12:48:00,22.007376569302085,7.516011703836273,290.5749483385893,26,0.0,55.0,2.7934591575181704,2375.0,229.0
2026-10-12 12:49:00,21.994807905196176,7.523117038893178,290.18032583276306,26,0.0,55.0,2.6133005542587866,2375.0,229.0
2026-10-12 12:50:00,21.982338001412284,7.530174337438657,289.7777478867205,26,0.0,55.0,2.4447609224960933,2375.0,229.0
2026-10-12 12:51:00,21.969964587424563,7.537183465111919,289.36722553733944,26,0.0,55.0,2.287090919727437,2375.0,229.0
2026-10-12 12:52:00,21.957685393858146,7.544144288469278,288.9487700392975,26,0.0,55.0,2.139589530807404,2375.0,229.0
2026-10-12 12:53:00,21.945498153755764,7.551056674986689,288.52239286476345,26,0.0,55.0,2.0016009511708486,2375.0,229.0
2026-10-12 12:54:00,21.933400603753878,7.5579204930622765,288.08810570308293,26,0.0,55.0,1.8725116710662588,2375.0,229.0
2026-10-12 12:55:00,21.921390485174253,7.56473561201884,287.64592046045794,26,0.0,55.0,1.7517477478357122,2375.0,229.0
2026-10-12 12:56:00,21.909465545036497,7.571501902106337,287.19584925962016,26,0.0,55.0,1.6387722541137137,2375.0,229.0
2026-10-12 12:57:00,21.89762353699672,7.578219234504358,286.73790443949906,26,0.0,55.0,1.5330828905993885,2375.0,229.0
2026-10-12 12:58:00,21.885862222217156,7.584887481324578,286.2720985548831,26,0.0,55.0,1.4342097527881914,2375.0,229.0
2026-10-12 12:59:00,21.874179370171294,7.591506515613187,285.7984443760759,26,0.0,55.0,1.341713241733823,2375.0,229.0
2026-10-12 13:00:00,21.862572759388694,7.598076211353316,285.3169548885461,26,0.0,55.0,1.2551821095514069,2375.0,229.0
2026-10-12 13:01:00,21.851040178143503,7.604596443467427,284.8276432925711,26,0.0,55.0,1.1742316309720624,2375.0,229.0
2026-10-12 13:02:00,21.83957942509032,7.611067087819699,284.33052300287574,26,0.0,55.0,1.0985018928194332,2375.0,229.0
2026-10-12 13:03:00,21.828188309850926,7.617488021218392,283.82560764826354,26,0.0,55.0,1.0276561938030333,2375.0,229.0
2026-10-12 13:04:00,21.816864653555058,7.623859121418187,283.31291107124434,26,0.0,55.0,0.9613795475137435,2375.0,229.0
2026-10-12 13:05:00,21.805606289338293,7.630180267122523,282.7924473276535,26,0.0,55.0,0.8993772819656431,2375.0,229.0
2026-10-12 13:06:00,21.79441106279988,7.636451337985896,282.26423068626764,26,0.0,55.0,0.84137372945761,2375.0,229.0
2026-10-12 13:07:00,21.78327683242313,7.642672214616157,281.72827562841275,26,0.0,55.0,0.7871110009296968,2375.0,229.0
2026-10-12 13:08:00,21.772201469960873,7.64884277857678,281.1845968475675,26,0.0,55.0,0.7363478393649595,2375.0,229.0
2026-10-12 13:09:00,21.761182860788306,7.654962912389125,280.6332092489602,26,0.0,55.0,0.6888585471388593,2375.0,229.0
2026-10-12 13:10:00,21.750218904225356,7.661032499534665,280.0741279491606,26,0.0,55.0,0.6444319825471349,2375.0,229.0
2026-10-12 13:11:00,21.73930751383063,7.66705142445721,279.50736827566465,26,0.0,55.0,0.6028706210506183,2375.0,229.0
2026-10-12 13:12:00,21.728446617668837,7.673019572565103,278.9329457664755,26,0.0,55.0,0.5639896770632029,2375.0,229.0
2026-10-12 13:13:00,21.717634158553413,7.678936830233411,278.350876169676,26,0.0,55.0,0.5276162823783527,2375.0,229.0
2026-10-12 13:14:00,21.70686809426608,7.6848030848060755,277.7611754429985,26,0.0,55.0,0.4935887175813634,2375.0,229.0
2026-10-12 13:15:00,21.696146397754834,7.690618224598065,277.163859753386,26,0.0,55.0,0.46175569303016395,2375.0,229.0
2026-10-12 13:16:00,21.685467057311804,7.696382138897501,276.55894547655015,26,0.0,55.0,0.4319756762078339,2375.0,229.0
2026-10-12 13:17:00,21.6748280767324,7.702094717967764,275.9464491965213,26,0.0,55.0,0.40411626245618504,2375.0,229.0
2026-10-12 13:18:00,21.664227475456947,7.707755853049582,275.3263877051943,26,0.0,55.0,0.37805358629263164,2375.0,229.0
2026-10-12 13:19:00,21.65366328869604,7.7133654363631035,274.69877800186833,26,0.0,55.0,0.35367177069301037,2375.0,229.0
2026-10-12 13:20:00,21.643133567540694,7.71892336110995,274.06363729278024,26,0.0,55.0,0.3308624118918118,2375.0,229.0
2026-10-12 13:21:00,21.632636379058344,7.724429521475244,273.4209829906336,26,0.0,55.0,0.3095240974091982,2375.0,229.0
2026-10-12 13:22:00,21.622169806375666,7.729883812629629,272.7708327141206,26,0.0,55.0,0.28956195516191174,2375.0,229.0
2026-10-12 13:23:00,21.611731948749114,7.735286130731266,272.1132042874395,26,0.0,55.0,0.2708872316533805,2375.0,229.0
2026-10-12 13:24:00,21.60132092162402,7.740636372927803,271.4481157398058,26,0.0,55.0,0.2534168973676154,2375.0,229.0
2026-10-12 13:25:00,21.59093485668305,7.745934437358342,270.7755853049582,26,0.0,55.0,0.23707327761244482,2375.0,229.0
2026-10-12 13:26:00,21.58057190188478,7.751180223155372,270.09563142065804,26,0.0,55.0,0.22178370717078197,2375.0,229.0
2026-10-12 13:27:00,21.570230221493034,7.756373630446695,269.4082727281848,26,0.0,55.0,0.20748020722447344,2375.0,229.0
2026-10-12 13:28:00,21.559907996097674,7.7615145603573215,268.7135280718238,26,0.0,55.0,0.19409918311430244,2375.0,229.0
2026-10-12 13:29:00,21.549603422627428,7.7666029150113545,268.01141649835137,26,0.0,55.0,0.18158114159236097,2375.0,229.0
2026-10-12 13:30:00,21.539314714355324,7.77163859753386,267.3019572565104,26,0.0,55.0,0.1698704263096689,2375.0,229.0
2026-10-12 13:31:00,21.529040100897262,7.776621512052699,266.58516979648465,26,0.0,55.0,0.15891497036299396,2375.0,229.0
2026-10-12 13:32:00,21.518777828204207,7.781551563700362,265.86107376936445,26,0.0,55.0,0.14866606480067338,2375.0,229.0
2026-10-12 13:33:00,21.50852615854847,7.7864286586157725,265.12968902660805,26,0.0,55.0,0.13907814205819308,2375.0,229.0
2026-10-12 13:34:00,21.498283370504513,7.791252703946074,264.3910356194977,26,0.0,55.0,0.13010857336065923,2375.0,229.0
2026-10-12 13:35:00,21.488047758924676,7.7960236078483955,263.6451337985896,26,0.0,55.0,0.12171747919139538,2375.0,229.0
2026-10-12 13:36:00,21.477817634910203,7.800741279491605,262.8920040131591,26,0.0,55.0,0.11386755198399096,2375.0,229.0
2026-10-12 13:37:00,21.467591325777907,7.805405629058035,262.1316669106395,26,0.0,55.0,0.10652389024947438,2375.0,229.0
2026-10-12 13:38:00,21.45736717502282,7.810016567745192,261.3641433360568,26,0.0,55.0,0.09965384340112472,2375.0,229.0
2026-10-12 13:39:00,21.447143542277136,7.814574007767453,260.5894543314574,26,0.0,55.0,0.09322686658699916,2375.0,229.0
2026-10-12 13:40:00,21.4369188032657,7.819077862357725,259.8076211353316,26,0.0,55.0,0.08721438488474845,2375.0,229.0
2026-10-12 13:41:00,21.426691349758368,7.823528045769112,259.01866518203155,26,0.0,55.0,0.08158966625491812,2375.0,229.0
2026-10-12 13:42:00,21.416459589519413,7.827924473276535,258.22260810118314,26,0.0,55.0,0.07632770268787438,2375.0,229.0
2026-10-12 13:43:00,21.4062219462543,7.832267061178353,257.4194717170934,26,0.0,55.0,0.07140509901592307,2375.0,229.0
2026-10-12 13:44:00,21.395976859553954,7.83655572679795,256.609278048152,26,0.0,55.0,0.06679996889627032,2375.0,229.0
2026-10-12 13:45:00,21.385722784836805,7.840790388485317,255.79204930622768,26,0.0,55.0,0.06249183750235569,2375.0,229.0
2026-10-12 13:46:00,21.375458193288733,7.844970965618598,254.96780789605916,26,0.0,55.0,0.05846155049091456,2375.0,229.0
2026-10-12 13:47:00,21.365181571801145,7.849097378605631,254.13657641464113,26,0.0,55.0,0.05469118884002917,2375.0,229.0
2026-10-12 13:48:00,21.35489142290731,7.853169548885461,253.2983776506045,26,0.0,55.0,0.05116398917953055,2375.0,229.0
2026-10-12 13:49:00,21.34458626471714,7.857187398929835,252.45323458359184,26,0.0,55.0,0.04786426925953294,2375.0,229.0
2026-10-12 13:50:00,21.334264630850512,7.8611508522446805,251.6011703836272,26,0.0,55.0,0.044777358225727204,2375.0,229.0
2026-10-12 13:51:00,21.323925070369317,7.86505983337156,250.7422084104811,26,0.0,55.0,0.041889531391430763,2375.0,229.0
2026-10-12 13:52:00,21.313566147708336,7.868914267889107,249.87637221302978,26,0.0,55.0,0.0391879492163847,2375.0,229.0
2026-10-12 13:53:00,21.303186442605053,7.8727140824144435,249.00368552861033,26,0.0,55.0,0.0366606002209922,2375.0,229.0
2026-10-12 13:54:00,21.292784550028532,7.876459204604579,248.1241722823685,26,0.0,55.0,0.034296247582189875,2375.0,229.0
2026-10-12 13:55:00,21.28235908010744,7.880149563157786,247.23785658660475,26,0.0,55.0,0.03208437917351236,2375.0,229.0
2026-10-12 13:56:00,21.271908658057324,7.883785087814957,246.34476274011124,26,0.0,55.0,0.030015160827223778,2375.0,229.0
2026-10-12 13:57:00,21.261431924107228,7.887365709360942,245.44491522750712,26,0.0,55.0,0.028079392610715237,2375.0,229.0
2026-10-12 13:58:00,21.250927533425727,7.8908913596258685,244.53833871856634,26,0.0,55.0,0.0262684679227693,2375.0,229.0
2026-10-12 13:59:00,21.240394156046452,7.894361971486439,243.62505806754191,26,0.0,55.0,0.02457433522782967,2375.0,229.0
2026-10-12 14:00:00,21.22983047679318,7.897777478867205,242.70509831248424,26,0.0,55.0,0.02298946225814321,2375.0,229.0
2026-10-12 14:01:00,21.219235195204565,7.90113781674183,241.77848467455473,26,0.0,55.0,0.021506802524613722,2375.0,229.0
2026-10-12 14:02:00,21.208607025458548,7.904442921134323,240.84524255733433,26,0.0,55.0,0.02011976398747177,2375.0,229.0
2026-10-12 14:03:00,21.19794469629653,7.907692729120264,239.90539754612712,26,0.0,55.0,0.018822179747467437,2375.0,229.0
2026-10-12 14:04:00,21.187246950947333,7.9108871788279895,238.95897540725892,26,0.0,55.0,0.01760828062727644,2375.0,229.0
2026-10-12 14:05:00,21.176512547051015,7.914026209439784,238.00600208737055,26,0.0,55.0,0.016472669521214026,2375.0,229.0
2026-10-12 14:06:00,21.16574025658259,7.9171097611930294,237.04650371270716,26,0.0,55.0,0.015410297399213155,2375.0,229.0
2026-10-12 14:07:00,21.15492886577568,7.920137775381345,236.0805065884012,26,0.0,55.0,0.01441644085837848,2375.0,229.0
2026-10-12 14:08:00,21.14407717504614,7.923110194355706,235.10803719775203,26,0.0,55.0,0.01348668112230828,2375.0,229.0
2026-10-12 14:09:00,21.133183998915694,7.9260269615255385,234.12912220149892,26,0.0,55.0,0.012616884394813455,2375.0,229.0
2026-10-12 14:10:00,21.12224816593565,7.9288880213598,233.1437884370913,26,0.0,55.0,0.011803183480684402,2375.0,229.0
2026-10-12 14:11:00,21.11126851861063,7.931693319388037,232.15206291795187,26,0.0,55.0,0.011041960591790061,2375.0,229.0
2026-10-12 14:12:00,21.100243913322476,7.934442802201417,231.15397283273677,26,0.0,55.0,0.010329831262063459,2375.0,229.0
2026-10-12 14:13:00,21.089173220254242,7.937136417453751,230.14954554458987,26,0.0,55.0,0.009663629299858338,2375.0,229.0
2026-10-12 14:14:00,21.078055323314352,7.939774113862489,229.1388085903927,26,0.0,55.0,0.009040392710773677,2375.0,229.0
2026-10-12 14:15:00,21.06688912006096,7.942355841209691,228.1217896800093,26,0.0,55.0,0.008457350528357697,2375.0,229.0
2026-10-12 14:16:00,21.055673521626478,7.944881550342992,227.09851669552683,26,0.0,55.0,0.007911910494139468,2375.0,229.0
2026-10-12 14:17:00,21.044407452642346,7.947351193176529,226.06901769049142,26,0.0,55.0,0.007401647532212431,2375.0,229.0
2026-10-12 14:18:00,21.033089851164032,7.949764722691864,225.0333208891378,26,0.0,55.0,0.006924292967126765,2375.0,229.0
2026-10-12 14:19:00,21.02171966859628,7.952122092938873,223.9914546856174,26,0.0,55.0,0.006477724437152395,2375.0,229.0
2026-10-12 14:20:00,21.010295869618634,7.954423259036624,222.94344764321826,26,0.0,55.0,0.00605995645806607,2375.0,229.0
2026-10-12 14:21:00,20.998817432111238,7.956668177174233,221.88932849358298,26,0.0,55.0,0.00566913159550827,2375.0,229.0
2026-10-12 14:22:00,20.987285378216136,7.9588568046116945,220.82912613592032,26,0.0005912839443809048,55.0,0.07977846971698056,2375.0,229.0
2026-10-12 14:23:00,20.975718384752135,7.960989099680695,219.76286963621362,26,0.006357310891932144,55.0,0.8758880723510616,2375.0,229.0
2026-10-12 14:24:00,20.964133787993145,7.963065021785413,218.69058822642344,26,0.012140807623932659,55.0,2.350587194482796,2375.0,229.0
2026-10-12 14:25:00,20.952547641965456,7.965084531403281,217.61231130368637,26,0.017933106003427568,55.0,4.462177482366467,2375.0,229.0
2026-10-12 14:26:00,20.940974775288666,7.96704759008575,216.52806842950858,26,0.02372617901727203,55.0,7.170638010266748,2375.0,229.0
2026-10-12 14:27:00,20.92942884655004,7.968954160459011,215.43788932895674,26,0.029512612355667045,55.0,10.437589483093111,2375.0,229.0
2026-10-12 14:28:00,20.917922398205953,7.970804206224711,214.34180388984097,26,0.03528557672498067,55.0,14.226257741326835,2375.0,229.0
2026-10-12 14:29:00,20.90646690900745,7.9725976921606465,213.23984216189777,26,0.04103880089702372,55.0,18.501436692699613,2375.0,229.0
2026-10-12 14:30:00,20.89507284495013,7.974334584121431,212.13203435596427,26,0.04676654549627557,55.0,23.22945078434643,2375.0,229.0
2026-10-12 14:31:00,20.88374970875138,7.976014849039145,211.01841084315117,26,0.0524635775249358,55.0,28.37811711948326,2375.0,229.0
2026-10-12 14:32:00,20.87250608786057,7.977638454923966,209.8990021540097,26,0.05812514562430948,55.0,33.916707313952266,2375.0,229.0
2026-10-12 14:33:00,20.86134970101014,7.979205370864779,208.77383897769423,26,0.06374695606971414,55.0,39.81590918011854,2375.0,229.0
2026-10-12 14:34:00,20.850287443317637,7.980715567029762,207.64295216112214,26,0.0693251494949294,55.0,46.04778831850403,2375.0,229.0
2026-10-12 14:35:00,20.83932542995072,7.982169014666959,206.50637270812618,26,0.07485627834118169,55.0,52.5857496911248,2375.0,229.0
2026-10-12 14:36:00,20.828469038368873,7.98356568610482,205.36413177860666,26,0.08033728502464044,55.0,59.40449924466979,2375.0,229.0
2026-10-12 14:37:00,20.81772294915715,7.984905554752736,204.21626068767537,26,0.08576548081556368,55.0,66.48000564636585,2375.0,229.0
2026-10-12 14:38:00,20.807091185468792,7.986188595101536,203.06279090479822,26,0.09113852542142453,55.0,73.78946219054649,2375.0,229.0
2026-10-12 14:39:00,20.796577151094766,7.987414782723985,201.903754052932,26,0.09645440726560395,55.0,81.31124892952451,2375.0,229.0
2026-10-12 14:40:00,20.786183667179603,7.988584094275237,200.7391819076575,26,0.10171142445261694,55.0,89.0248950783195,2375.0,229.0
2026-10-12 14:41:00,20.775913007603883,7.989696507493284,199.56910639630829,26,0.10690816641019829,55.0,96.91104173905626,2375.0,229.0
2026-10-12 14:42:00,20.765766933054728,7.990752001199384,198.39355959709565,26,0.11204349619805853,55.0,104.95140498739951,2375.0,229.0
2026-10-12 14:43:00,20.755746723806606,7.991750555298458,197.2125737382287,26,0.11711653347263606,55.0,113.12873936018757,2375.0,229.0
2026-10-12 14:44:00,20.745853211235435,7.992692150779472,196.02618119703178,26,0.122126638096697,55.0,121.42680178043705,2375.0,229.0
2026-10-12 14:45:00,20.73608680808979,7.99357676971581,194.83441449905513,26,0.1270733943822826,55.0,129.83031595309828,2375.0,229.0
2026-10-12 14:46:00,20.726447537543603,7.994404395265601,193.63730631718516,26,0.13195659595510456,55.0,138.32493726230996,2375.0,229.0
2026-10-12 14:47:00,20.716935061055274,7.995175011672046,192.43488947074744,26,0.1367762312281986,55.0,146.89721819842381,2375.0,229.0
2026-10-12 14:48:00,20.707548705058695,7.995888604263722,191.22719692460694,26,0.14153246947236298,55.0,155.53457434072243,2375.0,229.0
2026-10-12 14:49:00,20.698287486512005,7.996545159454852,190.01426178826506,26,0.14622564747065248,55.0,164.2252509195231,2375.0,229.0
2026-10-12 14:50:00,20.689150137330362,7.997144664745573,188.7961173149512,26,0.15085625674399772,55.0,172.95828997923485,2375.0,229.0
2026-10-12 14:51:00,20.680135127729244,7.997687108722168,187.57279690071164,26,0.15542493133481905,55.0,181.72349816190473,2375.0,229.0
2026-10-12 14:52:00,20.671240688505087,7.998172481057287,186.34433408349307,26,0.159932436135378,55.0,190.51141512884536,2375.0,229.0
2026-10-12 14:53:00,20.662464832280257,7.998600772510139,185.1107625422246,26,0.1643796557474566,55.0,199.3132826360685,2375.0,229.0
2026-10-12 14:54:00,20.65380537373949,7.998971974926672,183.87211609589292,26,0.16876758385987145,55.0,208.12101427745574,2375.0,229.0
2026-10-12 14:55:00,20.645259948885037,7.9992860812397275,182.62842870261628,26,0.17309731313025445,55.0,216.92716590787234,2375.0,229.0
2026-10-12 14:56:00,20.636826033337822,7.999543085469174,181.37973445871248,26,0.17737002555748127,55.0,225.72490675676806,2375.0,229.0
2026-10-12 14:57:00,20.62850095971189,7.999742982722021,180.12606759776534,26,0.1815869833310888,55.0,234.50799124120704,2375.0,229.0
2026-10-12 14:58:00,20.620281934089434,7.999885769192514,178.8674624896848,26,0.18574952014405532,55.0,243.27073148572893,2375.0,229.0
2026-10-12 14:59:00,20.612166051623586,7.999971442162203,177.6039536397659,26,0.18985903295528317,55.0,252.00797055495613,2375.0,229.0
2026-10-12 15:00:00,20.625661310288354,8.0,176.33557568774197,0,0.1939169741882072,55.0,260.7150564034335,0.0,21.0
2026-10-12 15:01:00,20.639122102346136,7.999971442162203,175.06236340683523,0,0.18716934485582293,55.0,267.97401133618854,0.0,21.0
2026-10-12 15:02:00,20.652510751957468,7.999885769192514,173.78435170280363,0,0.18043894882693223,55.0,273.88179489834926,0.0,21.0
2026-10-12 15:03:00,20.66579219692744,7.999742982722021,172.50157561298352,0,0.1737446240212659,55.0,278.5315691808248,0.0,21.0
2026-10-12 15:04:00,20.678933882134025,7.999543085469174,171.2140703053295,0,0.1671039015362794,55.0,282.01275853123934,0.0,21.0
2026-10-12 15:05:00,20.691905654899774,7.9992860812397275,169.92187107744985,0,0.16053305893298742,55.0,284.4111138539892,0.0,21.0
2026-10-12 15:06:00,20.70467966241679,7.998971974926672,168.62501335563925,0,0.15404717255011313,55.0,285.8087810679659,0.0,21.0
2026-10-12 15:07:00,20.717230251323038,7.998600772510139,167.32353269390697,0,0.14766016879160482,55.0,286.2843732942776,0.0,21.0
2026-10-12 15:08:00,20.72953386951643,7.998172481057287,166.01746477300333,0,0.14138487433848113,55.0,285.9130463534334,0.0,21.0
2026-10-12 15:09:00,20.74156897028177,7.997687108722168,164.70684539943952,0,0.1352330652417848,55.0,284.7665771614242,0.0,21.0
2026-10-12 15:10:00,20.753315918794588,7.997144664745573,163.39171050450818,0,0.12921551485911564,55.0,282.9134446264772,0.0,21.0
2026-10-12 15:11:00,20.764756901055435,7.996545159454852,162.07209614329653,0,0.12334204060270615,55.0,280.4189126625593,0.0,21.0
2026-10-12 15:12:00,20.775875835297914,7.995888604263722,160.74803849369908,0,0.11762154947228254,55.0,277.3451149515736,0.0,21.0
2026-10-12 15:13:00,20.78665828590423,7.995175011672046,159.41957385542494,0,0.1120620823510432,55.0,273.7511411032908,0.0,21.0
2026-10-12 15:14:00,20.7970913798528,7.994404395265601,158.0867386490033,0,0.10667085704788448,55.0,269.6931238800773,0.0,21.0
2026-10-12 15:15:00,20.807163725713867,7.99357676971581,156.74956941478467,0,0.10145431007359917,55.0,265.22432717214497,0.0,21.0
2026-10-12 15:16:00,20.81686533520102,7.992692150779472,155.40810281193905,0,0.09641813714306657,55.0,260.39523442812043,0.0,21.0
2026-10-12 15:17:00,20.82618754727896,7.991750555298458,154.062375617451,0,0.09156733239949055,55.0,255.25363726498614,0.0,21.0
2026-10-12 15:18:00,20.835122954820818,7.990752001199384,152.71242472511133,0,0.08690622636052048,55.0,249.84472400071147,0.0,21.0
2026-10-12 15:19:00,20.843665333801933,7.989696507493284,151.35828714450582,0,0.08243852258959095,55.0,244.2111678719972,0.0,21.0
2026-10-12 15:20:00,20.85180957501098,7.988584094275237,149.99999999999997,0,0.07816733309903334,55.0,238.39321471836496,0.0,21.0
2026-10-12 15:21:00,20.859551618253967,7.987414782723985,148.63760052972233,0,0.07409521249451068,55.0,232.42876993222308,0.0,21.0
2026-10-12 15:22:00,20.866888389021675,7.986188595101536,147.2711260845423,0,0.07022419087301657,55.0,226.35348449242625,0.0,21.0
2026-10-12 15:23:00,20.87381773758659,7.984905554752736,145.90061412704728,0,0.06655580548916262,55.0,220.20083991614473,0.0,21.0
2026-10-12 15:24:00,20.88033838049155,7.98356568610482,144.52610223051457,0,0.06309113120670418,55.0,214.00223198050247,0.0,21.0
2026-10-12 15:25:00,20.886449844388554,7.982169014666959,143.1476280778826,0,0.05983080975422439,55.0,207.78705308137916,0.0,21.0
2026-10-12 15:26:00,20.892152412183286,7.980715567029762,141.76522946071623,0,0.05677507780572277,55.0,201.5827731119714,0.0,21.0
2026-10-12 15:27:00,20.897447071437995,7.979205370864779,140.378944278172,0,0.053923793908357,55.0,195.41501875813194,0.0,21.0
2026-10-12 15:28:00,20.902335464983118,7.977638454923966,138.9888105359585,0,0.05127646428100263,55.0,189.30765112115094,0.0,21.0
2026-10-12 15:29:00,20.906819843686012,7.976014849039145,137.59486634529455,0,0.04883226750844116,55.0,183.28284159149163,0.0,21.0
2026-10-12 15:30:00,20.91090302132348,7.974334584121431,136.19714992186405,0,0.0465900781569939,55.0,177.3611459090494,0.0,21.0
2026-10-12 15:31:00,20.91458833150346,7.9725976921606465,134.79569958476887,0,0.0445484893382595,55.0,171.56157635677368,0.0,21.0
2026-10-12 15:32:00,20.917879586580092,7.970804206224711,133.39055375547832,0,0.042705834248270236,55.0,165.90167204498485,0.0,21.0
2026-10-12 15:33:00,20.920781038505748,7.968954160459011,131.98175095677448,0,0.04106020670995392,55.0,160.39756725345808,0.0,21.0
2026-10-12 15:34:00,20.923297341562822,7.96704759008575,130.56932981169828,0,0.03960948074712611,55.0,155.06405780733814,0.0,21.0
2026-10-12 15:35:00,20.925433516917995,7.965084531403281,129.15332904248854,0,0.03835132921858886,55.0,149.91466547123784,0.0,21.0
2026-10-12 15:36:00,20.92719491894138,7.963065021785413,127.73378746952187,0,0.03728324154100271,55.0,144.9617003534618,0.0,21.0
2026-10-12 15:37:00,20.928587203233157,7.960989099680695,126.31074401024736,0,0.036402540529309135,55.0,140.21632131923357,0.0,21.0
2026-10-12 15:38:00,20.929616296300424,7.9588568046116945,124.88423767812036,0,0.0357063983834216,55.0,135.68859441810483,0.0,21.0
2026-10-12 15:39:00,20.930288366827575,7.956668177174233,123.45430758153262,0,0.035191851849788236,55.0,131.38754933642673,0.0,21.0
2026-10-12 15:40:00,20.930609798483825,7.954423259036624,122.02099292274013,0,0.034855816586212285,55.0,127.32123389089311,0.0,21.0
2026-10-12 15:41:00,20.930587164212337,7.952122092938873,120.58433299678796,0,0.03469510075808735,55.0,123.49676658376075,0.0,21.0
2026-10-12 15:42:00,20.930227201946128,7.949764722691864,119.14436719043432,0,0.03470641789383144,55.0,119.92038724443594,0.0,21.0
2026-10-12 15:43:00,20.929536791696762,7.947351193176529,117.70113498106842,0,0.03488639902693613,55.0,116.59750578572667,0.0,21.0
2026-10-12 15:44:00,20.928522933962853,7.944881550342992,116.25467593563094,0,0.03523160415161897,55.0,113.53274910622532,0.0,21.0
2026-10-12 15:45:00,20.92719272940637,7.942355841209691,114.80502970952696,0,0.03573853301857355,55.0,110.7300061730358,0.0,21.0
2026-10-12 15:46:00,20.92555335974589,7.939774113862489,113.35223604554014,0,0.03640363529681423,55.0,108.19247132142306,0.0,21.0
2026-10-12 15:47:00,20.923612069817008,7.937136417453751,111.89633477274276,0,0.03722332012705465,55.0,105.92268580996844,0.0,21.0
2026-10-12 15:48:00,20.9213761507514,7.934442802201417,110.43736580540333,0,0.038193965091496196,55.0,103.92257767149015,0.0,21.0
2026-10-12 15:49:00,20.918852924227156,7.931693319388037,108.97536914189365,0,0.03931192462430033,55.0,102.19349990135801,0.0,21.0
2026-10-12 15:50:00,20.916049727744323,7.9288880213598,107.51038486359006,0,0.04057353788642182,55.0,100.73626702592492,0.0,21.0
2026-10-12 15:51:00,20.91297390088081,7.9260269615255385,106.04245313377723,0,0.04197513612783865,55.0,99.55119009463198,0.0,21.0
2026-10-12 15:52:00,20.90963277248518,7.923110194355706,104.5716141965446,0,0.04351304955959456,55.0,98.63811013994862,0.0,21.0
2026-10-12 15:53:00,20.906033648763987,7.920137775381345,103.09790837568484,0,0.04518361375741087,55.0,97.99643014969922,0.0,21.0
2026-10-12 15:54:00,20.902183802222858,7.9171097611930294,101.6213760735874,0,0.046983175618006356,55.0,97.62514559653023,0.0,21.0
2026-10-12 15:55:00,20.89809046142151,7.914026209439784,100.14205777013136,0,0.04890809888857106,55.0,97.52287356929618,0.0,21.0
2026-10-12 15:56:00,20.893760801504467,7.9108871788279895,98.65999402157502,0,0.050954769289244695,55.0,97.68788055101929,0.0,21.0
2026-10-12 15:57:00,20.889201935470318,7.907692729120264,97.17522545944496,0,0.05311959924776666,55.0,98.1181088878108,0.0,21.0
2026-10-12 15:58:00,20.88442090614374,7.904442921134323,95.68779278942097,0,0.055399032264841,55.0,98.81120199275468,0.0,21.0
2026-10-12 15:59:00,20.879424678815685,7.90113781674183,94.19773679022168,0,0.057789546928130875,55.0,99.76452832825979,0.0,21.0
2026-10-12 16:00:00,20.882978181951678,7.897777478867205,92.70509831248425,0,0.0,55.0,93.33041310947173,0.0,0.0
2026-10-12 16:01:00,20.886115257805145,7.89436197148644,91.2099182776472,0,0.0,55.0,87.31125337979728,0.0,0.0
2026-10-12 16:02:00,20.888846478465393,7.8908913596258685,89.71223767682582,0,0.0,55.0,81.6802874086658,0.0,0.0
2026-10-12 16:03:00,20.891181728485325,7.887365709360942,88.21209756969125,0,0.0,55.0,76.41247941019697,0.0,0.0
2026-10-12 16:04:00,20.8931302496791,7.883785087814957,86.7095390833415,0,0.0,55.0,71.48440823182393,0.0,0.0
2026-10-12 16:05:00,20.89470068303077,7.8801495631577865,85.2046034111769,0,0.0,55.0,66.87416322172297,0.0,0.0
2026-10-12 16:06:00,20.895901107900198,7.876459204604579,83.69733181176873,0,0.0,55.0,62.56124681206635,0.0,0.0
2026-10-12 16:07:00,20.896739078700524,7.8727140824144435,82.18776560772967,0,0.0,55.0,58.5264833849751,0.0,0.0
2026-10-12 16:08:00,20.897221659210278,7.868914267889107,80.67594618457973,0,0.0,55.0,54.75193401598113,0.0,0.0
2026-10-12 16:09:00,20.897355454672642,7.865059833371561,79.16191498961211,0,0.0,55.0,51.22081671594058,0.0,0.0
2026-10-12 16:10:00,20.897146641824573,7.8611508522446805,77.64571353075617,0,0.0,55.0,47.91743181678666,0.0,0.0
2026-10-12 16:11:00,20.89660099698929,7.857187398929835,76.12738337544174,0,0.0,55.0,44.8270921693802,0.0,0.0
2026-10-12 16:12:00,20.89572392235699,7.853169548885461,74.60696614945657,0,0.0,55.0,41.936057843111314,0.0,0.0
2026-10-12 16:13:00,20.894520470570672,7.849097378605631,73.08450353580686,0,0.0,55.0,39.23147503692059,0.0,0.0
2026-10-12 16:14:00,20.892995367726314,7.8449709656185975,71.56003727357421,0,0.0,55.0,36.70131893013276,0.0,0.0
2026-10-12 16:15:00,20.89115303488968,7.840790388485317,70.03360915677166,0,0.0,55.0,34.33434021901233,0.0,0.0
2026-10-12 16:16:00,20.888997608225413,7.83655572679795,68.50526103319685,0,0.0,55.0,32.12001510133804,0.0,0.0
2026-10-12 16:17:00,20.8865329578279,7.832267061178352,66.97503480328537,0,0.0,55.0,30.048498486622783,0.0,0.0
2026-10-12 16:18:00,20.8837627053376,7.827924473276535,65.4429724189627,0,0.0,55.0,28.11058022394761,0.0,0.0
2026-10-12 16:19:00,20.880690240421192,7.823528045769112,63.909115882493,0,0.0,55.0,26.29764415279465,0.0,0.0
2026-10-12 16:20:00,20.877318736188762,7.819077862357726,62.37350724532792,0,0.0,55.0,24.601629794815274,0.0,0.0
2026-10-12 16:21:00,20.87365116361661,7.814574007767452,60.83618860695357,0,0.0,55.0,23.014996516211653,0.0,0.0
2026-10-12 16:22:00,20.869690305039764,7.810016567745192,59.29720211373777,0,0.0,55.0,21.53069000139435,0.0,0.0
2026-10-12 16:23:00,20.865438766774208,7.805405629058035,57.75658995777238,0,0.0,55.0,20.142110888854827,0.0,0.0
2026-10-12 16:24:00,20.86089899092492,7.800741279491605,56.21439437571763,0,0.0,55.0,18.843085429805097,0.0,0.0
2026-10-12 16:25:00,20.856073266432244,7.7960236078483955,54.670657647644184,0,0.0,55.0,17.62783803913017,0.0,0.0
2026-10-12 16:26:00,20.850963739405675,7.791252703946074,53.12542209587503,0,0.0,55.0,16.490965616612332,0.0,0.0
2026-10-12 16:27:00,20.845572422791008,7.7864286586157725,51.578730083823004,0,0.0,55.0,15.427413524257076,0.0,0.0
2026-10-12 16:28:00,20.83990120541387,7.781551563700363,50.030624014830785,0,0.0,55.0,14.432453112913743,0.0,0.0
2026-10-12 16:29:00,20.833951860439775,7.776621512052699,48.48114633100828,0,0.0,55.0,13.501660698272122,0.0,0.0
2026-10-12 16:30:00,20.827726053288384,7.77163859753386,46.930339512069295,0,0.0,55.0,12.63089789276044,0.0,0.0
2026-10-12 16:31:00,20.821225349037107,7.766602915011356,45.378246074165894,0,0.0,55.0,11.816293205898534,0.0,0.0
2026-10-12 16:32:00,20.81445121934701,7.761514560357321,43.824908568723444,0,0.0,55.0,11.054224831299727,0.0,0.0
2026-10-12 16:33:00,20.807405048941796,7.756373630446695,42.27036958127472,0,0.0,55.0,10.341304543790852,0.0,0.0
2026-10-12 16:34:00,20.80008814166867,7.751180223155372,40.714671730291336,0,0.0,55.0,9.67436263505555,0.0,0.0
2026-10-12 16:35:00,20.792501726168066,7.745934437358342,39.157857666015595,0,0.0,55.0,9.050433820823354,0.0,0.0
2026-10-12 16:36:00,20.784646961177422,7.740636372927803,37.599970069291096,0,0.0,55.0,8.466744056946641,0.0,0.0
2026-10-12 16:37:00,20.77652494049261,7.735286130731266,36.04105165039418,0,0.0,55.0,7.92069820574852,0.0,0.0
2026-10-12 16:38:00,20.768136697609076,7.729883812629629,34.48114514786013,0,0.0,55.0,7.409868497805142,0.0,0.0
2026-10-12 16:39:00,20.75948321006334,7.724429521475244,32.92029332731369,0,0.0,55.0,6.931983737862452,0.0,0.0
2026-10-12 16:40:00,20.750565403494175,7.718923361109949,31.358538980295986,0,0.0,55.0,6.484919206895906,0.0,0.0
2026-10-12 16:41:00,20.741384155441505,7.7133654363631035,29.79592492309175,0,0.0,55.0,6.066687215416819,0.0,0.0
2026-10-12 16:42:00,20.731940298899968,7.707755853049582,28.232493995554307,0,0.0,55.0,5.67542826602445,0.0,0.0
2026-10-12 16:43:00,20.72223462564292,7.702094717967764,26.668289059932697,0,0.0,55.0,5.309402785911756,0.0,0.0
2026-10-12 16:44:00,20.71226788933167,7.696382138897501,25.103352999694586,0,0.0,55.0,4.966983392566778,0.0,0.0
2026-10-12 16:45:00,20.702040808423828,7.690618224598065,23.53772871835352,0,0.0,55.0,4.646647658282263,0.0,0.0
2026-10-12 16:46:00,20.691554068893637,7.6848030848060755,21.97145913828964,0,0.0,55.0,4.346971341303867,0.0,0.0
2026-10-12 16:47:00,20.68080832677649,7.67893683023341,20.404587199574284,0,0.0,55.0,4.066622053522028,0.0,0.0
2026-10-12 16:48:00,20.669804210548875,7.673019572565103,18.837155858793942,0,0.0,55.0,3.8043533365534787,0.0,0.0
2026-10-12 16:49:00,20.658542323354425,7.66705142445721,17.26920808787021,0,0.0,55.0,3.5589991198741204,0.0,0.0
2026-10-12 16:50:00,20.647023245085904,7.661032499534666,15.700786872883276,0,0.0,55.0,3.3294685363636196,0.0,0.0
2026-10-12 16:51:00,20.635247534332496,7.654962912389125,14.131935212892754,0,0.0,55.0,3.114741072211163,0.0,0.0
2026-10-12 16:52:00,20.623215730201004,7.64884277857678,12.562696118759943,0,0.0,55.0,2.9138620296184135,0.0,0.0
2026-10-12 16:53:00,20.61092835401911,7.642672214616157,10.993112611966902,0,0.0,55.0,2.7259382821264326,0.0,0.0
2026-10-12 16:54:00,20.598385910928283,7.636451337985896,9.423227723438604,0,0.0,55.0,2.5501343036943664,0.0,0.0
2026-10-12 16:55:00,20.58558889137344,7.6301802671225225,7.853084492361893,0,0.0,55.0,2.3856684538748207,0.0,0.0
2026-10-12 16:56:00,20.572537772496016,7.623859121418187,6.282725965007,0,0.0,55.0,2.2318095025694746,0.0,0.0
2026-10-12 16:57:00,20.55923301943663,7.617488021218392,4.712195193546346,0,0.0,55.0,2.0878733789136836,0.0,0.0
2026-10-12 16:58:00,20.545675086553203,7.6110670878197,3.141535234873979,0,0.0,55.0,1.9532201298353167,0.0,0.0
2026-10-12 16:59:00,20.531864418559962,7.604596443467426,1.570789149425813,0,0.0,55.0,1.8272510747653021,0.0,0.0
2026-10-12 17:00:00,20.517801451592387,7.598076211353316,0.0,0,0.0,55.0,1.709406143849471,0.0,0.0
2026-10-12 17:01:00,20.50374365242735,7.591506515613188,0.0,0,0.0,55.0,1.5991613878271425,0.0,0.0
2026-10-12 17:02:00,20.489691155512922,7.584887481324577,0.0,0,0.0,55.0,1.4960266485051477,0.0,0.0
2026-10-12 17:03:00,20.47564408278217,7.578219234504358,0.0,0,0.0,55.0,1.3995433794700065,0.0,0.0
2026-10-12 17:04:00,20.461602544474363,7.571501902106337,0.0,0,0.0,55.0,1.3092826073489472,0.0,0.0
2026-10-12 17:05:00,20.447566639903265,7.56473561201884,0.0,0,0.0,55.0,1.224843024555349,0.0,0.0
2026-10-12 17:06:00,20.43353645817594,7.5579204930622765,0.0,0,0.0,55.0,1.1458492050387823,0.0,0.0
2026-10-12 17:07:00,20.419512078865235,7.551056674986689,0.0,0,0.0,55.0,1.0719499351067072,0.0,0.0
2026-10-12 17:08:00,20.405493572638946,7.544144288469278,0.0,0,0.0,55.0,1.002816651896514,0.0,0.0
2026-10-12 17:09:00,20.39148100184844,7.53718346511192,0.0,0,0.0,55.0,0.9381419825552092,0.0,0.0
2026-10-12 17:10:00,20.377474421079384,7.530174337438656,0.0,0,0.0,55.0,0.8776383776318083,0.0,0.0
2026-10-12 17:11:00,20.36347387766698,7.523117038893178,0.0,0,0.0,55.0,0.8210368326063734,0.0,0.0
2026-10-12 17:12:00,20.349479412178034,7.516011703836273,0.0,0,0.0,55.0,0.7680856918714974,0.0,0.0
2026-10-12 17:13:00,20.335491058861976,7.508858467543279,0.0,0,0.0,55.0,0.7185495298486287,0.0,0.0
2026-10-12 17:14:00,20.321508846072827,7.501657466201504,0.0,0,0.0,55.0,0.6722081042645771,0.0,0.0
2026-10-12 17:15:00,20.307532796664017,7.494408836907636,0.0,0,0.0,55.0,0.6288553769343739,0.0,0.0
2026-10-12 17:16:00,20.293562928357773,7.487112717665125,0.0,0,0.0,55.0,0.5882985976967977,0.0,0.0
2026-10-12 17:17:00,20.27959925409073,7.479769247381565,0.0,0,0.0,55.0,0.5503574474296599,0.0,0.0
2026-10-12 17:18:00,20.265641782337294,7.472378565866046,0.0,0,0.0,55.0,0.5148632363346182,0.0,0.0
2026-10-12 17:19:00,20.251690517412207,7.464940813826491,0.0,0,0.0,55.0,0.48165815392701994,0.0,0.0
2026-10-12 17:20:00,20.237745459753633,7.457456132866977,0.0,0,0.0,55.0,0.45059456739616127,0.0,0.0
2026-10-12 17:21:00,20.223806606188028,7.449924665485036,0.0,0,0.0,55.0,0.4215343652164089,0.0,0.0
2026-10-12 17:22:00,20.209873950177982,7.442346555068958,0.0,0,0.0,55.0,0.39434834309081956,0.0,0.0
2026-10-12 17:23:00,20.195947482054116,7.434721945895037,0.0,0,0.0,55.0,0.3689156294971066,0.0,0.0
2026-10-12 17:24:00,20.182027189232056,7.427050983124843,0.0,0,0.0,55.0,0.34512314828187957,0.0,0.0
2026-10-12 17:25:00,20.168113056415475,7.4193338128024475,0.0,0,0.0,55.0,0.3228651159138011,0.0,0.0
2026-10-12 17:26:00,20.154205065786073,7.411570581851652,0.0,0,0.0,55.0,0.3020425711604039,0.0,0.0
2026-10-12 17:27:00,20.140303197181343,7.403761438073182,0.0,0,0.0,55.0,0.2825629350974673,0.0,0.0
2026-10-12 17:28:00,20.126407428260922,7.395906530141879,0.0,0,0.0,55.0,0.26433959949471636,0.0,0.0
2026-10-12 17:29:00,20.11251773466225,7.388006007603865,0.0,0,0.0,55.0,0.24729154174776746,0.0,0.0
2026-10-12 17:30:00,20.098634090146245,7.380060020873706,0.0,0,0.0,55.0,0.23134296464427437,0.0,0.0
2026-10-12 17:31:00,20.084756466733594,7.37206872123153,0.0,0,0.0,55.0,0.21642295936264128,0.0,0.0
2026-10-12 17:32:00,20.07088483483233,7.364032260820165,0.0,0,0.0,55.0,0.20246519020496487,0.0,0.0
2026-10-12 17:33:00,20.057019163357204,7.3559507926422345,0.0,0,0.0,55.0,0.1894075996624997,0.0,0.0
2026-10-12 17:34:00,20.0431594198414,7.347824470557242,0.0,0,0.0,55.0,0.17719213250234075,0.0,0.0
2026-10-12 17:35:00,20.029305570541084,7.3396534492786465,0.0,0,0.0,55.0,0.16576447764858773,0.0,0.0
2026-10-12 17:36:00,20.015457580533262,7.331437884370912,0.0,0,0.0,55.0,0.15507382671037132,0.0,0.0
2026-10-12 17:37:00,20.00161541380735,7.323177932246557,0.0,0,0.0,55.0,0.14507264808313503,0.0,0.0
2026-10-12 17:38:00,19.987779033350893,7.31487375016316,0.0,0,0.0,55.0,0.13571647561880656,0.0,0.0
2026-10-12 17:39:00,19.973948401229777,7.306525496220379,0.0,0,0.0,55.0,0.1269637109252668,0.0,0.0
2026-10-12 17:40:00,19.960123478663327,7.298133329356934,0.0,0,0.0,55.0,0.1187754384161222,0.0,0.0
2026-10-12 17:41:00,19.94630422609459,7.289697409347586,0.0,0,0.0,55.0,0.11111525228847507,0.0,0.0
2026-10-12 17:42:00,19.932490603256124,7.281217896800094,0.0,0,0.0,55.0,0.10394909465941889,0.0,0.0
2026-10-12 17:43:00,19.918682569231578,7.27269495315215,0.0,0,0.0,55.0,0.0972451041415992,0.0,0.0
2026-10-12 17:44:00,19.90488008251335,7.2641287406683155,0.0,0,0.0,55.0,0.09097347418459316,0.0,0.0
2026-10-12 17:45:00,19.891083101056555,7.255519422436932,0.0,0,0.0,55.0,0.08510632055228046,0.0,0.0
2026-10-12 17:46:00,19.877291582329548,7.246867162367007,0.0,0,0.0,55.0,0.0796175573469983,0.0,0.0
2026-10-12 17:47:00,19.863505483361237,7.2381721251850974,0.0,0,0.0,55.0,0.0744827810292723,0.0,0.0
2026-10-12 17:48:00,19.849724760785367,7.229434476432182,0.0,0,0.0,55.0,0.0696791619174647,0.0,0.0
2026-10-12 17:49:00,19.835949370881995,7.220654382460497,0.0,0,0.0,55.0,0.06518534268493732,0.0,0.0
2026-10-12 17:50:00,19.82217926961632,7.211832010430372,0.0,0,0.0,55.0,0.06098134340343853,0.0,0.0
2026-10-12 17:51:00,19.808414412675056,7.202967528307056,0.0,0,0.0,55.0,0.057048472710528514,0.0,0.0
2026-10-12 17:52:00,19.794654755500474,7.194061104857512,0.0,0,0.0,55.0,0.053369244706085055,0.0,0.0
2026-10-12 17:53:00,19.780900253322304,7.185112909647201,0.0,0,0.0,55.0,0.04992730120840426,0.0,0.0
2026-10-12 17:54:00,19.767150861187602,7.176123113036864,0.0,0,0.0,55.0,0.046707339024239715,0.0,0.0
2026-10-12 17:55:00,19.753406533988738,7.167091886179266,0.0,0,0.0,55.0,0.04369504190941612,0.0,0.0
2026-10-12 17:56:00,19.739667226489594,7.158019401015953,0.0,0,0.0,55.0,0.04087701691750806,0.0,0.0
2026-10-12 17:57:00,19.725932893350127,7.1489058302739625,0.0,0,0.0,55.0,0.038240734853584396,0.0,0.0
2026-10-12 17:58:00,19.712203489149374,7.139751347462546,0.0,0,0.0,55.0,0.035774474568270244,0.0,0.0
2026-10-12 17:59:00,19.698478968407002,7.130556126869855,0.0,0,0.0,55.0,0.03346727084445278,0.0,0.0
2026-10-12 18:00:00,19.684759285603505,7.121320343559643,0.0,0,0.0,55.0,0.031308865644930586,0.0,0.0
2026-10-12 18:01:00,19.671044395199136,7.112044173367906,0.0,0,0.0,55.0,0.02928966250424901,0.0,0.0
2026-10-12 18:02:00,19.65733425165164,7.102727792899552,0.0,0,0.0,55.0,0.027400683861943616,0.0,0.0
2026-10-12 18:03:00,19.643628809432897,7.09337137952504,0.0,0,0.0,55.0,0.025633531147491378,0.0,0.0
2026-10-12 18:04:00,19.629928023044492,7.083975111376992,0.0,0,0.0,55.0,0.023980347439503724,0.0,0.0
2026-10-12 18:05:00,19.616231847032346,7.074539167346809,0.0,0,0.0,55.0,0.022433782533140805,0.0,0.0
2026-10-12 18:06:00,19.602540236000404,7.065063727081261,0.0,0,0.0,55.0,0.020986960260433524,0.0,0.0
2026-10-12 18:07:00,19.588853144623506,7.055548970979077,0.0,0,0.0,55.0,0.019633447918216543,0.0,0.0
2026-10-12 18:08:00,19.57517052765942,7.045995080187495,0.0,0,0.0,55.0,0.01836722766774605,0.0,0.0
2026-10-12 18:09:00,19.561492339960168,7.036402236598827,0.0,0,0.0,55.0,0.01718266977884242,0.0,0.0
2026-10-12 18:10:00,19.547818536482616,7.02677062284698,0.0,0,0.0,55.0,0.016074507599598765,0.0,0.0
2026-10-12 18:11:00,19.534149072298444,7.017100422304004,0.0,0,0.0,55.0,0.015037814140368467,0.0,0.0
2026-10-12 18:12:00,19.52048390260348,7.007391819076576,0.0,0,0.0,55.0,0.014067980167921934,0.0,0.0
2026-10-12 18:13:00,19.506822982726472,6.997644998002504,0.0,0,0.0,55.0,0.01316069371237724,0.0,0.0
2026-10-12 18:14:00,19.49316626813732,6.987860144647212,0.0,0,0.0,55.0,0.0123119208957906,0.0,0.0
2026-10-12 18:15:00,19.479513714454807,6.978037445300206,0.0,0,0.0,55.0,0.01151788799716884,0.0,0.0
2026-10-12 18:16:00,19.46586527745386,6.968177086971522,0.0,0,0.0,55.0,0.01077506467416328,0.0,0.0
2026-10-12 18:17:00,19.452220913072377,6.958279257388167,0.0,0,0.0,55.0,0.01008014826684718,0.0,0.0
2026-10-12 18:18:00,19.43858057741763,6.948344144990551,0.0,0,0.0,55.0,0.009430049113789894,0.0,0.0
2026-10-12 18:19:00,19.424944226772283,6.938371938928892,0.0,0,0.0,55.0,0.008821876815141662,0.0,0.0
2026-10-12 18:20:00,19.41131181760007,6.928362829059618,0.0,0,0.0,55.0,0.008252927381653506,0.0,0.0
2026-10-12 18:21:00,19.397683306551112,6.918317005941754,0.0,0,0.0,55.0,0.007720671212495555,0.0,0.0
2026-10-12 18:22:00,19.384058650466926,6.908234660833291,0.0,0,0.0,55.0,0.007222741848422122,0.0,0.0
2026-10-12 18:23:00,19.370437806385134,6.898115985687548,0.0,0,0.0,55.0,0.006756925450279073,0.0,0.0
2026-10-12 18:24:00,19.356820731543902,6.887961173149513,0.0,0,0.0,55.0,0.006321150956073982,0.0,0.0
2026-10-12 18:25:00,19.343207383386115,6.877770416552177,0.0,0,0.0,55.0,0.0059134808728464995,0.0,0.0
2026-10-12 18:26:00,19.329597719563306,6.867543909912858,0.0,0,0.0,55.0,0.005532102662398768,0.0,0.0
2026-10-12 18:27:00,19.31599169793936,6.857281847929503,0.0,0,0.0,55.0,0.005175320682586058,0.0,0.0
2026-10-12 18:28:00,19.302389276594,6.846984425976976,0.0,0,0.0,55.0,0.004841548648337857,0.0,0.0
2026-10-12 18:29:00,19.288790413826078,6.836651840103347,0.0,0,0.0,55.0,0.004529302578890453,0.0,0.0
2026-10-12 18:30:00,19.275195068156684,6.826284287026162,0.0,0,0.0,55.0,0.004237194199873739,0.0,0.0
2026-10-12 18:31:00,19.261603198332057,6.815881964128684,0.0,0,0.0,55.0,0.003963924770917339,0.0,0.0
2026-10-12 18:32:00,19.248014763326356,6.805445069456144,0.0,0,0.0,55.0,0.0037082793113330263,0.0,0.0
2026-10-12 18:33:00,19.234429722344263,6.7949738017119765,0.0,0,0.0,55.0,0.0034691211982002834,0.0,0.0
2026-10-12 18:34:00,19.22084803482345,6.784468360254024,0.0,0,0.0,55.0,0.0032453871128376205,0.0,0.0
2026-10-12 18:35:00,19.207269660436896,6.7739289450907485,0.0,0,0.0,55.0,0.003036082313191189,0.0,0.0
2026-10-12 18:36:00,19.193694559095093,6.763355756877418,0.0,0,0.0,55.0,0.002840276211121309,0.0,0.0
2026-10-12 18:37:00,19.180122690948117,6.7527489969123025,0.0,0,0.0,55.0,0.0026570982349231223,0.0,0.0
2026-10-12 18:38:00,19.166554016387607,6.74210886713282,0.0,0,0.0,55.0,0.0024857339586857635,0.0,0.0
2026-10-12 18:39:00,19.152988496048618,6.731435570111702,0.0,0,0.0,55.0,0.0023254214812808266,0.0,0.0
2026-10-12 18:40:00,19.139426090811387,6.720729309053137,0.0,0,0.0,55.0,0.002175448038880785,0.0,0.0
2026-10-12 18:41:00,19.125866761803003,6.709990287788909,0.0,0,0.0,55.0,0.0020351468359463085,0.0,0.0
2026-10-12 18:42:00,19.11231047039899,6.699218710774499,0.0,0,0.0,55.0,0.0019038940805927674,0.0,0.0
2026-10-12 18:43:00,19.09875717822482,6.688414783085207,0.0,0,0.0,55.0,0.0017811062111548837,0.0,0.0
2026-10-12 18:44:00,19.085206847157313,6.67757871041224,0.0,0,0.0,55.0,0.0016662373016185933,0.0,0.0
2026-10-12 18:45:00,19.071659439326023,6.666710699058807,0.0,0,0.0,55.0,0.0015587766343844285,0.0,0.0
2026-10-12 18:46:00,19.0581149171145,6.655810955936175,0.0,0,0.0,55.0,0.0014582464295707091,0.0,0.0
2026-10-12 18:47:00,19.044573243161526,6.64487968855974,0.0,0,0.0,55.0,0.0013641997207608156,0.0,0.0
2026-10-12 18:48:00,19.031034380362264,6.6339171050450805,0.0,0,0.0,55.0,0.0012762183677499255,0.0,0.0
2026-10-12 18:49:00,19.01749829186938,6.622923414103982,0.0,0,0.0,55.0,0.0011939111974557052,0.0,0.0
2026-10-12 18:50:00,19.003964941094083,6.611898825040472,0.0,0,0.0,55.0,0.0011169122647272753,0.0,0.0
2026-10-12 18:51:00,18.990434291707135,6.600843547746834,0.0,0,0.0,55.0,0.0010448792253198494,0.0,0.0
2026-10-12 18:52:00,18.976906307639812,6.589757792699615,0.0,0,0.0,55.0,0.0009774918138011448,0.0,0.0
2026-10-12 18:53:00,18.963380953084805,6.578641770955609,0.0,0,0.0,55.0,0.0009144504196221965,0.0,0.0
2026-10-12 18:54:00,18.949858192497093,6.567495694147848,0.0,0,0.0,55.0,0.0008554747550216587,0.0,0.0
2026-10-12 18:55:00,18.936337990594783,6.556319774481564,0.0,0,0.0,55.0,0.0008003026088409738,0.0,0.0
2026-10-12 18:56:00,18.922820312359896,6.545114224730162,0.0,0,0.0,55.0,0.0007486886807097575,0.0,0.0
2026-10-12 18:57:00,18.909305123039122,6.533879258231156,0.0,0,0.0,55.0,0.0007004034904180848,0.0,0.0
2026-10-12 18:58:00,18.89579238814456,6.522615088882114,0.0,0,0.0,55.0,0.0006552323576266441,0.0,0.0
2026-10-12 18:59:00,18.8822820734544,6.511321931136578,0.0,0,0.0,55.0,0.0006129744473784605,0.0,0.0
2026-10-12 19:00:00,18.868774145013592,6.5,0.0,0,0.0,55.0,0.0005734418771684457,0.0,0.0
2026-10-12 19:01:00,18.855268569134484,6.488649511025626,0.0,0,0.0,55.0,0.0005364588816007239,0.0,0.0
2026-10-12 19:02:00,18.84176531239743,6.4772706803104,0.0,0,0.0,55.0,0.0005018610309197269,0.0,0.0
2026-10-12 19:03:00,18.828264341651384,6.465863724490864,0.0,0,0.0,55.0,0.0004694944999405732,0.0,0.0
2026-10-12 19:04:00,18.814765624014445,6.454428860739011,0.0,0,0.0,55.0,0.0004392153841283327,0.0,0.0
2026-10-12 19:05:00,18.801269126874413,6.442966306758164,0.0,0,0.0,55.0,0.0004108890597854004,0.0,0.0
2026-10-12 19:06:00,18.787774817889296,6.431476280778824,0.0,0,0.0,55.0,0.0003843895855023161,0.0,0.0
2026-10-12 19:07:00,18.774282664987815,6.419959001554529,0.0,0,0.0,55.0,0.000359599142210825,0.0,0.0
2026-10-12 19:08:00,18.760792636369878,6.408414688357673,0.0,0,0.0,55.0,0.00033640750934960486,0.0,0.0
2026-10-12 19:09:00,18.747304700507037,6.396843560975335,0.0,0,0.0,55.0,0.0003147115748136446,0.0,0.0
2026-10-12 19:10:00,18.733818826142933,6.385245839705101,0.0,0,0.0,55.0,0.0002944148765084651,0.0,0.0
2026-10-12 19:11:00,18.720334982293718,6.373621745350871,0.0,0,0.0,55.0,0.00027542717347089023,0.0,0.0
2026-10-12 19:12:00,18.706853138248473,6.361971499218641,0.0,0,0.0,55.0,0.0002576640446495329,0.0,0.0
2026-10-12 19:13:00,18.693373263569594,6.350295323112306,0.0,0,0.0,55.0,0.00024104651356113665,0.0,0.0
2026-10-12 19:14:00,18.67989532809317,6.338593439329426,0.0,0,0.0,55.0,0.0002255006971539619,0.0,0.0
2026-10-12 19:15:00,18.666419301929352,6.326866070657004,0.0,0,0.0,55.0,0.0002109574773170308,0.0,0.0
2026-10-12 19:16:00,18.652945155462707,6.315113440367233,0.0,0,0.0,55.0,0.00019735219357473136,0.0,0.0
2026-10-12 19:17:00,18.639472859352555,6.30333577221325,0.0,0,0.0,55.0,0.00018462435560047315,0.0,0.0
2026-10-12 19:18:00,18.62600238453329,6.291533290424885,0.0,0,0.0,55.0,0.00017271737427120392,0.0,0.0
2026-10-12 19:19:00,18.612533702214705,6.279706219704376,0.0,0,0.0,55.0,0.0001615783100670315,0.0,0.0
2026-10-12 19:20:00,18.599066783882286,6.267854785222099,0.0,0,0.0,55.0,0.00015115763769731253,0.0,0.0
2026-10-12 19:21:00,18.585601601297512,6.255979212612283,0.0,0,0.0,55.0,0.00014140902590671446,0.0,0.0
2026-10-12 19:22:00,18.57213812649813,6.244079727968717,0.0,0,0.0,55.0,0.00013228913148224838,0.0,0.0
2026-10-12 19:23:00,18.55867633179843,6.232156557840432,0.0,0,0.0,55.0,0.00012375740654540945,0.0,0.0
2026-10-12 19:24:00,18.545216189789514,6.220209929227401,0.0,0,0.0,55.0,0.00011577591827262819,0.0,0.0
2026-10-12 19:25:00,18.53175767333953,6.208240069576211,0.0,0,0.0,55.0,0.00010830918024249338,0.0,0.0
2026-10-12 19:26:00,18.518300755593934,6.196247206775739,0.0,0,0.0,55.0,0.00010132399465990105,0.0,0.0
2026-10-12 19:27:00,18.504845409975708,6.184231569152803,0.0,0,0.0,55.0,9.478930475564378e-05,0.0,0.0
2026-10-12 19:28:00,18.49139161018559,6.172193385467823,0.0,0,0.0,55.0,8.86760567051955e-05,0.0,0.0
2026-10-12 19:29:00,18.4779393302023,6.160132884910461,0.0,0,0.0,55.0,8.295707045277022e-05,0.0,0.0
2026-10-12 19:30:00,18.464488544282737,6.14805029709527,0.0,0,0.0,55.0,7.760691886632656e-05,0.0,0.0
2026-10-12 19:31:00,18.451039226962177,6.1359458520573,0.0,0,0.0,55.0,7.260181468623054e-05,0.0,0.0
2026-10-12 19:32:00,18.437591353054476,6.123819780247735,0.0,0,0.0,55.0,6.791950476493976e-05,0.0,0.0
2026-10-12 19:33:00,18.424144897652244,6.1116723125295085,0.0,0,0.0,55.0,6.353917112748939e-05,0.0,0.0
2026-10-12 19:34:00,18.41069983612703,6.099503680172892,0.0,0,0.0,55.0,5.944133841288562e-05,0.0,0.0
2026-10-12 19:35:00,18.397256144129486,6.087314114851106,0.0,0,0.0,55.0,5.560778728488272e-05,0.0,0.0
2026-10-12 19:36:00,18.383813797589532,6.0751038486359,0.0,0,0.0,55.0,5.202147342716016e-05,0.0,0.0
2026-10-12 19:37:00,18.37037277271651,6.062873113993147,0.0,0,0.0,55.0,4.866645176274502e-05,0.0,0.0
2026-10-12 19:38:00,18.356933045999337,6.050622143778403,0.0,0,0.0,55.0,4.552780556075226e-05,0.0,0.0
2026-10-12 19:39:00,18.343494594206636,6.03835117123248,0.0,0,0.0,55.0,4.2591580115245066e-05,0.0,0.0
2026-10-12 19:40:00,18.330057394386877,6.026060429977006,0.0,0,0.0,55.0,3.984472070134551e-05,0.0,0.0
2026-10-12 19:41:00,18.31662142386851,6.013750154009981,0.0,0,0.0,55.0,3.727501453274263e-05,0.0,0.0
2026-10-12 19:42:00,18.303186660260085,6.001420577701314,0.0,0,0.0,55.0,3.4871036462535796e-05,0.0,0.0
2026-10-12 19:43:00,18.289753081450353,5.989071935788363,0.0,0,0.0,55.0,3.262209818599447e-05,0.0,0.0
2026-10-12 19:44:00,18.2763206656084,5.97670446337147,0.0,0,0.0,55.0,3.05182007193851e-05,0.0,0.0
2026-10-12 19:45:00,18.262889391183727,5.964318395909485,0.0,0,0.0,55.0,2.8549989943581702e-05,0.0,0.0
2026-10-12 19:46:00,18.24945923690636,5.951913969215277,0.0,0,0.0,55.0,2.6708715014803126e-05,0.0,0.0
2026-10-12 19:47:00,18.236030181786944,5.939491419451247,0.0,0,0.0,55.0,2.4986189457567172e-05,0.0,0.0
2026-10-12 19:48:00,18.222602205116807,5.9270509831248415,0.0,0,0.0,55.0,2.337475476687746e-05,0.0,0.0
2026-10-12 19:49:00,18.20917528646806,5.914592897084033,0.0,0,0.0,55.0,2.186724635781497e-05,0.0,0.0
2026-10-12 19:50:00,18.19574940569366,5.902117398512821,0.0,0,0.0,55.0,2.0456961711143107e-05,0.0,0.0
2026-10-12 19:51:00,18.182324542927486,5.889624724926712,0.0,0,0.0,55.0,1.9137630573298733e-05,0.0,0.0
2026-10-12 19:52:00,18.168900678584386,5.877115114168211,0.0,0,0.0,55.0,1.790338707827561e-05,0.0,0.0
2026-10-12 19:53:00,18.155477793360244,5.864588804402269,0.0,0,0.0,55.0,1.6748743667451637e-05,0.0,0.0
2026-10-12 19:54:00,18.142055868232024,5.852046034111769,0.0,0,0.0,55.0,1.566856669140508e-05,0.0,0.0
2026-10-12 19:55:00,18.12863488445782,5.839487042092975,0.0,0,0.0,55.0,1.4658053585243198e-05,0.0,0.0
2026-10-12 19:56:00,18.11521482357689,5.826912067450998,0.0,0,0.0,55.0,1.371271151596276e-05,0.0,0.0
2026-10-12 19:57:00,18.101795667409682,5.8143213495952235,0.0,0,0.0,55.0,1.2828337406906666e-05,0.0,0.0
2026-10-12 19:58:00,18.088377398057883,5.801715128234772,0.0,0,0.0,55.0,1.2000999250503577e-05,0.0,0.0
2026-10-12 19:59:00,18.07495999790442,5.789093643373923,0.0,0,0.0,55.0,1.1227018626205305e-05,0.0,0.0
2026-10-12 20:00:00,18.061543449613485,5.776457135307562,0.0,0,0.0,55.0,1.050295434589514e-05,0.0,0.0
2026-10-12 20:01:00,18.04812773613055,5.763805844616583,0.0,0,0.0,55.0,9.82558715405309e-06,0.0,0.0
2026-10-12 20:02:00,18.034712840682364,5.751140012163323,0.0,0,0.0,55.0,9.1919054146536e-06,0.0,0.0
2026-10-12 20:03:00,18.021298746776964,5.738459879086979,0.0,0,0.0,55.0,8.599091721158392e-06,0.0,0.0
2026-10-12 20:04:00,18.007885438203655,5.725765686799003,0.0,0,0.0,55.0,8.044510370071232e-06,0.0,0.0
2026-10-12 20:05:00,17.99447289903302,5.71305767697852,0.0,0,0.0,55.0,7.525695642360922e-06,0.0,0.0
2026-10-12 20:06:00,17.981061113616885,5.700336091567715,0.0,0,0.0,55.0,7.04034084065065e-06,0.0,0.0
2026-10-12 20:07:00,17.967650066588313,5.687601172767242,0.0,0,0.0,55.0,6.5862880334320555e-06,0.0,0.0
2026-10-12 20:08:00,17.954239742861564,5.674853163031596,0.0,0,0.0,55.0,6.161518460705845e-06,0.0,0.0
2026-10-12 20:09:00,17.94083012763208,5.662092305064505,0.0,0,0.0,55.0,5.764143558391579e-06,0.0,0.0
2026-10-12 20:10:00,17.927421206376433,5.649318841814308,0.0,0,0.0,55.0,5.392396561600327e-06,0.0,0.0
2026-10-12 20:11:00,17.914012964852297,5.636533016469339,0.0,0,0.0,55.0,5.044624649437584e-06,0.0,0.0
2026-10-12 20:12:00,17.900605389098388,5.623735072453279,0.0,0,0.0,55.0,4.719281596411536e-06,0.0,0.0
2026-10-12 20:13:00,17.88719846543442,5.610925253420534,0.0,0,0.0,55.0,4.414920897774156e-06,0.0,0.0
2026-10-12 20:14:00,17.873792180461045,5.598103803251591,0.0,0,0.0,55.0,4.130189338229784e-06,0.0,0.0
2026-10-12 20:15:00,17.86038652105979,5.585270966048385,0.0,0,0.0,55.0,3.863820975417078e-06,0.0,0.0
2026-10-12 20:16:00,17.846981474392994,5.572426986129635,0.0,0,0.0,55.0,3.614631511414355e-06,0.0,0.0
2026-10-12 20:17:00,17.833577027903726,5.559572108026203,0.0,0,0.0,55.0,3.381513027243523e-06,0.0,0.0
2026-10-12 20:18:00,17.820173169315716,5.546706576476442,0.0,0,0.0,55.0,3.1634290569617267e-06,0.0,0.0
2026-10-12 20:19:00,17.80676988663327,5.533830636421526,0.0,0,0.0,55.0,2.959409979439679e-06,0.0,0.0
2026-10-12 20:20:00,17.793367168141177,5.520944533000793,0.0,0,0.0,55.0,2.768548707338096e-06,0.0,0.0
2026-10-12 20:21:00,17.77996500240462,5.508048511547072,0.0,0,0.0,55.0,2.589996654115045e-06,0.0,0.0
2026-10-12 20:22:00,17.766563378269076,5.495142817582032,0.0,0,0.0,55.0,2.4229599611331437e-06,0.0,0.0
2026-10-12 20:23:00,17.753162284860213,5.482227696811479,0.0,0,0.0,55.0,2.266695968091993e-06,0.0,0.0
2026-10-12 20:24:00,17.739761711583785,5.4693033951206935,0.0,0,0.0,55.0,2.1205099110930643e-06,0.0,0.0
2026-10-12 20:25:00,17.726361648125508,5.456370158569749,0.0,0,0.0,55.0,1.9837518336563362e-06,0.0,0.0
2026-10-12 20:26:00,17.712962084450954,5.443428233388832,0.0,0,0.0,55.0,1.8558136969547825e-06,0.0,0.0
2026-10-12 20:27:00,17.69956301080542,5.430477865973539,0.0,0,0.0,55.0,1.736126676418549e-06,0.0,0.0
2026-10-12 20:28:00,17.686164417713798,5.417519302880198,0.0,0,0.0,55.0,1.62415863268928e-06,0.0,0.0
2026-10-12 20:29:00,17.672766295980445,5.404552790821168,0.0,0,0.0,55.0,1.519411745680223e-06,0.0,0.0
2026-10-12 20:30:00,17.65936863668904,5.391578576660155,0.0,0,0.0,55.0,1.4214203012229326e-06,0.0,0.0
2026-10-12 20:31:00,17.645971431202454,5.3785969074074895,0.0,0,0.0,55.0,1.3297486204597997e-06,0.0,0.0
2026-10-12 20:32:00,17.632574671162576,5.365608030215441,0.0,0,0.0,55.0,1.2439891227763002e-06,0.0,0.0
2026-10-12 20:33:00,17.61917834849018,5.352612192373512,0.0,0,0.0,55.0,1.1637605136605836e-06,0.0,0.0
2026-10-12 20:34:00,17.60578245538476,5.339609641303721,0.0,0,0.0,55.0,1.0887060894334594e-06,0.0,0.0
2026-10-12 20:35:00,17.59238698432436,5.326600624555895,0.0,0,0.0,55.0,1.0184921513114583e-06,0.0,0.0
2026-10-12 20:36:00,17.578991928065413,5.3135853898029595,0.0,0,0.0,55.0,9.528065217517487e-07,0.0,0.0
2026-10-12 20:37:00,17.565597279642564,5.300564184836229,0.0,0,0.0,55.0,8.913571564824409e-07,0.0,0.0
2026-10-12 20:38:00,17.55220303236849,5.287537257560673,0.0,0,0.0,55.0,8.338708460472442e-07,0.0,0.0
2026-10-12 20:39:00,17.538809179833716,5.274504855990209,0.0,0,0.0,55.0,7.800920010914217e-07,0.0,0.0
2026-10-12 20:40:00,17.52541571590643,5.2614672282429735,0.0,0,0.0,55.0,7.297815159883174e-07,0.0,0.0
2026-10-12 20:41:00,17.512022634732283,5.248424622536613,0.0,0,0.0,55.0,6.827157057540342e-07,0.0,0.0
2026-10-12 20:42:00,17.498629930734193,5.235377287183535,0.0,0,0.0,55.0,6.386853115236897e-07,0.0,0.0
2026-10-12 20:43:00,17.485237598612144,5.222325470586199,0.0,0,0.0,55.0,5.974945701675065e-07,0.0,0.0
2026-10-12 20:44:00,17.471845633342973,5.209269421232376,0.0,0,0.0,55.0,5.589603439101663e-07,0.0,0.0
2026-10-12 20:45:00,17.45845403018016,5.19620938769043,0.0,0,0.0,55.0,5.229113060836359e-07,0.0,0.0
2026-10-12 20:46:00,17.4450627846536,5.183145618604572,0.0,0,0.0,55.0,4.891871793932476e-07,0.0,0.0
2026-10-12 20:47:00,17.431671892569394,5.1700783626901305,0.0,0,0.0,55.0,4.5763802331029823e-07,0.0,0.0
2026-10-12 20:48:00,17.418281350009607,5.15700786872883,0.0,0,0.0,55.0,4.2812356742284633e-07,0.0,0.0
2026-10-12 20:49:00,17.404891153332045,5.143934385564032,0.0,0,0.0,55.0,4.005125877807275e-07,0.0,0.0
2026-10-12 20:50:00,17.391501299170006,5.1308581620960085,0.0,0,0.0,55.0,3.7468232346195957e-07,0.0,0.0
2026-10-12 20:51:00,17.378111784432047,5.117779447277204,0.0,0,0.0,55.0,3.505179307665392e-07,0.0,0.0
2026-10-12 20:52:00,17.364722606301726,5.104698490107503,0.0,0,0.0,55.0,3.279119726109264e-07,0.0,0.0
2026-10-12 20:53:00,17.35133376223736,5.091615539629468,0.0,0,0.0,55.0,3.067639408530182e-07,0.0,0.0
2026-10-12 20:54:00,17.337945249971753,5.078530844923621,0.0,0,0.0,55.0,2.8697980942382457e-07,0.0,0.0
2026-10-12 20:55:00,17.324557067511947,5.065444655103683,0.0,0,0.0,55.0,2.684716162790304e-07,0.0,0.0
2026-10-12 20:56:00,17.311169213138943,5.05235721931185,0.0,0,0.0,55.0,2.511570723117611e-07,0.0,0.0
2026-10-12 20:57:00,17.297781685407433,5.039268786714033,0.0,0,0.0,55.0,2.3495919548774365e-07,0.0,0.0
2026-10-12 20:58:00,17.284394483145523,5.026179606495123,0.0,0,0.0,55.0,2.1980596857619355e-07,0.0,0.0
2026-10-12 20:59:00,17.27100760545445,5.013089927854239,0.0,0,0.0,55.0,2.0563001895466935e-07,0.0,0.0
2026-10-12 21:00:00,17.25762105170829,5.0,0.0,0,0.0,55.0,1.9236831906427713e-07,0.0,0.0
2026-10-12 21:01:00,17.244234821553675,4.986910072145761,0.0,0,0.0,55.00560996908039,1.799619061834222e-07,0.0,0.0
2026-10-12 21:02:00,17.230848914909487,4.9738203935048775,0.0,0,0.0,55.01121983135505,1.6835562027419613e-07,0.0,0.0
2026-10-12 21:03:00,17.217463331966556,4.960731213285967,0.0,0,0.0,55.0168294800203,1.5749785873584112e-07,0.0,0.0
2026-10-12 21:04:00,17.20407807318736,4.947642780688151,0.0,0,0.0,55.022438808276505,1.4734034697490237e-07,0.0,0.0
2026-10-12 21:05:00,17.19069313930571,4.934555344896317,0.0,0,0.0,55.02804770933015,1.3783792377200336e-07,0.0,0.0
2026-10-12 21:06:00,17.17730853132643,4.921469155076379,0.0,0,0.0,55.033656076395836,1.2894834049096482e-07,0.0,0.0
2026-10-12 21:07:00,17.163924250525042,4.908384460370532,0.0,0,0.0,55.03926380269834,1.20632073237533e-07,0.0,0.0
2026-10-12 21:08:00,17.15054029844743,4.895301509892498,0.0,0,0.0,55.04487078147464,1.128521471325578e-07,0.0,0.0
2026-10-12 21:09:00,17.13715667690952,4.882220552722796,0.0,0,0.0,55.05047690597594,1.0557397191832368e-07,0.0,0.0
2026-10-12 21:10:00,17.123773387996934,4.8691418379039915,0.0,0,0.0,55.05608206946972,9.876518816712367e-08,0.0,0.0
2026-10-12 21:11:00,17.11039043406466,4.856065614435969,0.0,0,0.0,55.061686165241724,9.239552340830627e-08,0.0,0.0
2026-10-12 21:12:00,17.097007817736696,4.84299213127117,0.0,0,0.0,55.06728908659807,8.643665753412286e-08,0.0,0.0
2026-10-12 21:13:00,17.083625541905707,4.8299216373098695,0.0,0,0.0,55.0728907268672,8.086209688595775e-08,0.0,0.0
2026-10-12 21:14:00,17.070243609732668,4.816854381395428,0.0,0,0.0,55.07849097940196,7.564705646111691e-08,0.0,0.0
2026-10-12 21:15:00,17.0568620246465,4.80379061230957,0.0,0,0.0,55.084089737581614,7.076834971645604e-08,0.0,0.0
2026-10-12 21:16:00,17.043480790343708,4.790730578767625,0.0,0,0.0,55.08968689481387,6.620428547890493e-08,0.0,0.0
2026-10-12 21:17:00,17.030099910788017,4.777674529413801,0.0,0,0.0,55.09528234453694,6.193457150454286e-08,0.0,0.0
2026-10-12 21:18:00,17.016719390209992,4.764622712816465,0.0,0,0.0,55.10087598022152,5.794022425744004e-08,0.0,0.0
2026-10-12 21:19:00,17.003339233106658,4.7515753774633875,0.0,0,0.0,55.106467695372835,5.4203484507133536e-08,0.0,0.0
2026-10-12 21:20:00,16.989959444241116,4.7385327717570265,0.0,0,0.0,55.1120573835327,5.0707738369476495e-08,0.0,0.0
2026-10-12 21:21:00,16.976601399987075,4.725495144009791,0.0,0,0.005020277879442148,55.117644938281515,0.7836160277330589,0.0,0.0
2026-10-12 21:22:00,16.96329218186492,4.712462742439327,0.0,0,0.011699300006462465,55.12323025324029,2.5608818228465404,0.0,0.0
2026-10-12 21:23:00,16.950057041726467,4.699435815163771,0.0,0,0.01835390906754064,55.12881322207267,5.265782924864129,0.0,0.0
2026-10-12 21:24:00,16.93691946536504,4.6864146101970405,0.0,0,0.02497147913676656,55.134393738486985,8.83456400882923,0.0,0.0
2026-10-12 21:25:00,16.923901235537812,4.673399375444106,0.0,0,0.03154026731747983,55.13997169623824,13.205709931783199,0.0,0.0
2026-10-12 21:26:00,16.91102249433213,4.66039035869628,0.0,0,0.03804938223109389,55.14554698913017,18.319924198693045,0.0,0.0
2026-10-12 21:27:00,16.898301804812704,4.647387807626488,0.0,0,0.04448875283393505,55.15111951101722,24.1201050892165,0.0,0.0
2026-10-12 21:28:00,16.88575621189142,4.634391969784559,0.0,0,0.050849097593648196,55.15668915580662,30.551319620679518,0.0,0.0
2026-10-12 21:29:00,16.873401302366073,4.6214030925925105,0.0,0,0.05712189405429058,55.162255817460355,37.56077550921577,0.0,0.0
2026-10-12 21:30:00,16.861251264078387,4.608421423339845,0.0,0,0.06329934881696353,55.167819389997206,45.09779127926936,0.0,0.0
2026-10-12 21:31:00,16.849318944145626,4.595447209178832,0.0,0,0.06937436796080654,55.17337976749479,53.11376466141872,0.0,0.0
2026-10-12 21:32:00,16.837615906223675,4.582480697119802,0.0,0,0.07534052792718704,55.17893684409151,61.562139409553474,0.0,0.0
2026-10-12 21:33:00,16.826152486762933,4.569522134026462,0.0,0,0.0811920468881624,55.184490513988656,70.39837066068596,0.0,0.0
2026-10-12 21:34:00,16.81493785022151,4.556571766611169,0.0,0,0.08692375661853369,55.19004067145236,79.57988895394271,0.0,0.0
2026-10-12 21:35:00,16.80398004320336,4.543629841430251,0.0,0,0.09253107488924428,55.19558721081561,89.0660630194402,0.0,0.0
2026-10-12 21:36:00,16.793286047491808,4.5306966048793065,0.0,0,0.09800997839831993,55.2011300264803,98.81816144266962,0.0,0.0
2026-10-12 21:37:00,16.782861831951813,4.517772303188522,0.0,0,0.10335697625409601,55.20666901291921,108.79931330559313,0.0,0.0
2026-10-12 21:38:00,16.772712403276916,4.504857182417968,0.0,0,0.1085690840240936,55.21220406467801,118.97446790178691,0.0,0.0
2026-10-12 21:39:00,16.76284185555946,4.491951488452928,0.0,0,0.11364379836154193,55.217735076377316,129.31035361956032,0.0,0.0
2026-10-12 21:40:00,16.75325341866514,4.479055466999208,0.0,0,0.11857907222026931,55.22326194271462,139.77543608395843,0.0,0.0
2026-10-12 21:41:00,16.743949505395385,4.466169363578475,0.0,0,0.12337329066743052,55.228784558466366,150.33987564584282,0.0,0.0
2026-10-12 21:42:00,16.734931757423446,4.453293423523558,0.0,0,0.12802524730230758,55.2343028184899,160.9754843037736,0.0,0.0
2026-10-12 21:43:00,16.726201089992287,4.440427891973798,0.0,0,0.1325341212882769,55.239816617725516,171.65568214213775,0.0,0.0
2026-10-12 21:44:00,16.717757735364703,4.427573013870365,0.0,0,0.13689945500385647,55.245325851198416,182.3554533668228,0.0,0.0
2026-10-12 21:45:00,16.709601285018188,4.414729033951615,0.0,0,0.14112113231764845,55.25083041402073,193.051302017686,0.0,0.0
2026-10-12 21:46:00,16.701730730579214,4.401896196748409,0.0,0,0.14519935749090607,55.25633020139354,203.72120743507833,0.0,0.0
2026-10-12 21:47:00,16.694144503493643,4.389074746579466,0.0,0,0.1491346347103928,55.261825108608804,214.34457955571702,0.0,0.0
2026-10-12 21:48:00,16.686840513432006,4.376264927546721,0.0,0,0.15292774825317856,55.2673150310514,224.90221411123662,0.0,0.0
2026-10-12 21:49:00,16.679816185430315,4.363466983530661,0.0,0,0.15657974328399682,55.27279986420115,235.3762478007606,0.0,0.0
2026-10-12 21:50:00,16.673068495768963,4.350681158185692,0.0,0,0.16009190728484235,55.27827950363471,245.75011350681368,0.0,0.0
2026-10-12 21:51:00,16.666594006594103,4.337907694935496,0.0,0,0.16346575211551873,55.28375384502765,256.00849562181907,0.0,0.0
2026-10-12 21:52:00,16.6603888992877,4.325146836968405,0.0,0,0.16670299670294852,55.2892227841564,266.1372855502912,0.0,0.0
2026-10-12 21:53:00,16.654449006594085,4.312398827232759,0.0,0,0.1698055503561502,55.294686216900246,276.1235374496291,0.0,0.0
2026-10-12 21:54:00,16.64876984351255,4.299663908432285,0.0,0,0.17277549670295755,55.30014403924331,285.95542427014647,0.0,0.0
2026-10-12 21:55:00,16.643346636967085,4.2869423230214805,0.0,0,0.1756150782437249,55.30559614727651,295.62219415262973,0.0,0.0
2026-10-12 21:56:00,16.638174354265868,4.274234313200997,0.0,0,0.1783266815164577,55.311042437199575,305.1141272393007,0.0,0.0
2026-10-12 21:57:00,16.633247730364527,4.261540120913022,0.0,0,0.18091282286706623,55.31648280532299,314.422492951578,0.0,0.0
2026-10-12 21:58:00,16.628561293948646,4.248859987836677,0.0,0,0.1833761348177365,55.32191714806999,323.53950778549216,0.0,0.0
2026-10-12 21:59:00,16.624109392352203,4.236194155383417,0.0,0,0.18571935302567688,55.32734536197854,332.4582936730017,0.0,0.0
2026-10-12 22:00:00,16.61988621532989,4.223542864692438,0.0,0,0.1879453038238985,55.33276734370324,341.172836954812,0.0,0.0
2026-10-12 22:01:00,16.61588581770242,4.210906356626077,0.0,0,0.19005689233505585,55.338182990017394,349.677948007604,0.0,0.0
2026-10-12 22:02:00,16.61210214089501,4.198284871765229,0.0,0,0.19205709114879,55.3435921978149,357.96922156585316,0.0,0.0
2026-10-12 22:03:00,16.608529033390177,4.185678650404777,0.0,0,0.19394892955249432,55.348994864112235,366.0429977756684,0.0,0.0
2026-10-12 22:04:00,16.60516027011695,4.173087932549004,0.0,0,0.19573548330491164,55.354390886050425,373.8963240153146,0.0,0.0
2026-10-12 22:05:00,16.601989570799475,4.160512957907025,0.0,0,0.19741986494152464,55.35978016089699,381.52691751430984,0.0,0.0
2026-10-12 22:06:00,16.59901061728867,4.147953965888231,0.0,0,0.19900521460026255,55.3651625860479,388.93312880022086,0.0,0.0
2026-10-12 22:07:00,16.596217069901357,4.135411195597731,0.0,0,0.2004946913556651,55.37053805902954,396.113905999521,0.0,0.0
2026-10-12 22:08:00,16.593602582791902,4.12288488583179,0.0,0,0.20189146504932154,55.37590647750066,403.06876001614756,0.0,0.0
2026-10-12 22:09:00,16.5911608183819,4.110375275073288,0.0,0,0.20319870860404876,55.381267739254305,409.7977306086852,0.0,0.0
2026-10-12 22:10:00,16.588885460873957,4.09788260148718,0.0,0,0.20441959080904937,55.38662174221978,416.3013533844454,0.0,0.0
2026-10-12 22:11:00,16.586770228875988,4.085407102915967,0.0,0,0.20555726956302145,55.39196838446458,422.5806277260928,0.0,0.0
2026-10-12 22:12:00,16.584808887162822,4.0729490168751585,0.0,0,0.20661488556200602,55.39730756419636,428.636985663909,0.0,0.0
2026-10-12 22:13:00,16.582995257602086,4.060508580548753,0.0,0,0.20759555641858896,55.40263917976482,434.47226170428706,0.0,0.0
2026-10-12 22:14:00,16.58132322927163,4.048086030784723,0.0,0,0.2085023711989571,55.40796312966369,440.0886636226206,0.0,0.0
2026-10-12 22:15:00,16.579786767795788,4.035681604090515,0.0,0,0.2093383853641857,55.41327931253264,445.4887442263943,0.0,0.0
2026-10-12 22:16:00,16.578379923927933,4.023295536628531,0.0,0,0.2101066161021059,55.4185876271592,450.6753740920115,0.0,0.0
2026-10-12 22:17:00,16.5770968414067,4.010928064211637,0.0,0,0.21081003803603338,55.42388797248073,455.65171527670066,0.0,0.0
2026-10-12 22:18:00,16.575931764113257,3.998579422298687,0.0,0,0.21145157929665004,55.429180247586274,460.42119600474257,0.0,0.0
2026-10-12 22:19:00,16.5748790425569,3.9862498459900197,0.0,0,0.21203411794337157,55.43446435171856,464.98748632525223,0.0,0.0
2026-10-12 22:20:00,16.57393313971605,3.973939570022995,0.0,0,0.21256047872154937,55.43974018427586,469.3544747368324,0.0,0.0
2026-10-12 22:21:00,16.57308863626154,3.9616488287675202,0.0,0,0.21303343014197473,55.44500764481392,473.5262457726023,0.0,0.0
2026-10-12 22:22:00,16.572340235188882,3.9493778562215973,0.0,0,0.21345568186922925,55.45026663304789,477.5070585373867,0.0,0.0
2026-10-12 22:23:00,16.57168276588579,3.937126886006853,0.0,0,0.2138298824055589,55.455517048854205,481.30132618723275,0.0,0.0
2026-10-12 22:24:00,16.571111187661035,3.9248961513641003,0.0,0,0.21415861705710526,55.46075879227253,484.9135963399087,0.0,0.0
2026-10-12 22:25:00,16.57062059276021,3.9126858851488944,0.0,0,0.21444440616948235,55.46599176350762,488.34853240362156,0.0,0.0
2026-10-12 22:26:00,16.570206208893644,3.9004963198271083,0.0,0,0.2146897036198947,55.47121586293124,491.61089580988113,0.0,0.0
2026-10-12 22:27:00,16.569863401301234,3.8883276874704924,0.0,0,0.2148968955531778,55.47643099108407,494.7055291352217,0.0,0.0
2026-10-12 22:28:00,16.56958767437851,3.876180219752266,0.0,0,0.2150682993493831,55.4816370486776,497.6373400953831,0.0,0.0
2026-10-12 22:29:00,16.569374672887704,3.864054147942701,0.0,0,0.21520616281074467,55.486833936595986,500.41128639453353,0.0,0.0
2026-10-12 22:30:00,16.56922018277712,3.8519497029047316,0.0,0,0.21531266355614775,55.49202155589797,503.03236141120107,0.0,0.0
2026-10-12 22:31:00,16.569120131631507,3.8398671150895387,0.0,0,0.21538990861144036,55.49719980781877,505.50558070175236,0.0,0.0
2026-10-12 22:32:00,16.569070588775624,3.8278066145321774,0.0,0,0.21543993418424634,55.502368593771926,507.83596930152606,0.0,0.0
2026-10-12 22:33:00,16.569067765052512,3.8157684308471977,0.0,0,0.2154647056121881,55.5075278153512,510.02854980308183,0.0,0.0
2026-10-12 22:34:00,16.56910801229753,3.8037527932242616,0.0,0,0.21546611747374378,55.51267737433246,512.08833119047,0.0,0.0
2026-10-12 22:35:00,16.56918782252843,3.791759930423789,0.0,0,0.21544599385123497,55.51781717267552,514.0202984079481,0.0,0.0
2026-10-12 22:36:00,16.569303826871273,3.7797900707725987,0.0,0,0.2154060887357847,55.522947112526026,515.8294026411795,0.0,0.0
2026-10-12 22:37:00,16.56945279424128,3.767843442159568,0.0,0,0.21534808656436333,55.52806709621733,517.5205522886291,0.0,0.0
2026-10-12 22:38:00,16.569631629797065,3.7559202720312834,0.0,0,0.21527360287936048,55.533177026272305,519.0986046006244,0.0,0.0
2026-10-12 22:39:00,16.569837373186164,3.7440207873877176,0.0,0,0.2151841851014673,55.53827680540526,520.568357963381,0.0,0.0
2026-10-12 22:40:00,16.570067196598952,3.732145214777901,0.0,0,0.21508131340691783,55.54336633652375,521.934544805175,0.0,0.0
2026-10-12 22:41:00,16.57031840264758,3.720293780295625,0.0,0,0.21496640170052395,55.54844552273045,523.2018251018071,0.0,0.0
2026-10-12 22:42:00,16.570588422085823,3.708466709575115,0.0,0,0.2148407986762102,55.55351426732495,524.3747804585115,0.0,0.0
2026-10-12 22:43:00,16.570874811385103,3.69666422778675,0.0,0,0.21470578895708847,55.558572473805675,525.457908745534,0.0,0.0
2026-10-12 22:44:00,16.57117525018132,3.6848865596327673,0.0,0,0.2145625943074485,55.56362004587167,526.4556192647253,0.0,0.0
2026-10-12 22:45:00,16.571487538606533,3.6731339293429963,0.0,0,0.2144123749093403,55.56865688742443,527.3722284246659,0.0,0.0
2026-10-12 22:46:00,16.57180959451884,3.661406560670575,0.0,0,0.2142562306967335,55.57368290256975,528.2119559020531,0.0,0.0
2026-10-12 22:47:00,16.57213945064326,3.6497046768876933,0.0,0,0.21409520274058025,55.57869799561956,528.9789212673418,0.0,0.0
2026-10-12 22:48:00,16.572475251635762,3.638028500781359,0.0,0,0.21393027467837022,55.583702071093704,529.6771410529204,0.0,0.0
2026-10-12 22:49:00,16.572815251082027,3.626378254649129,0.0,0,0.21376237418211907,55.588695033721805,530.3105262424415,0.0,0.0
2026-10-12 22:50:00,16.573157808441902,3.6147541602948987,0.0,0,0.2135923744589867,55.593676788445045,530.8828801602846,0.0,0.0
2026-10-12 22:51:00,16.573501385950006,3.603156439024665,0.0,0,0.213421095779049,55.598647240418,531.3978967405257,0.0,0.0
2026-10-12 22:52:00,16.573844545482267,3.5915853116423273,0.0,0,0.21324930702499678,55.60360629501043,531.8591591552017,0.0,0.0
2026-10-12 22:53:00,16.574185945397737,3.58004099844547,0.0,0,0.21307772725886664,55.608553857809085,532.2701387821053,0.0,0.0
2026-10-12 22:54:00,16.57452433736444,3.568523719221176,0.0,0,0.21290702730113154,55.61348983461949,532.6341944928046,0.0,0.0
2026-10-12 22:55:00,16.574858563177454,3.5570336932418365,0.0,0,0.21273783131777968,55.61841413146779,532.9545722420646,0.0,0.0
2026-10-12 22:56:00,16.57518755157701,3.545571139260989,0.0,0,0.21257071841127306,55.62332665460244,533.2344049403446,0.0,0.0
2026-10-12 22:57:00,16.575510315073796,3.5341362755091357,0.0,0,0.21240622421149524,55.62822731049609,533.4767125915511,0.0,0.0
2026-10-12 22:58:00,16.575825946788253,3.5227293196896,0.0,0,0.21224484246310205,55.63311600584731,533.6844026787521,0.0,0.0
2026-10-12 22:59:00,16.576133617310123,3.511350488974375,0.0,0,0.21208702660587342,55.63799264758241,533.8602707810832,0.0,0.0
2026-10-12 23:00:00,16.57643257158412,3.500000000000001,0.0,0,0.21193319134493827,55.642857142857146,534.0070014056133,0.0,0.0
2026-10-12 23:01:00,16.57672212582711,3.4886780688634227,0.0,0,0.2117837142079395,55.647709399058535,534.1271690184817,0.0,0.0
2026-10-12 23:02:00,16.577001664481795,3.477384911117887,0.0,0,0.21163893708644466,55.65254932380662,534.2232392601564,0.0,0.0
2026-10-12 23:03:00,16.577270637211477,3.466120741768844,0.0,0,0.2114991677591025,55.65737682495621,534.2975703302153,0.0,0.0
2026-10-12 23:04:00,16.577528555940113,3.4548857752698385,0.0,0,0.21136468139426157,55.66219181059864,534.3524145275941,0.0,0.0
2026-10-12 23:05:00,16.577774991941457,3.4436802255184364,0.0,0,0.21123572202994367,55.66699418906353,534.3899199327896,0.0,0.0
2026-10-12 23:06:00,16.57800957298079,3.4325043058521527,0.0,0,0.21111250402927162,55.67178386892051,534.4121322190496,0.0,0.0
2026-10-12 23:07:00,16.578231980512317,3.421358229044391,0.0,0,0.21099521350960515,55.676560758980976,534.420996580115,0.0,0.0
2026-10-12 23:08:00,16.578441946935065,3.4102422073003855,0.0,0,0.21088400974384136,55.68132476829984,534.4183597626162,0.0,0.0
2026-10-12 23:09:00,16.57863925290973,3.3991564522531665,0.0,0,0.21077902653246738,55.686075806177215,534.4059721917469,0.0,0.0
2026-10-12 23:10:00,16.578823724738676,3.388101174959528,0.0,0,0.21068037354513436,55.690813782160205,534.3854901793619,0.0,0.0
2026-10-12 23:11:00,16.57899523181096,3.3770765858960186,0.0,0,0.21058813763066198,55.695538606044565,534.3584782041536,0.0,0.0
2026-10-12 23:12:00,16.579153684114047,3.3660828949549195,0.0,0,0.2105023840945197,55.70025018787646,534.3264112540634,0.0,0.0
2026-10-12 23:13:00,16.579299029813537,3.35512031144026,0.0,0,0.2104231579429765,55.70494843795417,534.2906772215805,0.0,0.0
2026-10-12 23:14:00,16.579431252902076,3.3441890440638247,0.0,0,0.2103504850932314,55.70963326682979,534.2525793430589,0.0,0.0
2026-10-12 23:15:00,16.57955037091831,3.333289300941193,0.0,0,0.21028437354896212,55.71430458531092,534.2133386736573,0.0,0.0
2026-10-12 23:16:00,16.579656432736584,3.32242128958776,0.0,0,0.21022481454084563,55.71896230446239,534.1740965899688,0.0,0.0
2026-10-12 23:17:00,16.579749516427857,3.3115852169147932,0.0,0,0.21017178363170785,55.72360633560795,534.1359173128546,0.0,0.0
2026-10-12 23:18:00,16.57982972719209,3.300781289225501,0.0,0,0.21012524178607173,55.72823659033193,534.0997904434344,0.0,0.0
2026-10-12 23:19:00,16.579897195362264,3.290009712211091,0.0,0,0.2100851364039542,55.73285298048096,534.0666335056122,0.0,0.0
2026-10-12 23:20:00,16.579952074479873,3.2792706909468627,0.0,0,0.21005140231886799,55.73745541816563,534.0372944889292,0.0,0.0
2026-10-12 23:21:00,16.579994539441753,3.2685644298882983,0.0,0,0.2100239627600633,55.74204381576216,534.0125543859345,0.0,0.0
2026-10-12 23:22:00,16.580024784717818,3.2578911328671807,0.0,0,0.21000273027912364,55.746618085914065,533.993129718657,0.0,0.0
2026-10-12 23:23:00,16.5800430226392,3.2472510030876975,0.0,0,0.20998760764109115,55.75117814153384,533.9796750491295,0.0,0.0
2026-10-12 23:24:00,16.580049481756163,3.2366442431225817,0.0,0,0.2099784886804006,55.75572389580461,533.9727854692873,0.0,0.0
2026-10-12 23:25:00,16.580044405265035,3.2260710549092524,0.0,0,0.2099752591219186,55.76025526218175,533.9729990659058,0.0,0.0
2026-10-12 23:26:00,16.580028049503284,3.2155316397459766,0.0,0,0.20997779736748257,55.764772154394585,533.9807993565832,0.0,0.0
2026-10-12 23:27:00,16.58000068251177,3.205026198288024,0.0,0,0.20998597524835816,55.76927448644799,533.996617693095,0.0,0.0
2026-10-12 23:28:00,16.579962582663136,3.1945549305438568,0.0,0,0.20999965874411508,55.77376217262406,534.0208356287616,0.0,0.0
2026-10-12 23:29:00,16.579914037355184,3.1841180358713173,0.0,0,0.2100187086684322,55.77823512748372,534.0537872467677,0.0,0.0
2026-10-12 23:30:00,16.57985534176804,3.173715712973838,0.0,0,0.21004298132240784,55.78269326586835,534.0957614466574,0.0,0.0
2026-10-12 23:31:00,16.579786797683813,3.163348159896653,0.0,0,0.21007232911597917,55.78713650290143,534.1470041865044,0.0,0.0
2026-10-12 23:32:00,16.579708712367417,3.153015574023024,0.0,0,0.21010660115809365,55.79156475399013,534.2077206785185,0.0,0.0
2026-10-12 23:33:00,16.579621397507168,3.142718152070498,0.0,0,0.21014564381629164,55.79597793482693,534.2780775360992,0.0,0.0
2026-10-12 23:34:00,16.579525168213724,3.1324560900871417,0.0,0,0.210189301246416,55.800375961391225,534.3582048705874,0.0,0.0
2026-10-12 23:35:00,16.579420342075874,3.1222295834478238,0.0,0,0.21023741589313794,55.804758749950935,534.4481983361887,0.0,0.0
2026-10-12 23:36:00,16.579307238271678,3.1120388268504873,0.0,0,0.21028982896206294,55.809126217064076,534.5481211217619,0.0,0.0
2026-10-12 23:37:00,16.579186176733405,3.1018840143124518,0.0,0,0.21034638086416102,55.81347827958038,534.6580058883696,0.0,0.0
2026-10-12 23:38:00,16.579057477364742,3.0917653391667086,0.0,0,0.2104069116332976,55.81781485464284,534.7778566516811,0.0,0.0
2026-10-12 23:39:00,16.57892145930864,3.081682994058247,0.0,0,0.21047126131762894,55.822135859689325,534.9076506084987,0.0,0.0
2026-10-12 23:40:00,16.57877844026424,3.071637170940381,0.0,0,0.21053927034568076,55.82644121245412,535.0473399068588,0.0,0.0
2026-10-12 23:41:00,16.578628735851286,3.061628061071108,0.0,0,0.21061077986787957,55.83073083096953,535.1968533593134,0.0,0.0
2026-10-12 23:42:00,16.578472659020346,3.0516558550094492,0.0,0,0.2106856320743571,55.83500463356738,535.3560980991576,0.0,0.0
2026-10-12 23:43:00,16.57831051950734,3.041720742611833,0.0,0,0.21076367048982725,55.83926253888065,535.5249611795118,0.0,0.0
2026-10-12 23:44:00,16.578142623330688,3.0318229130284777,0.0,0,0.21084474024632982,55.84350446584494,535.7033111152982,0.0,0.0
2026-10-12 23:45:00,16.577969272329497,3.0219625546997935,0.0,0,0.21092868833465594,55.84773033370009,535.8909993682834,0.0,0.0
2026-10-12 23:46:00,16.577790763741216,3.012139855352788,0.0,0,0.21101536383525143,55.85194006199166,536.0878617754718,0.0,0.0
2026-10-12 23:47:00,16.577607389817167,3.0023550019974965,0.0,0,0.21110461812939185,55.8561335705725,536.2937199212473,0.0,0.0
2026-10-12 23:48:00,16.577419437474386,2.9926081809234253,0.0,0,0.2111963050914163,55.86031077960425,536.5083824537605,0.0,0.0
2026-10-12 23:49:00,16.57722718798225,2.982899577695996,0.0,0,0.2112902812628068,55.86447160955886,536.7316463461527,0.0,0.0
2026-10-12 23:50:00,16.577030916682343,2.9732293771530203,0.0,0,0.21138640600887548,55.86861598122013,536.9632981032953,0.0,0.0
2026-10-12 23:51:00,16.576830892740077,2.9635977634011748,0.0,0,0.21148454165882846,55.87274381568521,537.2031149148019,0.0,0.0
2026-10-12 23:52:00,16.57662737892657,2.9540049198125047,0.0,0,0.21158455362996165,55.876855034366066,537.4508657551436,0.0,0.0
2026-10-12 23:53:00,16.576420631429357,2.9444510290209234,0.0,0,0.21168631053671483,55.880949558991034,537.7063124317651,0.0,0.0
2026-10-12 23:54:00,16.576210899690494,2.9349362729187396,0.0,0,0.2117896842853213,55.88502731160625,537.9692105821556,0.0,0.0
2026-10-12 23:55:00,16.575998426270658,2.925460832653192,0.0,0,0.2118945501547529,55.88908821457721,538.2393106208866,0.0,0.0
2026-10-12 23:56:00,16.575783446737887,2.916024888623008,0.0,0,0.21200078686467094,55.89313219059014,538.5163586376748,0.0,0.0
2026-10-12 23:57:00,16.575566189579625,2.90662862047496,0.0,0,0.21210827663105647,55.89715916265359,538.8000972475711,0.0,0.0
2026-10-12 23:58:00,16.57534687613677,2.8972722071004484,0.0,0,0.21221690521018743,55.90116905409981,539.0902663944148,0.0,0.0
2026-10-12 23:59:00,16.575125720558457,2.8879558266320946,0.0,0,0.21232656193161503,55.90516178858625,539.3866041087243,0.0,0.0
2026-10-13 00:00:00,16.57490292977636,2.8786796564403563,0.0,0,0.21243713972077138,55.90913729009699,539.688847221224,0.0,0.0
2026-10-13 00:01:00,16.574678703497288,2.869443873130143,0.0,0,0.2125485351118197,55.91309548294422,539.9967320332293,0.0,0.0
2026-10-13 00:02:00,16.574453234212925,2.8602486525374555,0.0,0,0.21266064825135622,55.91703629176966,540.3099949451322,0.0,0.0
2026-10-13 00:03:00,16.574226707225602,2.8510941697260357,0.0,0,0.21277338289353764,55.920959641545984,540.6283730442458,0.0,0.0
2026-10-13 00:04:00,16.573999300688975,2.8419805989840468,0.0,0,0.212886646387199,55.924865457578264,540.9516046532741,0.0,0.0
2026-10-13 00:05:00,16.57377118566259,2.832908113820732,0.0,0,0.21300034965551262,55.9287536655054,541.279429840686,0.0,0.0
2026-10-13 00:06:00,16.573542526179306,2.8238768869631374,0.0,0,0.213114407168705,55.932624191301514,541.6115908942733,0.0,0.0
2026-10-13 00:07:00,16.573313479324565,2.814887090352799,0.0,0,0.21322873691034694,55.93647696127737,541.9478327591731,0.0,0.0
2026-10-13 00:08:00,16.573084195326594,2.8059388951424884,0.0,0,0.21334326033771767,55.94031190208179,542.2879034416405,0.0,0.0
2026-10-13 00:09:00,16.572854817656626,2.7970324716929436,0.0,0,0.21345790233670314,55.944128940703024,542.6315543798427,0.0,0.0
2026-10-13 00:10:00,16.57262548313825,2.7881679895696276,0.0,0,0.2135725911716868,55.94792800447016,542.978540782947,0.0,0.0
2026-10-13 00:11:00,16.572396322065046,2.7793456175395033,0.0,0,0.2136872584308751,55.9517090210545,543.3286219397618,0.0,0.0
2026-10-13 00:12:00,16.572167458325726,2.770565523567817,0.0,0,0.21380183896747695,55.955471918470934,543.6815614981792,0.0,0.0
2026-10-13 00:13:00,16.57193900953599,2.7618278748149008,0.0,0,0.21391627083713693,55.95921662507933,544.0371277166549,0.0,0.0
2026-10-13 00:14:00,16.57171108717634,2.7531328376329927,0.0,0,0.2140304952320058,55.96294306958586,544.3950936889426,0.0,0.0
2026-10-13 00:15:00,16.571483796735215,2.7444805775630674,0.0,0,0.21414445641183022,55.9666511810444,544.755237543288,0.0,0.0
2026-10-13 00:16:00,16.5712572378567,2.7358712593316836,0.0,0,0.21425810163239234,55.97034088885785,545.1173426172642,0.0,0.0
2026-10-13 00:17:00,16.57103150449222,2.7273050468478504,0.0,0,0.21437138107165055,55.97401212277949,545.4811976094103,0.0,0.0
2026-10-13 00:18:00,16.570806685055594,2.718782103199907,0.0,0,0.21448424775389086,55.97766481291433,545.846596708816,0.0,0.0
2026-10-13 00:19:00,16.570582862580892,2.7103025906524127,0.0,0,0.21459665747220313,55.98129888972039,546.2133397037712,0.0,0.0
2026-10-13 00:20:00,16.570360114882522,2.701866670643065,0.0,0,0.21470856870955402,55.98491428401012,546.5812320705728,0.0,0.0
2026-10-13 00:21:00,16.57013851471705,2.6934745037796217,0.0,0,0.21481994255873893,55.98851092695159,546.9500850435606,0.0,0.0
2026-10-13 00:22:00,16.569918129946295,2.6851262498368396,0.0,0,0.21493074264147438,55.992088750069925,547.3197156674265,0.0,0.0
2026-10-13 00:23:00,16.569699023701162,2.676822067753444,0.0,0,0.2150409350268525,55.99564768524852,547.6899468328114,0.0,0.0
2026-10-13 00:24:00,16.569481254545888,2.668562115629087,0.0,0,0.21515048814941906,55.99918766473039,548.0606072961858,0.0,0.0
2026-10-13 00:25:00,16.569264876642215,2.6603465507213544,0.0,0,0.21525937272705598,56.00270862111942,548.431531684973,0.0,0.0
2026-10-13 00:26:00,16.56904993991315,2.652175529442757,0.0,0,0.21536756167889237,56.00621048738167,548.8025604888514,0.0,0.0
2026-10-13 00:27:00,16.568836490205946,2.6440492073577655,0.0,0,0.21547503004342516,56.00969319684667,549.1735400381444,0.0,0.0
2026-10-13 00:28:00,16.568624569454013,2.6359677391798337,0.0,0,0.2155817548970269,56.01315668320864,549.5443224701748,0.0,0.0
2026-10-13 00:29:00,16.568414215837386,2.62793127876847,0.0,0,0.21568771527299369,56.0166008805278,549.9147656844335,0.0,0.0
2026-10-13 00:30:00,16.56820546394154,2.6199399791262943,0.0,0,0.21579289208130703,56.02002572323159,550.2847332873846,0.0,0.0
2026-10-13 00:31:00,16.567998344914244,2.611993992396133,0.0,0,0.21589726802923082,56.023431146115946,550.6540945276994,0.0,0.0
2026-10-13 00:32:00,16.567792886620257,2.6040934698581215,0.0,0,0.21600082754287797,56.02681708434652,551.0227242226811,0.0,0.0
2026-10-13 00:33:00,16.56758911379359,2.596238561926818,0.0,0,0.21610355668987147,56.030183473459935,551.3905026766163,0.0,0.0
2026-10-13 00:34:00,16.567387048187207,2.5884294181483476,0.0,0,0.21620544310320433,56.03353024936499,551.7573155917604,0.0,0.0
2026-10-13 00:35:00,16.567186708719927,2.5806661871975525,0.0,0,0.2163064759063964,56.03685734834391,552.1230539726332,0.0,0.0
2026-10-13 00:36:00,16.566988111620393,2.572949016875157,0.0,0,0.21640664564003664,56.040164707053506,552.4876140242754,0.0,0.0
2026-10-13 00:37:00,16.56679127056797,2.5652780541049625,0.0,0,0.2165059441898034,56.04345226252644,552.8508970450897,0.0,0.0
2026-10-13 00:38:00,16.566596196830407,2.5576534449310424,0.0,0,0.21660436471601585,56.04671995217241,553.212809314859,0.0,0.0
2026-10-13 00:39:00,16.566402899398202,2.550075334514963,0.0,0,0.21670190158479663,56.0499677137793,553.5732619785119,0.0,0.0
2026-10-13 00:40:00,16.566211385115537,2.542543867133024,0.0,0,0.2167985503008989,56.053195485514415,553.9321709261764,0.0,0.0
2026-10-13 00:41:00,16.566021658807692,2.535059186173509,0.0,0,0.2168943074422316,56.05640320592564,554.2894566700348,0.0,0.0
2026-10-13 00:42:00,16.565833723404914,2.527621434133953,0.0,0,0.21698917059615397,56.05959081394259,554.6450442184749,0.0,0.0
2026-10-13 00:43:00,16.565647580062638,2.5202307526184335,0.0,0,0.2170831382975429,56.06275824887781,554.9988629479955,0.0,0.0
2026-10-13 00:44:00,16.565463228278027,2.5128872823348756,0.0,0,0.21717620996868092,56.06590545042791,555.3508464733112,0.0,0.0
2026-10-13 00:45:00,16.56528066600281,2.5055911630923635,0.0,0,0.2172683858609865,56.069032358674704,555.7009325160712,0.0,0.0
2026-10-13 00:46:00,16.565099889752386,2.498342533798495,0.0,0,0.2173596669985951,56.07213891408636,556.0490627725839,0.0,0.0
2026-10-13 00:47:00,16.56492089471118,2.4911415324567217,0.0,0,0.21745005512380722,56.07522505751855,556.3951827809178,0.0,0.0
2026-10-13 00:48:00,16.564743674834247,2.4839882961637274,0.0,0,0.2175395526444106,56.07829073021554,556.7392417877276,0.0,0.0
2026-10-13 00:49:00,16.564568222945137,2.4768829611068233,0.0,0,0.21762816258287643,56.08133587381136,557.0811926151281,0.0,0.0
2026-10-13 00:50:00,16.564394530830025,2.4698256625613424,0.0,0,0.2177158885274313,56.084360430330854,557.4209915279259,0.0,0.0
2026-10-13 00:51:00,16.56422258932813,2.46281653488808,0.0,0,0.21780273458498733,56.087364342190824,557.7585981014887,0.0,0.0
2026-10-13 00:52:00,16.564052388418453,2.455855711530721,0.0,0,0.21788870533593574,56.090347552201116,558.0939750905211,0.0,0.0
2026-10-13 00:53:00,16.563883917302892,2.4489433250133112,0.0,0,0.2179738057907734,56.093310003565726,558.427088298991,0.0,0.0
2026-10-13 00:54:00,16.563717164485716,2.442079506937723,0.0,0,0.218058041348554,56.09625163988383,558.7579064514343,0.0,0.0
2026-10-13 00:55:00,16.563552117849508,2.4352643879811606,0.0,0,0.2181414177571419,56.09917240515093,559.0864010658493,0.0,0.0
2026-10-13 00:56:00,16.563388764727602,2.428498097893663,0.0,0,0.21822394107524623,56.10207224375986,559.4125463283714,0.0,0.0
2026-10-13 00:57:00,16.563227091973072,2.4217807654956416,0.0,0,0.21830561763619905,56.104951100501864,559.7363189699065,0.0,0.0
2026-10-13 00:58:00,16.563067086024336,2.4151125186754228,0.0,0,0.2183864540134639,56.10780892056768,560.0576981448826,0.0,0.0
2026-10-13 00:59:00,16.56290873296743,2.4084934843868124,0.0,0,0.21846645698783185,56.11064564954851,560.3766653122647,0.0,0.0
2026-10-13 01:00:00,16.562752018595052,2.4019237886466835,0.0,0,0.21854563351628542,56.113461233437135,560.6932041189655,0.0,0.0
2026-10-13 01:01:00,16.562596928462415,2.3954035565325733,0.0,0,0.21862399070247385,56.1162556186289,561.0073002857673,0.0,0.0
2026-10-13 01:02:00,16.562443447939994,2.3889329121803007,0.0,0,0.21870153576879225,56.11902875192273,561.3189414958595,0.0,0.0
2026-10-13 01:03:00,16.562291562263262,2.3825119787816083,0.0,0,0.21877827603000277,56.12178058052217,561.6281172860822,0.0,0.0
2026-10-13 01:04:00,16.562141256579455,2.3761408785818126,0.0,0,0.2188542188683691,56.12451105203637,561.9348189409559,0.0,0.0
2026-10-13 01:05:00,16.561992515991495,2.3698197328774766,0.0,0,0.2189293717102725,56.127220114481084,562.2390393895636,0.0,0.0
2026-10-13 01:06:00,16.56184532559912,2.3635486620141033,0.0,0,0.21900374200425254,56.12990771627967,562.5407731053424,0.0,0.0
2026-10-13 01:07:00,16.56169967053731,2.357327785383843,0.0,0,0.21907733720044043,56.13257380626407,562.8400160088306,0.0,0.0
2026-10-13 01:08:00,16.561555536012094,2.3511572214232195,0.0,0,0.21915016473134585,56.135218333675766,563.1367653734065,0.0,0.0
2026-10-13 01:09:00,16.561412907333857,2.3450370876108737,0.0,0,0.2192222319939532,56.137841248166765,563.4310197340474,0.0,0.0
2026-10-13 01:10:00,16.561271769948156,2.338967500465335,0.0,0,0.21929354633307163,56.14044249980057,563.7227787991241,0.0,0.0
2026-10-13 01:11:00,16.56113210946422,2.3329485755427903,0.0,0,0.2193641150259218,56.14302203905309,564.0120433652451,0.0,0.0
2026-10-13 01:12:00,16.560993911681148,2.326980427434897,0.0,0,0.21943394526788929,56.145579816813616,564.298815235149,0.0,0.0
2026-10-13 01:13:00,16.56085716261193,2.3210631697665884,0.0,0,0.2195030441594259,56.148115784385745,564.5830971386441,0.0,0.0
2026-10-13 01:14:00,16.56072184850538,2.3151969151939245,0.0,0,0.2195714186940343,56.150629893488315,564.8648926565801,0.0,0.0
2026-10-13 01:15:00,16.560587955866026,2.3093817754019352,0.0,0,0.21963907574730968,56.15312209625631,565.1442061478368,0.0,0.0
2026-10-13 01:16:00,16.560455471472082,2.303617861102499,0.0,0,0.21970602206698686,56.155592345241786,565.4210426793045,0.0,0.0
2026-10-13 01:17:00,16.56032438239157,2.297905282032236,0.0,0,0.21977226426395902,56.15804059341475,565.6954079588281,0.0,0.0
2026-10-13 01:18:00,16.560194675996666,2.2922441469504173,0.0,0,0.21983780880421477,56.16046679416411,565.9673082710796,0.0,0.0
2026-10-13 01:19:00,16.560066339976355,2.286634563636896,0.0,0,0.21990266200166708,56.162870901298476,566.2367504163213,0.0,0.0
2026-10-13 01:20:00,16.5599393623475,2.28107663889005,0.0,0,0.21996683001182227,56.16525286904712,566.5037416520171,0.0,0.0
2026-10-13 01:21:00,16.559813731464345,2.2755704785247564,0.0,0,0.22003031882625024,56.16761265206082,566.768289637242,0.0,0.0
2026-10-13 01:22:00,16.559689436026602,2.2701161873703706,0.0,0,0.2200931342678274,56.1699502054127,567.0304023798446,0.0,0.0
2026-10-13 01:23:00,16.559566465086128,2.264713869268734,0.0,0,0.22015528198669898,56.172265484599116,567.2900881863042,0.0,0.0
2026-10-13 01:24:00,16.55944480805232,2.2593636270721973,0.0,0,0.22021676745693597,56.174558445540484,567.5473556142282,0.0,0.0
2026-10-13 01:25:00,16.559324454696256,2.2540655626416584,0.0,0,0.22027759597384033,56.17682904458215,567.8022134274323,0.0,0.0
2026-10-13 01:26:00,16.559205395153697,2.2488197768446274,0.0,0,0.22033777265187204,56.17907723849516,568.0546705535397,0.0,0.0
2026-10-13 01:27:00,16.55908761992697,2.243626369553305,0.0,0,0.2203973024231516,56.181302984477156,568.304736044038,0.0,0.0
2026-10-13 01:28:00,16.558971119885843,2.238485439642679,0.0,0,0.22045619003651495,56.183506240153136,568.5524190367285,0.0,0.0
2026-10-13 01:29:00,16.558855886267423,2.2333970849886438,0.0,0,0.22051444005707843,56.185686963576295,568.7977287205014,0.0,0.0
2026-10-13 01:30:00,16.55874191067516,2.2283614024661396,0.0,0,0.22057205686628834,56.187845113228796,569.0406743023707,0.0,0.0
2026-10-13 01:31:00,16.558629185077002,2.223378487947301,0.0,0,0.22062904466242017,56.18998064802258,569.2812649766988,0.0,0.0
2026-10-13 01:32:00,16.55851770180279,2.2184484362996373,0.0,0,0.22068540746149878,56.19209352730016,569.5195098965439,0.0,0.0
2026-10-13 01:33:00,16.558407453540887,2.213571341384227,0.0,0,0.22074114909860576,56.19418371083533,569.7554181470582,0.0,0.0
2026-10-13 01:34:00,16.558298433334198,2.2087472960539265,0.0,0,0.2207962732295563,56.19625115883403,569.9889987208694,0.0,0.0
2026-10-13 01:35:00,16.55819063457551,2.203976392151604,0.0,0,0.2208507833329012,56.19829583193503,570.2202604953739,0.0,0.0
2026-10-13 01:36:00,16.558084051002307,2.1992587205083947,0.0,0,0.22090468271224495,56.200317691210685,570.4492122118722,0.0,0.0
2026-10-13 01:37:00,16.557978676691054,2.1945943709419646,0.0,0,0.22095797449884635,56.20231669816773,570.675862456478,0.0,0.0
2026-10-13 01:38:00,16.557874506051014,2.1899834322548073,0.0,0,0.22101066165447314,56.20429281474794,570.9002196427281,0.0,0.0
2026-10-13 01:39:00,16.557771533817643,2.185425992232547,0.0,0,0.2210627469744928,56.20624600332891,571.1222919958287,0.0,0.0
2026-10-13 01:40:00,16.55766975504559,2.1809221376422747,0.0,0,0.2211142330911784,56.20817622672474,571.3420875384659,0.0,0.0
2026-10-13 01:41:00,16.557569165101377,2.1764719542308884,0.0,0,0.22116512247720443,56.210083448186765,571.5596140781148,0.0,0.0
2026-10-13 01:42:00,16.55746975965576,2.172075526723465,0.0,0,0.2212154174493115,56.21196763140423,571.7748791957807,0.0,0.0
2026-10-13 01:43:00,16.557371534675834,2.167732938821647,0.0,0,0.22126512017212008,56.21382874050501,571.9878902361041,0.0,0.0
2026-10-13 01:44:00,16.55727448641692,2.1634442732020487,0.0,0,0.22131423266208294,56.215666740056264,572.1986542987687,0.0,0.0
2026-10-13 01:45:00,16.557178611414237,2.159209611514683,0.0,0,0.2213627567915406,56.21748159506514,572.407178231144,0.0,0.0
2026-10-13 01:46:00,16.55708390647444,2.1550290343814016,0.0,0,0.22141069429288152,56.2192732709794,572.6134686221045,0.0,0.0
2026-10-13 01:47:00,16.556990368666995,2.150902621394369,0.0,0,0.22145804676278047,56.221041733688125,572.8175317969606,0.0,0.0
2026-10-13 01:48:00,16.556897995315484,2.146830451114539,0.0,0,0.2215048156665027,56.22278694952234,573.0193738134438,0.0,0.0
2026-10-13 01:49:00,16.55680678398882,2.1428126010701645,0.0,0,0.22155100234225777,56.224508885255645,573.2190004586872,0.0,0.0
2026-10-13 01:50:00,16.556716732492394,2.138849147755319,0.0,0,0.22159660800559067,56.226207508104864,573.4164172471421,0.0,0.0
2026-10-13 01:51:00,16.556627838859253,2.1349401666284398,0.0,0,0.2216416337538032,56.22788278573067,573.6116294193794,0.0,0.0
2026-10-13 01:52:00,16.55654010134121,2.1310857321108934,0.0,0,0.22168608057037353,56.22953468623819,573.8046419417162,0.0,0.0
2026-10-13 01:53:00,16.55645351840002,2.1272859175855565,0.0,0,0.22172994932939538,56.23116317817762,573.9954595066207,0.0,0.0
2026-10-13 01:54:00,16.556368088698573,2.1235407953954204,0.0,0,0.2217732407999904,56.23276823054482,574.1840865338391,0.0,0.0
2026-10-13 01:55:00,16.556283811092154,2.1198504368422144,0.0,0,0.22181595565071355,56.23434981278191,574.3705271721998,0.0,0.0
2026-10-13 01:56:00,16.556200684619764,2.1162149121850433,0.0,0,0.22185809445392302,56.23590789477784,574.554785302043,0.0,0.0
2026-10-13 01:57:00,16.556118708495553,2.112634290639058,0.0,0,0.221899657690118,56.237442446868975,574.736864538233,0.0,0.0
2026-10-13 01:58:00,16.55603788210034,2.1091086403741306,0.0,0,0.22194064575222328,56.238953439839655,574.9167682337056,0.0,0.0
2026-10-13 01:59:00,16.55595820497325,2.1056380285135607,0.0,0,0.22198105894982945,56.24044084492276,575.0944994835094,0.0,0.0
2026-10-13 02:00:00,16.555879676803496,2.102222521132795,0.0,0,0.2220208975133744,56.24190463380023,575.2700611292993,0.0,0.0
2026-10-13 02:01:00,16.55580229742229,2.098862183258171,0.0,0,0.22206016159825204,56.24334477860364,575.4434557642421,0.0,0.0
2026-10-13 02:02:00,16.555726066794907,2.095557078865677,0.0,0,0.22209885128885531,56.24476125191471,575.6146857382959,0.0,0.0
2026-10-13 02:03:00,16.55565098501292,2.0923072708797363,0.0,0,0.22213696660254634,56.24615402676583,575.7837531638269,0.0,0.0
2026-10-13 02:04:00,16.55557705228659,2.0891128211720105,0.0,0,0.2221745074935395,56.24752307664057,575.950659921529,0.0,0.0
2026-10-13 02:05:00,16.555504268937433,2.0859737905602156,0.0,0,0.2222114738567047,56.248868375474196,576.1154076666112,0.0,0.0
2026-10-13 02:06:00,16.55543263539098,2.08289023880697,0.0,0,0.2222478655312834,56.25018989765415,576.2779978352228,0.0,0.0
2026-10-13 02:07:00,16.55536215216971,2.0798622246186547,0.0,0,0.22228368230451068,56.251487618020576,576.4384316510846,0.0,0.0
2026-10-13 02:08:00,16.5552928198862,2.0768898056442944,0.0,0,0.22231892391514485,56.25276151186673,576.596710132297,0.0,0.0
2026-10-13 02:09:00,16.55522463923643,2.0739730384744615,0.0,0,0.22235359005689936,56.25401155493952,576.752834098298,0.0,0.0
2026-10-13 02:10:00,16.555157610993334,2.0711119786402,0.0,0,0.22238768038178414,56.25523772343991,576.9068041769458,0.0,0.0
2026-10-13 02:11:00,16.55509173600051,2.0683066806119634,0.0,0,0.2224211945033332,56.256439994023445,577.0586208116985,0.0,0.0
2026-10-13 02:12:00,16.555027015166168,2.065557197798583,0.0,0,0.22245413199974529,56.25761834380061,577.2082842688702,0.0,0.0
2026-10-13 02:13:00,16.55496344945726,2.0628635825462487,0.0,0,0.2224864924169161,56.25877275033732,577.3557946449408,0.0,0.0
2026-10-13 02:14:00,16.55490103989384,2.060225886137511,0.0,0,0.22251827527136925,56.259903191655354,577.5011518738982,0.0,0.0
2026-10-13 02:15:00,16.554839787543578,2.0576441587903083,0.0,0,0.22254948005308073,56.26100964623272,577.6443557345925,0.0,0.0
2026-10-13 02:16:00,16.554779693516558,2.0551184496570083,0.0,0,0.2225801062282109,56.26209209300414,577.7854058580876,0.0,0.0
2026-10-13 02:17:00,16.55472075896021,2.0526488068234707,0.0,0,0.22261015324172106,56.26315051136137,577.9243017349881,0.0,0.0
2026-10-13 02:18:00,16.554662985054485,2.0502352773081363,0.0,0,0.22263962051989417,56.26418488115365,578.0610427227288,0.0,0.0
2026-10-13 02:19:00,16.554606373007204,2.0478779070611273,0.0,0,0.22266850747275768,56.26519518268809,578.1956280528118,0.0,0.0
2026-10-13 02:20:00,16.554550924049646,2.0455767409633756,0.0,0,0.22269681349639825,56.26618139672998,578.3280568379771,0.0,0.0
2026-10-13 02:21:00,16.55449663943229,2.043331822825767,0.0,0,0.22272453797517677,56.267143504503245,578.4583280792917,0.0,0.0
2026-10-13 02:22:00,16.554443520420783,2.0411431953883055,0.0,0,0.22275168028385472,56.26808148769073,578.5864406731507,0.0,0.0
2026-10-13 02:23:00,16.554391568292075,2.039010900319304,0.0,0,0.22277823978960853,56.268995328434585,578.7123934181735,0.0,0.0
2026-10-13 02:24:00,16.554340784330773,2.0369349782145867,0.0,0,0.22280421585396226,56.269885009336605,578.836185021991,0.0,0.0
2026-10-13 02:25:00,16.554291169825643,2.034915468596718,0.0,0,0.2228296078346137,56.27075051345855,578.9578141079104,0.0,0.0
2026-10-13 02:26:00,16.554242726066324,2.032952409914249,0.0,0,0.22285441508717874,56.27159182432246,579.0772792214526,0.0,0.0
2026-10-13 02:27:00,16.554195454340206,2.0310458395409894,0.0,0,0.22287863696683807,56.272408925911,579.1945788367536,0.0,0.0
2026-10-13 02:28:00,16.554149355929486,2.029195793775289,0.0,0,0.22290227282989683,56.273201802667735,579.3097113628234,0.0,0.0
2026-10-13 02:29:00,16.554104432108378,2.027402307839353,0.0,0,0.22292532203525717,56.27397043949742,579.4226751496568,0.0,0.0
2026-10-13 02:30:00,16.554060684140513,2.025665415878569,0.0,0,0.22294778394581094,56.27471482176633,579.5334684941927,0.0,0.0
2026-10-13 02:31:00,16.554018113276484,2.023985150960855,0.0,0,0.22296965792974355,56.27543493530249,579.6420896461149,0.0,0.0
2026-10-13 02:32:00,16.553976720751542,2.0223615450760337,0.0,0,0.22299094336175784,56.27613076639599,579.7485368134924,0.0,0.0
2026-10-13 02:33:00,16.553936507783458,2.0207946291352212,0.0,0,0.22301163962422876,56.276802301799194,579.8528081682566,0.0,0.0
2026-10-13 02:34:00,16.553897475570523,2.0192844329702377,0.0,0,0.22303174610827092,56.27744952872704,579.9549018515123,0.0,0.0
2026-10-13 02:35:00,16.553859625289682,2.017830985333041,0.0,0,0.2230512622147387,56.278072434857265,580.0548159786791,0.0,0.0
2026-10-13 02:36:00,16.553822958094827,2.0164343138951804,0.0,0,0.22307018735515882,56.27867100833064,580.1525486444658,0.0,0.0
2026-10-13 02:37:00,16.553787475115204,2.0150944452472648,0.0,0,0.22308852095258658,56.27924523775117,580.2480979276726,0.0,0.0
2026-10-13 02:38:00,16.553753177453945,2.0138114048984637,0.0,0,0.22310626244239806,56.27979511218637,580.3414618958225,0.0,0.0
2026-10-13 02:39:00,16.55372006618674,2.0125852172760146,0.0,0,0.22312341127302737,56.28032062116742,580.4326386096238,0.0,0.0
2026-10-13 02:40:00,16.553688142360617,2.011415905724763,0.0,0,0.22313996690662918,56.280821754689384,580.5216261272606,0.0,0.0
2026-10-13 02:41:00,16.553657406992826,2.010303492506716,0.0,0,0.2231559288196916,56.28129850321141,580.6084225085137,0.0,0.0
2026-10-13 02:42:00,16.553627861069856,2.009247998800616,0.0,0,0.2231712965035868,56.28175085765688,580.6930258187148,0.0,0.0
2026-10-13 02:43:00,16.553599505546522,2.008249444701543,0.0,0,0.22318606946507202,56.28217880941362,580.7754341325311,0.0,0.0
2026-10-13 02:44:00,16.55357234134519,2.007307849220527,0.0,0,0.22320024722673892,56.28258235033406,580.8556455375882,0.0,0.0
2026-10-13 02:45:00,16.553546369355068,2.00642323028419,0.0,0,0.2232138293274044,56.282961472735344,580.9336581379263,0.0,0.0
2026-10-13 02:46:00,16.55352159043159,2.005595604734399,0.0,0,0.2232268153224659,56.28331616939954,581.0094700572982,0.0,0.0
2026-10-13 02:47:00,16.5534980053959,2.004824988327954,0.0,0,0.22323920478420511,56.283646433573736,581.0830794423081,0.0,0.0
2026-10-13 02:48:00,16.55347561503442,2.0041113957362784,0.0,0,0.22325099730204911,56.28395225897017,581.1544844653944,0.0,0.0
2026-10-13 02:49:00,16.553454420098458,2.0034548405451478,0.0,0,0.22326219248279067,56.28423363976636,581.2236833276606,0.0,0.0
2026-10-13 02:50:00,16.553434421303944,2.0028553352544267,0.0,0,0.22327278995077116,56.28449057060524,581.2906742615564,0.0,0.0
2026-10-13 02:51:00,16.55341561933119,2.0023128912778314,0.0,0,0.22328278934802803,56.28472304659522,581.3554555334125,0.0,0.0
2026-10-13 02:52:00,16.553398014824744,2.001827518942713,0.0,0,0.22329219033440495,56.28493106331027,581.418025445833,0.0,0.0
2026-10-13 02:53:00,16.553381608393288,2.0013992274898613,0.0,0,0.22330099258762814,56.28511461679006,581.4783823399476,0.0,0.0
2026-10-13 02:54:00,16.553366400609598,2.001028025073328,0.0,0,0.22330919580335618,56.28527370354,581.5365245975288,0.0,0.0
2026-10-13 02:55:00,16.55335239201057,2.0007139187602725,0.0,0,0.22331679969520124,56.28540832053131,581.5924506429769,0.0,0.0
2026-10-13 02:56:00,16.55333958309728,2.000456914530826,0.0,0,0.22332380399471496,56.28551846520107,581.6461589451766,0.0,0.0
2026-10-13 02:57:00,16.553327974335094,2.000257017277979,0.0,0,0.22333020845135998,56.285604135452296,581.6976480192288,0.0,0.0
2026-10-13 02:58:00,16.55331756615383,2.000114230807486,0.0,0,0.22333601283245308,56.28566532965394,581.7469164280632,0.0,0.0
2026-10-13 02:59:00,16.553308358947955,2.0000285578377968,0.0,0,0.22334121692308528,56.28570204664094,581.7939627839324,0.0,0.0
2026-10-13 03:00:00,16.553300353076825,2.0,0.0,0,0.22334582052602237,56.285714285714285,581.8387857497953,0.0,0.0
2026-10-13 03:01:00,16.553293548864943,2.0000285578377968,0.0,0,0.2233498234615876,56.28570204664094,581.8813840405899,0.0,0.0
2026-10-13 03:02:00,16.55328794660227,2.000114230807486,0.0,0,0.22335322556752857,56.28566532965394,581.9217564244025,0.0,0.0
2026-10-13 03:03:00,16.55328354654456,2.000257017277979,0.0,0,0.22335602669886434,56.285604135452296,581.9599017235358,0.0,0.0
2026-10-13 03:04:00,16.553280348913695,2.000456914530826,0.0,0,0.22335822672772032,56.28551846520107,581.99581881548,0.0,0.0
2026-10-13 03:05:00,16.553278353898087,2.0007139187602725,0.0,0,0.22335982554315237,56.28540832053131,582.0295066337904,0.0,0.0
2026-10-13 03:06:00,16.553277561653065,2.001028025073328,0.0,0,0.22336082305095672,56.28527370354,582.0609641688775,0.0,0.0
2026-10-13 03:07:00,16.553277972301306,2.0013992274898613,0.0,0,0.22336121917346752,56.28511461679006,582.0901904687096,0.0,0.0
2026-10-13 03:08:00,16.553279585933264,2.001827518942713,0.0,0,0.22336101384934715,56.28493106331027,582.1171846394353,0.0,0.0
2026-10-13 03:09:00,16.55328240260762,2.0023128912778314,0.0,0,0.22336020703336779,56.28472304659522,582.1419458459278,0.0,0.0
2026-10-13 03:10:00,16.553286422351754,2.0028553352544267,0.0,0,0.22335879869618935,56.28449057060524,582.164473312255,0.0,0.0
2026-10-13 03:11:00,16.553291645162204,2.0034548405451478,0.0,0,0.22335678882412324,56.28423363976636,582.1847663220796,0.0,0.0
2026-10-13 03:12:00,16.553298071005166,2.0041113957362784,0.0,0,0.22335417741889785,56.28395225897017,582.2028242189909,0.0,0.0
2026-10-13 03:13:00,16.553305699816974,2.004824988327954,0.0,0,0.22335096449741698,56.283646433573736,582.2186464067753,0.0,0.0
2026-10-13 03:14:00,16.5533145315046,2.005595604734399,0.0,0,0.22334715009151296,56.28331616939954,582.2322323496242,0.0,0.0
2026-10-13 03:15:00,16.55332456594615,2.00642323028419,0.0,0,0.22334273424769968,56.282961472735344,582.2435815722865,0.0,0.0
2026-10-13 03:16:00,16.553335802991363,2.007307849220527,0.0,0,0.22333771702692573,56.28258235033406,582.252693660168,0.0,0.0
2026-10-13 03:17:00,16.55334824246212,2.008249444701543,0.0,0,0.22333209850431857,56.28217880941362,582.2595682593787,0.0,0.0
2026-10-13 03:18:00,16.553361884152945,2.009247998800616,0.0,0,0.2233258787689394,56.28175085765688,582.2642050767349,0.0,0.0
2026-10-13 03:19:00,16.553376727831505,2.010303492506716,0.0,0,0.22331905792352735,56.28129850321141,582.2666038797153,0.0,0.0
2026-10-13 03:20:00,16.553392773239107,2.011415905724763,0.0,0,0.2233116360842473,56.280821754689384,582.2667644963757,0.0,0.0
2026-10-13 03:21:00,16.5534100200912,2.012585217276015,0.0,0,0.22330361338044646,56.28032062116742,582.2646868152264,0.0,0.0
2026-10-13 03:22:00,16.553428468077854,2.0138114048984637,0.0,0,0.22329498995440034,56.27979511218637,582.2603707850719,0.0,0.0
2026-10-13 03:23:00,16.55344811686426,2.0150944452472648,0.0,0,0.22328576596107297,56.27924523775117,582.253816414819,0.0,0.0
2026-10-13 03:24:00,16.553468966091202,2.0164343138951804,0.0,0,0.22327594156787,56.27867100833064,582.2450237732521,0.0,0.0
2026-10-13 03:25:00,16.553491015375524,2.017830985333041,0.0,0,0.2232655169543989,56.278072434857265,582.2339929887817,0.0,0.0
2026-10-13 03:26:00,16.553514264310603,2.0192844329702377,0.0,0,0.22325449231223793,56.27744952872704,582.2207242491664,0.0,0.0
2026-10-13 03:27:00,16.55353871246681,2.0207946291352212,0.0,0,0.22324286784469827,56.276802301799194,582.2052178012113,0.0,0.0
2026-10-13 03:28:00,16.55356435939194,2.022361545076034,0.0,0,0.22323064376659474,56.27613076639599,582.1874739504433,0.0,0.0
2026-10-13 03:29:00,16.553591204611674,2.023985150960855,0.0,0,0.22321782030402915,56.27543493530249,582.1674930607692,0.0,0.0
2026-10-13 03:30:00,16.553619247629985,2.025665415878569,0.0,0,0.2232043976941629,56.27471482176633,582.1452755541145,0.0,0.0
2026-10-13 03:31:00,16.55364848792958,2.027402307839353,0.0,0,0.22319037618500737,56.27397043949742,582.1208219100472,0.0,0.0
2026-10-13 03:32:00,16.553678924972285,2.029195793775289,0.0,0,0.22317575603521078,56.273201802667735,582.094132665387,0.0,0.0
2026-10-13 03:33:00,16.553710558199462,2.0310458395409894,0.0,0,0.22316053751385745,56.272408925911,582.0652084138029,0.0,0.0
2026-10-13 03:34:00,16.55374338703239,2.0329524099142495,0.0,0,0.22314472090026882,56.27159182432246,582.034049805401,0.0,0.0
2026-10-13 03:35:00,16.553777410872634,2.034915468596718,0.0,0,0.22312830648380455,56.27075051345855,582.0006575463009,0.0,0.0
2026-10-13 03:36:00,16.553812629102413,2.0369349782145867,0.0,0,0.22311129456368306,56.269885009336605,581.9650323982074,0.0,0.0
2026-10-13 03:37:00,16.55384904108496,2.0390109003193047,0.0,0,0.22309368544879327,56.268995328434585,581.9271751779742,0.0,0.0
2026-10-13 03:38:00,16.553886646164848,2.0411431953883055,0.0,0,0.2230754794575205,56.26808148769073,581.8870867571633,0.0,0.0
2026-10-13 03:39:00,16.55392544366834,2.043331822825767,0.0,0,0.2230566769175759,56.267143504503245,581.844768061601,0.0,0.0
2026-10-13 03:40:00,16.553965432903688,2.045576740963376,0.0,0,0.22303727816582963,56.26618139672998,581.8002200709309,0.0,0.0
2026-10-13 03:41:00,16.554006613161445,2.0478779070611273,0.0,0,0.2230172835481561,56.26519518268809,581.753443818166,0.0,0.0
2026-10-13 03:42:00,16.554048983714765,2.0502352773081363,0.0,0,0.22299669341927775,56.26418488115365,581.7044403892409,0.0,0.0
2026-10-13 03:43:00,16.55409254381968,2.0526488068234707,0.0,0,0.22297550814261768,56.26315051136137,581.6532109225632,0.0,0.0
2026-10-13 03:44:00,16.554137292715374,2.0551184496570083,0.0,0,0.22295372809015923,56.26209209300414,581.5997566085678,0.0,0.0
2026-10-13 03:45:00,16.554183229624435,2.0576441587903087,0.0,0,0.22293135364231276,56.26100964623272,581.5440786892733,0.0,0.0
2026-10-13 03:46:00,16.554230353753116,2.0602258861375113,0.0,0,0.22290838518778244,56.259903191655354,581.4861784578411,0.0,0.0
2026-10-13 03:47:00,16.554278664291566,2.0628635825462487,0.0,0,0.22288482312344193,56.25877275033732,581.4260572581381,0.0,0.0
2026-10-13 03:48:00,16.554328160414055,2.065557197798583,0.0,0,0.2228606678542171,56.25761834380061,581.3637164843045,0.0,0.0
2026-10-13 03:49:00,16.55437884127919,2.0683066806119634,0.0,0,0.22283591979297235,56.256439994023445,581.2991575803262,0.0,0.0
2026-10-13 03:50:00,16.554430706030118,2.0711119786402,0.0,0,0.22281057936040582,56.25523772343991,581.2323820396134,0.0,0.0
2026-10-13 03:51:00,16.554483753794727,2.073973038474462,0.0,0,0.22278464698494105,56.25401155493952,581.1633914045842,0.0,0.0
2026-10-13 03:52:00,16.554537983685826,2.076889805644295,0.0,0,0.22275812310263632,56.25276151186673,581.0921872662558,0.0,0.0
2026-10-13 03:53:00,16.554593394801312,2.0798622246186547,0.0,0,0.22273100815708702,56.251487618020576,581.0187712638418,0.0,0.0
2026-10-13 03:54:00,16.554649986224348,2.0828902388069706,0.0,0,0.2227033025993439,56.25018989765415,580.9431450843576,0.0,0.0
2026-10-13 03:55:00,16.554707757023504,2.0859737905602156,0.0,0,0.22267500688782604,56.248868375474196,580.8653104622322,0.0,0.0
2026-10-13 03:56:00,16.55476670625291,2.089112821172011,0.0,0,0.22264612148824803,56.24752307664057,580.785269178929,0.0,0.0
2026-10-13 03:57:00,16.55482683295239,2.092307270879737,0.0,0,0.22261664687354532,56.24615402676583,580.7030230625742,0.0,0.0
2026-10-13 03:58:00,16.554888136147593,2.095557078865677,0.0,0,0.222586583523805,56.24476125191471,580.6185739875931,0.0,0.0
2026-10-13 03:59:00,16.554950614850107,2.098862183258171,0.0,0,0.2225559319262036,56.24334477860364,580.5319238743555,0.0,0.0
2026-10-13 04:00:00,16.555014268057565,2.1022225211327954,0.0,0,0.22252469257494667,56.24190463380023,580.4430746888287,0.0,0.0
2026-10-13 04:01:00,16.55507909475376,2.1056380285135607,0.0,0,0.2224928659712173,56.24044084492276,580.3520284422407,0.0,0.0
2026-10-13 04:02:00,16.55514509390873,2.1091086403741306,0.0,0,0.2224604526231193,56.238953439839655,580.2587871907504,0.0,0.0
2026-10-13 04:03:00,16.55521226447885,2.1126342906390585,0.0,0,0.2224274530456345,56.237442446868975,580.1633530351277,0.0,0.0
2026-10-13 04:04:00,16.555280605406907,2.1162149121850433,0.0,0,0.2223938677605748,56.23590789477784,580.0657281204417,0.0,0.0
2026-10-13 04:05:00,16.555350115622176,2.119850436842214,0.0,0,0.2223596972965467,56.23434981278191,579.965914635758,0.0,0.0
2026-10-13 04:06:00,16.555420794040486,2.123540795395421,0.0,0,0.2223249421889122,56.23276823054482,579.8639148138451,0.0,0.0
2026-10-13 04:07:00,16.55549263956429,2.1272859175855565,0.0,0,0.22228960297975675,56.23116317817762,579.7597309308884,0.0,0.0
2026-10-13 04:08:00,16.55556565108269,2.1310857321108934,0.0,0,0.22225368021785563,56.22953468623819,579.6533653062135,0.0,0.0
2026-10-13 04:09:00,16.555639827471524,2.13494016662844,0.0,0,0.2222171744586543,56.22788278573067,579.5448203020184,0.0,0.0
2026-10-13 04:10:00,16.555715167593373,2.13884914775532,0.0,0,0.22218008626423824,56.226207508104864,579.4340983231132,0.0,0.0
2026-10-13 04:11:00,16.55579167029762,2.142812601070165,0.0,0,0.22214241620331343,56.224508885255645,579.3212018166688,0.0,0.0
2026-10-13 04:12:00,16.555869334420475,2.1468304511145395,0.0,0,0.22210416485119033,56.22278694952234,579.2061332719733,0.0,0.0
2026-10-13 04:13:00,16.555948158784997,2.150902621394369,0.0,0,0.2220653327897626,56.221041733688125,579.0888952201964,0.0,0.0
2026-10-13 04:14:00,16.556028142201125,2.155029034381402,0.0,0,0.2220259206075017,56.2192732709794,578.9694902341624,0.0,0.0
2026-10-13 04:15:00,16.556109283465688,2.159209611514683,0.0,0,0.22198592889943747,56.21748159506514,578.8479209281297,0.0,0.0
2026-10-13 04:16:00,16.556191581362423,2.163444273202049,0.0,0,0.22194535826715622,56.215666740056264,578.7241899575787,0.0,0.0
2026-10-13 04:17:00,16.556275034661986,2.1677329388216475,0.0,0,0.2219042093187884,56.21382874050501,578.5983000190066,0.0,0.0
2026-10-13 04:18:00,16.556359642121954,2.1720755267234653,0.0,0,0.22186248266900677,56.21196763140423,578.4702538497294,0.0,0.0
2026-10-13 04:19:00,16.55644540248683,2.1764719542308884,0.0,0,0.22182017893902284,56.210083448186765,578.3400542276908,0.0,0.0
2026-10-13 04:20:00,16.556532314488035,2.1809221376422747,0.0,0,0.22177729875658514,56.20817622672474,578.2077039712774,0.0,0.0
2026-10-13 04:21:00,16.556620376843913,2.1854259922325476,0.0,0,0.22173384275598274,56.20624600332891,578.073205939142,0.0,0.0
2026-10-13 04:22:00,16.556709588259725,2.1899834322548077,0.0,0,0.22168981157804346,56.20429281474794,577.9365630300312,0.0,0.0
2026-10-13 04:23:00,16.55679994742763,2.1945943709419646,0.0,0,0.22164520587013747,56.20231669816773,577.7977781826197,0.0,0.0
2026-10-13 04:24:00,16.556891453026683,2.199258720508395,0.0,0,0.22160002628618436,56.200317691210685,577.656854375351,0.0,0.0
2026-10-13 04:25:00,16.556984103722808,2.203976392151605,0.0,0,0.22155427348665846,56.19829583193503,577.5137946262836,0.0,0.0
2026-10-13 04:26:00,16.557077898168796,2.2087472960539265,0.0,0,0.22150794813859598,56.19625115883403,577.3686019929416,0.0,0.0
2026-10-13 04:27:00,16.557172835004273,2.2135713413842275,0.0,0,0.2214610509156021,56.19418371083533,577.2212795721721,0.0,0.0
2026-10-13 04:28:00,16.557268912855687,2.2184484362996373,0.0,0,0.22141358249786336,56.19209352730016,577.0718305000062,0.0,0.0
2026-10-13 04:29:00,16.557366130336284,2.223378487947301,0.0,0,0.22136554357215665,56.18998064802258,576.9202579515256,0.0,0.0
2026-10-13 04:30:00,16.557464486046083,2.22836140246614,0.0,0,0.221316934831858,56.187845113228796,576.7665651407336,0.0,0.0
2026-10-13 04:31:00,16.55756397857185,2.233397084988644,0.0,0,0.22126775697695855,56.185686963576295,576.6107553204297,0.0,0.0
2026-10-13 04:32:00,16.557664606487073,2.238485439642679,0.0,0,0.22121801071407532,56.183506240153136,576.4528317820892,0.0,0.0
2026-10-13 04:33:00,16.55776636835194,2.243626369553305,0.0,0,0.22116769675646353,56.181302984477156,576.2927978557464,0.0,0.0
2026-10-13 04:34:00,16.55786926271329,2.248819776844628,0.0,0,0.22111681582403087,56.17907723849516,576.1306569098808,0.0,0.0
2026-10-13 04:35:00,16.55797328810461,2.254065562641659,0.0,0,0.22106536864335524,56.17682904458215,575.9664123513083,0.0,0.0
2026-10-13 04:36:00,16.558078443045986,2.2593636270721977,0.0,0,0.22101335594769544,56.174558445540484,575.8000676250742,0.0,0.0
2026-10-13 04:37:00,16.558184726044075,2.2647138692687343,0.0,0,0.22096077847700712,56.172265484599116,575.6316262143495,0.0,0.0
2026-10-13 04:38:00,16.558292135592076,2.2701161873703706,0.0,0,0.22090763697796234,56.1699502054127,575.461091640331,0.0,0.0
2026-10-13 04:39:00,16.558400670169696,2.275570478524757,0.0,0,0.220853932203962,56.16761265206082,575.2884674621438,0.0,0.0
2026-10-13 04:40:00,16.55851032824312,2.2810766388900503,0.0,0,0.2207996649151518,56.16525286904712,575.1137572767449,0.0,0.0
2026-10-13 04:41:00,16.558621108264973,2.2866345636368965,0.0,0,0.22074483587844007,56.162870901298476,574.9369647188311,0.0,0.0
2026-10-13 04:42:00,16.558733008674285,2.2922441469504173,0.0,0,0.2206894458675137,56.16046679416411,574.7580934607474,0.0,0.0
2026-10-13 04:43:00,16.558846027896468,2.2979052820322363,0.0,0,0.22063349566285773,56.15804059341475,574.5771472123993,0.0,0.0
2026-10-13 04:44:00,16.55896016434327,2.3036178611024996,0.0,0,0.2205769860517659,56.155592345241786,574.3941297211642,0.0,0.0
2026-10-13 04:45:00,16.559075416412746,2.3093817754019357,0.0,0,0.22051991782836566,56.15312209625631,574.2090447718074,0.0,0.0
2026-10-13 04:46:00,16.559191782489226,2.3151969151939245,0.0,0,0.22046229179362697,56.150629893488315,574.0218961863969,0.0,0.0
2026-10-13 04:47:00,16.55930926094328,2.321063169766589,0.0,0,0.22040410875538718,56.148115784385745,573.8326878242221,0.0,0.0
2026-10-13 04:48:00,16.55942785013168,2.326980427434897,0.0,0,0.22034536952835992,56.145579816813616,573.6414235817111,0.0,0.0
2026-10-13 04:49:00,16.559547548397376,2.3329485755427912,0.0,0,0.22028607493415997,56.143022039053086,573.4481073923513,0.0,0.0
2026-10-13 04:50:00,16.559668354069448,2.3389675004653347,0.0,0,0.22022622580131213,56.14044249980057,573.252743226609,0.0,0.0
2026-10-13 04:51:00,16.55979026546309,2.345037087610874,0.0,0,0.2201658229652761,56.137841248166765,573.055335091852,0.0,0.0
2026-10-13 04:52:00,16.559913280879563,2.35115722142322,0.0,0,0.22010486726845535,56.135218333675766,572.8558870322704,0.0,0.0
2026-10-13 04:53:00,16.56003739860617,2.3573277853838435,0.0,0,0.22004335956021848,56.13257380626407,572.6544031287996,0.0,0.0
2026-10-13 04:54:00,16.560162616916227,2.363548662014104,0.0,0,0.21998130069691513,56.12990771627967,572.4508874990435,0.0,0.0
2026-10-13 04:55:00,16.560288934069018,2.3698197328774775,0.0,0,0.2199186915418867,56.127220114481084,572.245344297197,0.0,0.0
2026-10-13 04:56:00,16.560416348309776,2.376140878581813,0.0,0,0.2198555329654912,56.12451105203637,572.0377777139703,0.0,0.0
2026-10-13 04:57:00,16.56054485786965,2.3825119787816087,0.0,0,0.21979182584511214,56.12178058052217,571.828191976512,0.0,0.0
2026-10-13 04:58:00,16.56067446096567,2.3889329121803007,0.0,0,0.2197275710651745,56.11902875192273,571.6165913483327,0.0,0.0
2026-10-13 04:59:00,16.560805155800722,2.3954035565325738,0.0,0,0.21966276951716424,56.1162556186289,571.4029801292288,0.0,0.0
2026-10-13 05:00:00,16.560936940563515,2.401923788646684,0.0,0,0.21959742209963906,56.113461233437135,571.1873626552056,0.0,0.0
2026-10-13 05:01:00,16.561069813428553,2.4084934843868124,0.0,0,0.21953152971824252,56.11064564954851,570.9697432984,0.0,0.0
2026-10-13 05:02:00,16.561203772556105,2.415112518675423,0.0,0,0.2194650932857236,56.10780892056768,570.750126467004,0.0,0.0
2026-10-13 05:03:00,16.56133881609218,2.421780765495642,0.0,0,0.2193981137219474,56.104951100501864,570.5285166051868,0.0,0.0
2026-10-13 05:04:00,16.561474942168502,2.4284980978936628,0.0,0,0.21933059195390925,56.10207224375986,570.304918193017,0.0,0.0
2026-10-13 05:05:00,16.561612148902473,2.43526438798116,0.0,0,0.21926252891574904,56.09917240515093,570.0793357463834,0.0,0.0
2026-10-13 05:06:00,16.561750434397155,2.4420795069377235,0.0,0,0.2191939255487636,56.09625163988383,569.8517738169163,0.0,0.0
2026-10-13 05:07:00,16.56188979674124,2.4489433250133117,0.0,0,0.21912478280142267,56.093310003565726,569.6222369919076,0.0,0.0
2026-10-13 05:08:00,16.562030234009036,2.455855711530722,0.0,0,0.21905510162937958,56.090347552201116,569.3907298942304,0.0,0.0
2026-10-13 05:09:00,16.56217174426042,2.4628165348880806,0.0,0,0.2189848829954819,56.087364342190824,569.1572571822575,0.0,0.0
2026-10-13 05:10:00,16.562314325540836,2.4698256625613437,0.0,0,0.21891412786978925,56.084360430330854,568.9218235497794,0.0,0.0
2026-10-13 05:11:00,16.56245797588125,2.476882961106823,0.0,0,0.2188428372295821,56.08133587381136,568.6844337259221,0.0,0.0
2026-10-13 05:12:00,16.562602693298153,2.4839882961637274,0.0,0,0.21877101205937421,56.07829073021554,568.4450924750624,0.0,0.0
2026-10-13 05:13:00,16.56274847579351,2.491141532456721,0.0,0,0.21869865335092342,56.07522505751855,568.2038045967446,0.0,0.0
2026-10-13 05:14:00,16.56289532135476,2.498342533798496,0.0,0,0.2186257621032457,56.07213891408636,567.9605749255938,0.0,0.0
2026-10-13 05:15:00,16.56304322795478,2.505591163092365,0.0,0,0.21855233932262053,56.069032358674704,567.7154083312302,0.0,0.0
2026-10-13 05:16:00,16.56319219355187,2.512887282334875,0.0,0,0.2184783860226105,56.06590545042791,567.4683097181811,0.0,0.0
2026-10-13 05:17:00,16.563342216089737,2.520230752618434,0.0,0,0.21840390322406478,56.06275824887781,567.2192840257934,0.0,0.0
2026-10-13 05:18:00,16.563493293497462,2.5276214341339536,0.0,0,0.2183288919551316,56.05959081394259,566.9683362281434,0.0,0.0
2026-10-13 05:19:00,16.56364542368949,2.535059186173509,0.0,0,0.21825335325126893,56.05640320592564,566.7154713339462,0.0,0.0
2026-10-13 05:20:00,16.563798604565605,2.5425438671330243,0.0,0,0.21817728815525506,56.053195485514415,566.460694386465,0.0,0.0
2026-10-13 05:21:00,16.563952834010916,2.5500753345149634,0.0,0,0.21810069771719753,56.0499677137793,566.204010463418,0.0,0.0
2026-10-13 05:22:00,16.564108109895834,2.5576534449310424,0.0,0,0.21802358299454205,56.04671995217241,565.9454246768847,0.0,0.0
2026-10-13 05:23:00,16.564264430076058,2.5652780541049633,0.0,0,0.2179459450520831,56.04345226252644,565.6849421732118,0.0,0.0
2026-10-13 05:24:00,16.564421792392555,2.572949016875158,0.0,0,0.217867784961971,56.040164707053506,565.4225681329165,0.0,0.0
2026-10-13 05:25:00,16.56458019467154,2.5806661871975525,0.0,0,0.21778910380372274,56.03685734834391,565.1583077705902,0.0,0.0
2026-10-13 05:26:00,16.56473963472446,2.588429418148348,0.0,0,0.21770990266423063,56.03353024936499,564.8921663348007,0.0,0.0
2026-10-13 05:27:00,16.564900110347992,2.5962385619268176,0.0,0,0.21763018263776956,56.030183473459935,564.6241491079923,0.0,0.0
2026-10-13 05:28:00,16.565061619323995,2.604093469858122,0.0,0,0.2175499448260041,56.02681708434652,564.3542614063863,0.0,0.0
2026-10-13 05:29:00,16.565224159419525,2.611993992396134,0.0,0,0.2174691903380026,56.02343114611594,564.0825085798799,0.0,0.0
2026-10-13 05:30:00,16.568932728956398,2.6199399791262947,0.0,0,1.0,56.02002572323159,693.7922502303802,0.0,0.0
2026-10-13 05:31:00,16.575953886276213,2.62793127876847,0.0,0,1.0,56.0166008805278,815.0824930674669,0.0,0.0
2026-10-13 05:32:00,16.586068563972052,2.635967739179834,0.0,0,1.0,56.01315668320864,928.4709613979525,0.0,0.0
2026-10-13 05:33:00,16.5990711881432,2.644049207357766,0.0,0,1.0,56.00969319684667,1034.4436605399296,0.0,0.0
2026-10-13 05:34:00,16.614768851650986,2.6521755294427583,0.0,0,1.0,56.00621048738167,1133.456821633474,0.0,0.0
2026-10-13 05:35:00,16.6329805380556,2.6603465507213544,0.0,0,1.0,56.00270862111942,1225.9387268731584,0.0,0.0
2026-10-13 05:36:00,16.653536393119143,2.6685621156290873,0.0,0,1.0,55.99918766473039,1312.291422560193,0.0,0.0
2026-10-13 05:37:00,16.676277040952613,2.6768220677534433,0.0,0,1.0,55.99564768524852,1392.8923269085042,0.0,0.0
2026-10-13 05:38:00,16.70105294206518,2.6851262498368396,0.0,0,1.0,55.992088750069925,1468.0957391053441,0.0,0.0
2026-10-13 05:39:00,16.727723790743077,2.6934745037796217,0.0,0,1.0,55.98851092695159,1538.234255721066,0.0,0.0
2026-10-13 05:40:00,16.756157949344313,2.701866670643067,0.0,0,1.0,55.98491428401012,1603.6201001826598,0.0,0.0
2026-10-13 05:41:00,16.786231917244006,2.7103025906524145,0.0,0,1.0,55.98129888972039,1664.546370669791,0.0,0.0
2026-10-13 05:42:00,16.817829832304835,2.7187821031999073,0.0,0,1.0,55.97766481291433,1721.288211458806,0.0,0.0
2026-10-13 05:43:00,16.850843002877827,2.7273050468478517,0.0,0,1.0,55.97401212277949,1774.1039124280126,0.0,0.0
2026-10-13 05:44:00,16.88516946846155,2.735871259331685,0.0,0,1.0,55.97034088885785,1823.2359411450761,0.0,0.0
2026-10-13 05:45:00,16.920713587262846,2.7444805775630683,0.0,0,1.0,55.9666511810444,1868.9119116833635,0.0,0.0
2026-10-13 05:46:00,16.957385649010266,2.7531328376329935,0.0,0,1.0,55.96294306958586,1911.3454940572683,0.0,0.0
2026-10-13 05:47:00,16.99510151147276,2.7618278748149017,0.0,0,1.0,55.95921662507933,1950.737267925888,0.0,0.0
2026-10-13 05:48:00,17.033782259231106,2.770565523567818,0.0,0,1.0,55.955471918470934,1987.2755239888345,0.0,0.0
2026-10-13 05:49:00,17.073353883338893,2.7793456175395037,0.0,0,1.0,55.9517090210545,2021.1370162864773,0.0,0.0
2026-10-13 05:50:00,17.113746980593472,2.7881679895696276,0.0,0,1.0,55.94792800447016,2052.4876684186565,0.0,0.0
2026-10-13 05:51:00,17.154896471215853,2.797032471692943,0.0,0,1.0,55.944128940703024,2081.483236509989,0.0,0.0
2026-10-13 05:52:00,17.1967413338122,2.8059388951424884,0.0,0,1.0,55.94031190208179,2108.269931575576,0.0,0.0
2026-10-13 05:53:00,17.23922435655872,2.8148870903527987,0.0,0,1.0,55.93647696127737,2132.9850037774227,0.0,0.0
2026-10-13 05:54:00,17.282291903616667,2.823876886963138,0.0,0,1.0,55.932624191301514,2155.75729090857,0.0,0.0
2026-10-13 05:55:00,17.325893695845018,2.8329081138207335,0.0,0,1.0,55.9287536655054,2176.707733298109,0.0,0.0
2026-10-13 05:56:00,17.36998260493559,2.841980598984047,0.0,0,1.0,55.924865457578264,2195.949857195363,0.0,0.0
2026-10-13 05:57:00,17.41451446014895,2.8510941697260375,0.0,0,1.0,55.920959641545984,2213.59022856498,0.0,0.0
2026-10-13 05:58:00,17.459447866879902,2.8602486525374555,0.0,0,1.0,55.91703629176966,2229.7288791059514,0.0,0.0
2026-10-13 05:59:00,17.504744036328436,2.8694438731301446,0.0,0,1.0,55.91309548294422,2244.459706196217,0.0,0.0
2026-10-13 06:00:00,17.55036662559656,2.8786796564403576,0.0,0,1.0,55.90913729009699,2257.8708483600076,0.0,0.0
2026-10-13 06:01:00,17.596281587572882,2.8879558266320946,0.0,0,1.0,55.90516178858625,2270.045037757034,0.0,0.0
2026-10-13 06:02:00,17.64245703000602,2.897272207100447,0.0,0,1.0,55.90116905409981,2281.0599311006463,0.0,0.0
2026-10-13 06:03:00,17.688863083204506,2.90662862047496,0.0,0,1.0,55.89715916265359,2290.988420325742,0.0,0.0
2026-10-13 06:04:00,17.735471775835315,2.916024888623008,0.0,0,1.0,55.89313219059014,2299.8989242462103,0.0,0.0
2026-10-13 06:05:00,17.78225691832545,2.925460832653192,0.0,0,1.0,55.88908821457721,2307.8556623656705,0.0,0.0
2026-10-13 06:06:00,17.829193993401386,2.934936272918738,0.0,0,1.0,55.88502731160626,2314.918911933923,0.0,0.0
2026-10-13 06:07:00,17.87626005332955,2.9444510290209234,0.0,0,1.0,55.880949558991034,2321.145249274578,0.0,0.0
2026-10-13 06:08:00,17.923433623447888,2.9540049198125047,0.0,0,1.0,55.876855034366066,2326.5877763464878,0.0,0.0
2026-10-13 06:09:00,17.970694611603545,2.963597763401175,0.0,0,1.0,55.87274381568521,2331.296333442634,0.0,0.0
2026-10-13 06:10:00,18.018024223135274,2.9732293771530203,0.0,0,1.0,55.86861598122013,2335.317698874767,0.0,0.0
2026-10-13 06:11:00,18.065404881061344,2.982899577695996,0.0,0,1.0,55.86447160955886,2338.695776440137,0.0,0.0
2026-10-13 06:12:00,18.11282015115441,2.9926081809234253,0.0,0,1.0,55.86031077960425,2341.4717714178983,0.0,0.0
2026-10-13 06:13:00,18.16025467160434,3.0023550019974974,0.0,0,1.0,55.8561335705725,2343.6843557969887,0.0,0.0
2026-10-13 06:14:00,18.207694086988273,3.012139855352788,0.0,0,1.0,55.85194006199166,2345.3698233943223,0.0,0.0
2026-10-13 06:15:00,18.255124986284372,3.0219625546997935,0.0,0,1.0,55.84773033370009,2346.562235481806,0.0,0.0
2026-10-13 06:16:00,18.302534844681805,3.0318229130284777,0.0,0,1.0,55.84350446584494,2347.293557502834,0.0,0.0
2026-10-13 06:17:00,18.34991196895473,3.0417207426118322,0.0,0,1.0,55.83926253888065,2347.593787423371,0.0,0.0
2026-10-13 06:18:00,18.397245446182136,3.0516558550094492,0.0,0,1.0,55.83500463356738,2347.491076229383,0.0,0.0
2026-10-13 06:19:00,18.444525095608864,3.061628061071108,0.0,0,1.0,55.83073083096953,2347.011841051059,0.0,0.0
2026-10-13 06:20:00,18.49174142345554,3.071637170940381,0.0,0,1.0,55.82644121245412,2346.1808713648625,0.0,0.0
2026-10-13 06:21:00,18.53888558049702,3.081682994058246,0.0,0,1.0,55.822135859689325,2345.021428696866,0.0,0.0
2026-10-13 06:22:00,18.585949322239884,3.0917653391667086,0.0,0,1.0,55.81781485464284,2343.5553402249107,0.0,0.0
2026-10-13 06:23:00,18.63292497153995,3.1018840143124518,0.0,0,1.0,55.81347827958038,2341.803086652807,0.0,0.0
2026-10-13 06:24:00,18.67980538351048,3.112038826850488,0.0,0,1.0,55.809126217064076,2339.7838847069756,0.0,0.0
2026-10-13 06:25:00,18.7265839125809,3.1222295834478238,0.0,0,1.0,55.804758749950935,2337.515764584481,0.0,0.0
2026-10-13 06:26:00,18.773254381574397,3.1324560900871417,0.0,0,1.0,55.800375961391225,2335.0156426612916,0.0,0.0
2026-10-13 06:27:00,18.819811052680866,3.142718152070498,0.0,0,1.0,55.79597793482693,2332.2993897507145,0.0,0.0
2026-10-13 06:28:00,18.866248600209172,3.153015574023025,0.0,0,1.0,55.79156475399013,2329.3818951842154,0.0,0.0
2026-10-13 06:29:00,18.912562085009835,3.163348159896653,0.0,0,1.0,55.78713650290143,2326.27712697018,0.0,0.0
2026-10-13 06:30:00,18.958746930465903,3.173715712973838,0.0,0,1.0,55.78269326586835,2322.998188270553,0.0,0.0
2026-10-13 06:31:00,19.004798899955997,3.1841180358713173,0.0,0,1.0,55.77823512748372,2319.5573704206076,0.0,0.0
2026-10-13 06:32:00,19.050704521258883,3.194554930543855,0.0,0,0.9976005500220015,55.77376217262406,2315.6158732155964,0.0,0.0
2026-10-13 06:33:00,19.096369664207725,3.205026198288024,0.0,0,0.9746477393705586,55.76927448644799,2308.2157077097236,0.0,0.0
2026-10-13 06:34:00,19.14170737426858,3.2155316397459766,0.0,0,0.9518151678961377,55.764772154394585,2297.6162232098377,0.0,0.0
2026-10-13 06:35:00,19.18663758935995,3.2260710549092524,0.0,0,0.9291463128657096,55.76025526218175,2284.066672791202,0.0,0.0
2026-10-13 06:36:00,19.231086856608076,3.236644243122581,0.0,0,0.9066812053200248,55.75572389580461,2267.8061996141205,0.0,0.0
2026-10-13 06:37:00,19.274988050066106,3.2472510030876975,0.0,0,0.8844565716959618,55.75117814153384,2249.0638609352304,0.0,0.0
2026-10-13 06:38:00,19.318280090342324,3.2578911328671807,0.0,0,0.8625059749669468,55.746618085914065,2228.0586868159753,0.0,0.0
2026-10-13 06:39:00,19.360907667000443,3.2685644298882996,0.0,0,0.8408599548288382,55.74204381576216,2204.99977054926,0.0,0.0
2026-10-13 06:40:00,19.40282096451395,3.2792706909468627,0.0,0,0.8195461664997783,55.73745541816563,2180.08638787071,0.0,0.0
2026-10-13 06:41:00,19.44397539247751,3.290009712211091,0.0,0,0.7985895177430251,55.73285298048096,2153.5081420892616,0.0,0.0
2026-10-13 06:42:00,19.484331320701937,3.300781289225501,0.0,0,0.7780123037612459,55.72823659033193,2125.445132359177,0.0,0.0
2026-10-13 06:43:00,19.523853819745586,3.3115852169147955,0.0,0,0.7578343396490315,55.72360633560795,2096.068142418572,0.0,0.0
2026-10-13 06:44:00,19.562512407364547,3.32242128958776,0.0,0,0.738073090127207,55.71896230446239,2065.538847234953,0.0,0.0
2026-10-13 06:45:00,19.600280801297266,3.333289300941193,0.0,0,0.7187437963177263,55.71430458531092,2034.0100351232657,0.0,0.0
2026-10-13 06:46:00,19.637136678735754,3.3441890440638247,0.0,0,0.6998595993513668,55.70963326682979,2001.6258430339146,0.0,0.0
2026-10-13 06:47:00,19.673061442776294,3.355120311440259,0.0,0,0.6814316606321231,55.70494843795417,1968.5220028449307,0.0,0.0
2026-10-13 06:48:00,19.70803999608681,3.3660828949549195,0.0,0,0.6634692786118528,55.70025018787646,1934.8260966318032,0.0,0.0
2026-10-13 06:49:00,19.74206052197648,3.3770765858960186,0.0,0,0.6459800019565947,55.695538606044565,1900.657819028808,0.0,0.0
2026-10-13 06:50:00,19.775114273005244,3.388101174959528,0.0,0,0.6289697390117599,55.690813782160205,1866.1292449353446,0.0,0.0
2026-10-13 06:51:00,19.80719536722693,3.3991564522531657,0.0,0,0.6124428634973782,55.686075806177215,1831.3451009585885,0.0,0.0
2026-10-13 06:52:00,19.838300592119335,3.4102422073003855,0.0,0,0.5964023163865342,55.68132476829984,1796.40303911856,0.0,0.0
2026-10-13 06:53:00,19.86842921621796,3.421358229044391,0.0,0,0.5808497039403324,55.676560758980976,1761.393911472608,0.0,0.0
2026-10-13 06:54:00,19.897582808436905,3.4325043058521536,0.0,0,0.5657853918910192,55.67178386892051,1726.4020444425687,0.0,0.0
2026-10-13 06:55:00,19.92576506503051,3.4436802255184364,0.0,0,0.5512085957815476,55.66699418906353,1691.5055117489076,0.0,0.0
2026-10-13 06:56:00,19.952981644122723,3.4548857752698385,0.0,0,0.5371174674847445,55.66219181059864,1656.7764049715433,0.0,0.0
2026-10-13 06:57:00,19.97924000770742,3.466120741768844,0.0,0,0.5235091779386387,55.65737682495621,1622.2811008664748,0.0,0.0
2026-10-13 06:58:00,20.00454927100216,3.477384911117887,0.0,0,0.5103799961462894,55.65254932380662,1588.080524670556,0.0,0.0
2026-10-13 06:59:00,20.028920059019562,3.4886780688634227,0.0,0,0.4977253644989208,55.647709399058535,1554.2304087237003,0.0,0.0
2026-10-13 07:00:00,20.04094769485737,3.500000000000001,0.0,0,0.485539970490219,55.642857142857146,1520.7815458283776,0.0,21.0
2026-10-13 07:01:00,20.05235358848563,3.511350488974375,1.5707891494258683,0,0.4795261525713155,55.63799264758241,1488.6038318778703,0.0,21.0
2026-10-13 07:02:00,20.063172584864883,3.5227293196895992,3.141535234873727,0,0.47382320575718495,55.63311600584731,1457.6615574801108,0.0,21.0
2026-10-13 07:03:00,20.073438474825586,3.5341362755091357,4.712195193546185,0,0.4684137075675583,55.62822731049609,1427.9186200094514,0.0,21.0
2026-10-13 07:04:00,20.083183989560673,3.545571139260989,6.2827259650070655,0,0.46328076258720685,55.62332665460244,1399.3386460596394,0.0,21.0
2026-10-13 07:05:00,20.092440798210824,3.5570336932418365,7.853084492361917,0,0.4584080052196633,55.61841413146779,1371.885104475281,0.0,21.0
2026-10-13 07:06:00,20.101239508294363,3.5685237192211745,9.423227723438455,0,0.45377960089458824,55.6134898346195,1345.521410491222,0.0,21.0
2026-10-13 07:07:00,20.10960966874809,3.58004099844547,10.993112611966843,0,0.44938024585281866,55.608553857809085,1320.2110214858974,0.0,21.0
2026-10-13 07:08:00,20.117579775358777,3.591585311642328,12.562696118759927,0,0.4451951656259556,55.60360629501043,1295.9175248316471,0.0,21.0
2026-10-13 07:09:00,20.12517727837815,3.6031564390246666,14.131935212892833,0,0.44121011232061136,55.598647240418,1272.6047183023834,0.0,21.0
2026-10-13 07:10:00,20.132428592126395,3.6147541602948987,15.700786872883178,0,0.43741136081092513,55.593676788445045,1250.2366834769173,0.0,21.0
2026-10-13 07:11:00,20.139359106401013,3.626378254649129,17.269208087870204,0,0.4337857039368025,55.588695033721805,1228.7778525547833,0.0,21.0
2026-10-13 07:12:00,20.14599319951894,3.6380285007813598,18.837155858794027,0,0.43032044679949344,55.583702071093704,1208.1930689806068,0.0,21.0
2026-10-13 07:13:00,20.152354252830424,3.6497046768876955,20.40458719957446,0,0.42700340024052963,55.57869799561956,1188.4476422529806,0.0,21.0
2026-10-13 07:14:00,20.158464666553137,3.6614065606705735,21.97145913828951,0,0.423822873584788,55.57368290256976,1169.5073972744838,0.0,21.0
2026-10-13 07:15:00,20.164345876784555,3.6731339293429963,23.537728718353485,0,0.4207676667234317,55.56865688742443,1151.3387185809163,0.0,21.0
2026-10-13 07:16:00,20.170018373559536,3.6848865596327687,25.10335299969464,0,0.4178270616077224,55.56362004587167,1133.9085897700409,0.0,21.0
2026-10-13 07:17:00,20.175501719828606,3.6966642277867487,26.66828905993244,0,0.414990813220232,55.55857247380568,1117.184628433126,0.0,21.0
2026-10-13 07:18:00,20.18081457124051,3.708466709575114,28.232493995554275,0,0.4122491400856969,55.55351426732495,1101.1351168763642,0.0,21.0
2026-10-13 07:19:00,20.18597469662014,3.720293780295625,29.79592492309168,0,0.40959271437974465,55.54844552273045,1085.7290289037933,0.0,21.0
2026-10-13 07:20:00,20.190998999040218,3.732145214777902,31.35853898029601,0,0.4070126516899304,55.54336633652375,1070.936052918648,0.0,21.0
2026-10-13 07:21:00,20.195903537391917,3.7440207873877154,32.920293327313544,0,0.40450050047989095,55.53827680540527,1056.726611586122,0.0,21.0
2026-10-13 07:22:00,20.200703548365958,3.755920272031283,34.48114514785994,0,0.40204823130404144,55.533177026272305,1043.071878287262,0.0,21.0
2026-10-13 07:23:00,20.205413468761925,3.767843442159568,36.04105165039416,0,0.3996482258170211,55.52806709621733,1029.9437905811762,0.0,21.0
2026-10-13 07:24:00,20.210046958049187,3.7797900707726,37.59997006929131,0,0.39729326561903733,55.522947112526026,1017.3150608808369,0.0,21.0
2026-10-13 07:25:00,20.21461692110826,3.7917599304237886,39.1578576660155,0,0.3949765209754066,55.51781717267552,1005.1591845365112,0.0,21.0
2026-10-13 07:26:00,20.219135531086636,3.8037527932242616,40.714671730291336,0,0.3926915394458703,55.51267737433246,993.4504455102066,0.0,21.0
2026-10-13 07:27:00,20.22361425230787,3.815768430847199,42.270369581274814,0,0.3904322344566822,55.5075278153512,982.1639198144475,0.0,21.0
2026-10-13 07:28:00,20.22806386317731,3.827806614532179,43.824908568723494,0,0.3881928738460658,55.502368593771926,971.2754768791889,0.0,21.0
2026-10-13 07:29:00,20.23249447903225,3.8398671150895387,45.37824607416577,0,0.38596806841134423,55.49719980781877,960.7617790016757,0.0,21.0
2026-10-13 07:30:00,20.236915574888233,3.8519497029047316,46.93033951206926,0,0.3837527604838744,55.49202155589797,950.6002790255558,0.0,21.0
2026-10-13 07:31:00,20.24133600803724,3.864054147942701,48.48114633100833,0,0.3815422125558836,55.486833936595986,940.7692163875208,0.0,21.0
2026-10-13 07:32:00,20.24576404045703,3.8761802197522637,50.03062401483067,0,0.3793319959813797,55.4816370486776,931.2476116621531,0.0,21.0
2026-10-13 07:33:00,20.25020736099438,3.888327687470491,51.57873008382284,0,0.3771179797714854,55.47643099108407,922.0152597284738,0.0,21.0
2026-10-13 07:34:00,20.25467310728824,3.9004963198271083,53.12542209587497,0,0.37489631950280966,55.47121586293124,913.0527216748919,0.0,21.0
2026-10-13 07:35:00,20.259167887401837,3.9126858851488953,54.67065764764422,0,0.37266344635587956,55.46599176350762,904.3413155528266,0.0,21.0
2026-10-13 07:36:00,20.26369780113572,3.9248961513640994,56.21439437571735,0,0.3704160562990815,55.46075879227253,895.8631060831822,0.0,21.0
2026-10-13 07:37:00,20.26826846099642,3.937126886006853,57.75658995777228,0,0.36815109943213997,55.455517048854205,887.6008934140906,0.0,21.0
2026-10-13 07:38:00,20.272885012797996,3.9493778562215973,59.2972021137378,0,0.36586576950178973,55.45026663304789,879.5382010228644,0.0,21.0
2026-10-13 07:39:00,20.277552155876187,3.9616488287675216,60.836188606953776,0,0.363557493601002,55.44500764481392,871.6592628499184,0.0,21.0
2026-10-13 07:40:00,20.282274162897167,3.9739395700229947,62.37350724532782,0,0.3612239220619067,55.43974018427586,863.9490097474892,0.0,21.0
2026-10-13 07:41:00,20.287054899245074,3.9862498459900197,63.90911588249299,0,0.3588629185514165,55.43446435171856,856.3930553213061,0.0,21.0
2026-10-13 07:42:00,20.291897841974503,3.998579422298688,65.44297241896278,0,0.35647255037746284,55.429180247586274,848.9776812389149,0.0,21.0
2026-10-13 07:43:00,20.296806098316097,4.010928064211639,66.97503480328542,0,0.35405107901274846,55.42388797248073,841.6898220741269,0.0,21.0
2026-10-13 07:44:00,20.30178242372517,4.02329553662853,68.50526103319672,0,0.35159695084195164,55.4185876271592,834.5170497530312,0.0,21.0
2026-10-13 07:45:00,20.306829239465,4.035681604090515,70.03360915677162,0,0.3491087881374142,55.41327931253264,827.4475576631704,0.0,21.0
2026-10-13 07:46:00,20.311948649717955,4.048086030784724,71.56003727357425,0,0.3465853802675003,55.40796312966369,820.4701444838167,0.0,21.0
2026-10-13 07:47:00,20.317142458219266,4.060508580548752,73.08450353580673,0,0.34402567514102245,55.40263917976482,813.574197791792,0.0,21.0
2026-10-13 07:48:00,20.322412184409487,4.072949016875158,74.60696614945643,0,0.34142877089036716,55.39730756419636,806.7496774939398,0.0,21.0
2026-10-13 07:49:00,20.327759079103117,4.085407102915967,76.12738337544167,0,0.33879390779525664,55.39196838446458,799.9870991341694,0.0,21.0
2026-10-13 07:50:00,20.333184139672056,4.097882601487181,77.64571353075621,0,0.33612046044844135,55.38662174221978,793.2775171199496,0.0,21.0
2026-10-13 07:51:00,20.33868812474367,4.110375275073287,79.16191498961183,0,0.33340793016397186,55.381267739254305,786.6125079102144,0.0,21.0
2026-10-13 07:52:00,20.344271568414385,4.12288488583179,80.67594618457976,0,0.3306559376281655,55.37590647750066,779.9841532038627,0.0,21.0
2026-10-13 07:53:00,20.34993479398067,4.135411195597731,82.1877656077297,0,0.32786421579280756,55.37053805902954,773.3850231653665,0.0,21.0
2026-10-13 07:54:00,20.3556779271902,4.147953965888233,83.69733181176882,0,0.3250326030096655,55.3651625860479,766.8081597214555,0.0,21.0
2026-10-13 07:55:00,20.361500909016858,4.160512957907025,85.20460341117683,0,0.3221610364048999,55.35978016089699,760.247059960404,0.0,21.0
2026-10-13 07:56:00,20.367403507964013,4.173087932549004,86.7095390833415,0,0.31924954549157114,55.354390886050425,753.6956596631186,0.0,21.0
2026-10-13 07:57:00,20.373385331901275,4.185678650404777,88.2120975696912,0,0.3162982460179933,55.348994864112235,747.1483169929821,0.0,21.0
2026-10-13 07:58:00,20.379445839440496,4.19828487176523,89.712237676826,0,0.3133073340493624,55.3435921978149,740.5997963692824,0.0,21.0
2026-10-13 07:59:00,20.38558435085755,4.210906356626076,91.20991827764709,0,0.31027708027975187,55.338182990017394,734.0452525470066,0.0,21.0
2026-10-13 08:00:00,20.3460032644926,4.223542864692438,92.70509831248422,26,0.30720782457122553,55.33276734370324,727.4802149238272,2375.0,229.0
2026-10-13 08:01:00,20.307023160380595,4.236194155383418,94.19773679022157,26,0.32699836775369917,55.32734536197854,724.0458804153053,2375.0,229.0
2026-10-13 08:02:00,20.268717568895692,4.248859987836676,95.68779278942098,26,0.34648841980970246,55.32191714806999,723.5085717329,2375.0,229.0
2026-10-13 08:03:00,20.23115326368357,4.261540120913022,97.17522545944487,26,0.365641215552154,55.31648280532299,725.6441119040632,2375.0,229.0
2026-10-13 08:04:00,20.194390573321613,4.274234313200997,98.65999402157496,26,0.384423368158215,55.311042437199575,730.2376148486167,2375.0,229.0
2026-10-13 08:05:00,20.15848368468367,4.286942323021481,100.14205777013133,26,0.40280471333919365,55.30559614727651,737.0832797450428,2375.0,229.0
2026-10-13 08:06:00,20.123480938175124,4.299663908432283,101.62137607358737,26,0.42075815765816493,55.30014403924331,745.9841888483191,2375.0,229.0
2026-10-13 08:07:00,20.089425114992153,4.312398827232759,103.09790837568485,26,0.43825953091243797,55.294686216900246,756.7521083821081,2375.0,229.0
2026-10-13 08:08:00,20.05635371654699,4.325146836968405,104.57161419654452,26,0.4552874425039235,55.2892227841564,769.2072921073299,2375.0,229.0
2026-10-13 08:09:00,20.024299236188696,4.337907694935498,106.04245313377717,26,0.47182314172650486,55.28375384502765,783.1782871635567,2375.0,229.0
2026-10-13 08:10:00,19.99328942333707,4.350681158185692,107.51038486359003,26,0.4878503819056519,55.27827950363471,798.5017417866967,2375.0,229.0
2026-10-13 08:11:00,19.96334754013594,4.363466983530661,108.97536914189352,26,0.5033552883314645,55.27279986420115,815.0222145238073,2375.0,229.0
2026-10-13 08:12:00,19.934492610721517,4.376264927546721,110.4373658054033,26,0.5183262299320308,55.2673150310514,832.591984591533,2375.0,229.0
2026-10-13 08:13:00,19.906739663191953,4.389074746579468,111.89633477274269,26,0.5327536946392417,55.2618251086088,851.0708630567844,2375.0,229.0
2026-10-13 08:14:00,19.880099964355658,4.4018961967484085,113.35223604554007,26,0.5466301684040236,55.25633020139354,870.326004555245,2375.0,229.0
2026-10-13 08:15:00,19.854581247328692,4.414729033951615,114.80502970952693,26,0.559950017822171,55.25083041402073,890.2317193036785,2375.0,229.0
2026-10-13 08:16:00,19.83018793204541,4.427573013870366,116.25467593563096,26,0.5727093763356539,55.245325851198416,910.6692852045765,2375.0,229.0
2026-10-13 08:17:00,19.80692133874165,4.440427891973796,117.70113498106842,26,0.5849060339772958,55.239816617725516,931.5267598853281,2375.0,229.0
2026-10-13 08:18:00,19.784779894466222,4.453293423523558,119.14436719043424,26,0.5965393306291755,55.2343028184899,952.6987925578795,2375.0,229.0
2026-10-13 08:19:00,19.763759332673924,4.466169363578475,120.58433299678804,26,0.6076100527668888,55.228784558466366,974.0864356279736,2375.0,229.0
2026-10-13 08:20:00,19.743852885952165,4.47905546699921,122.02099292274009,26,0.6181203336630379,55.22326194271462,995.5969560248442,2375.0,229.0
2026-10-13 08:21:00,19.725051471933032,4.491951488452926,123.45430758153259,26,0.6280735570239173,55.217735076377316,1017.1436462621051,2375.0,229.0
2026-10-13 08:22:00,19.707343872443587,4.504857182417968,124.8842376781204,26,0.6374742640334841,55.21220406467801,1038.6456352780876,2375.0,229.0
2026-10-13 08:23:00,19.69071690594893,4.517772303188522,126.31074401024726,26,0.6463280637782063,55.20666901291921,1060.0276991386413,2375.0,229.0
2026-10-13 08:24:00,19.675155593345217,4.530696604879307,127.73378746952183,26,0.6546415470255358,55.2011300264803,1081.2200717171727,2375.0,229.0
2026-10-13 08:25:00,19.66064331716333,4.543629841430249,129.15332904248848,26,0.6624222033273917,55.19558721081561,1102.1582554952374,2375.0,229.0
2026-10-13 08:26:00,19.647161974247823,4.556571766611169,130.56932981169828,26,0.6696783414183347,55.19004067145236,1122.7828326521878,2375.0,229.0
2026-10-13 08:27:00,19.63469212198053,4.569522134026462,131.98175095677448,26,0.6764190128760887,55.184490513988656,1143.0392766341522,2375.0,229.0
2026-10-13 08:28:00,19.623213118123257,4.582480697119804,133.39055375547824,26,0.6826539390097341,55.17893684409151,1162.877764410956,2375.0,229.0
2026-10-13 08:29:00,19.6127032543594,4.595447209178831,134.7956995847689,26,0.6883934409383716,55.17337976749479,1182.2529896445287,2375.0,229.0
2026-10-13 08:30:00,19.603139883620155,4.608421423339845,136.19714992186402,26,0.6936483728203005,55.167819389997206,1201.1239770039451,2375.0,229.0
2026-10-13 08:31:00,19.594499541286773,4.621403092592511,137.59486634529455,26,0.6984300581899223,55.162255817460355,1219.4538978706303,2375.0,229.0
2026-10-13 08:32:00,19.586758060366396,4.6343919697845575,138.9888105359585,26,0.7027502293566137,55.15668915580662,1237.2098876825676,2375.0,229.0
2026-10-13 08:33:00,19.579890680744978,4.647387807626488,140.37894427817207,26,0.706620969816802,55.15111951101722,1254.362865168732,2375.0,229.0
2026-10-13 08:34:00,19.573872152626762,4.66039035869628,141.76522946071617,26,0.7100546596275112,55.14554698913017,1270.887353724631,2375.0,229.0
2026-10-13 08:35:00,19.568676834275617,4.673399375444108,143.14762807788256,26,0.7130639236866188,55.13997169623824,1286.7613051769579,2375.0,229.0
2026-10-13 08:36:00,19.56427878417909,4.68641461019704,144.52610223051457,26,0.7156615828621913,55.134393738486985,1301.9659261801623,2375.0,229.0
2026-10-13 08:37:00,19.560651847761562,4.699435815163771,145.9006141270472,26,0.7178606079104544,55.12881322207267,1316.4855074804486,2375.0,229.0
2026-10-13 08:38:00,19.55776973877778,4.712462742439327,147.2711260845422,26,0.7196740761192189,55.12323025324029,1330.307256273512,2375.0,229.0
2026-10-13 08:39:00,19.55560611552297,4.725495144009794,148.63760052972228,26,0.7211151306111105,55.117644938281515,1343.4211318714958,2375.0,229.0
2026-10-13 08:40:00,19.554134651999984,4.738532771757026,149.99999999999994,26,0.722196942238515,55.1120573835327,1355.819684882359,2375.0,229.0
2026-10-13 08:41:00,19.55332910418792,4.7515753774633875,151.35828714450577,26,0.7229326740000079,55.106467695372835,1367.4979000913413,2375.0,229.0
2026-10-13 08:42:00,19.553163371560235,4.764622712816465,152.71242472511133,26,0.7233354479060399,55.10087598022152,1378.4530432197002,2375.0,229.0
2026-10-13 08:43:00,19.553611554003375,4.777674529413803,154.06237561745104,26,0.7234183142198827,55.09528234453694,1388.6845117205687,2375.0,229.0
2026-10-13 08:44:00,19.554648004289646,4.790730578767624,155.408102811939,26,0.7231942229983126,55.08968689481387,1398.1936897558464,2375.0,229.0
2026-10-13 08:45:00,19.55624737626015,4.80379061230957,156.74956941478465,26,0.7226759978551769,55.084089737581614,1406.9838074816669,2375.0,229.0
2026-10-13 08:46:00,19.558384668875306,4.81685438139543,158.0867386490033,26,0.7218763118699254,55.078490979401955,1415.0598047533529,2375.0,229.0
2026-10-13 08:47:00,19.5610352662917,4.829921637309868,159.41957385542483,26,0.7208076655623472,55.0728907268672,1422.4281993440438,2375.0,229.0
2026-10-13 08:48:00,19.564174974124736,4.84299213127117,160.74803849369903,26,0.7194823668541499,55.06728908659807,1429.096959754488,2375.0,229.0
2026-10-13 08:49:00,19.56778005205686,4.856065614435969,162.07209614329648,26,0.717912512937632,55.061686165241724,1435.0753826749904,2375.0,229.0
2026-10-13 08:50:00,19.571827242950945,4.869141837903992,163.39171050450818,26,0.7161099739715695,55.05608206946972,1440.3739751442934,2375.0,229.0
2026-10-13 08:51:00,19.576293798627894,4.882220552722794,164.70684539943952,26,0.7140863785245273,55.05047690597595,1445.004341434367,2375.0,229.0
2026-10-13 08:52:00,19.581157502466464,4.895301509892498,166.01746477300327,26,0.7118531006860529,55.04487078147464,1448.9790746747844,2375.0,229.0
2026-10-13 08:53:00,19.58639668898194,4.908384460370532,167.323532693907,26,0.7094212487667679,55.03926380269834,1452.311653215632,2375.0,229.0
2026-10-13 08:54:00,19.591990260538555,4.921469155076381,168.62501335563917,26,0.7068016555090306,55.033656076395836,1455.0163417138456,2375.0,229.0
2026-10-13 08:55:00,19.597917701348397,4.934555344896316,169.9218710774498,26,0.7040048697307224,55.02804770933015,1457.108096914494,2375.0,229.0
2026-10-13 08:56:00,19.604159088907117,4.947642780688151,171.2140703053295,26,0.7010411493258015,55.022438808276505,1458.6024780859425,2375.0,229.0
2026-10-13 08:57:00,19.61069510301404,4.960731213285967,172.50157561298352,26,0.6979204555464413,55.0168294800203,1459.5155620560145,2375.0,229.0
2026-10-13 08:58:00,19.617507032521253,4.973820393504878,173.78435170280366,26,0.6946524484929792,55.01121983135505,1459.863862785285,2375.0,229.0
2026-10-13 08:59:00,19.62457677995293,4.9869100721457595,175.0623634068352,26,0.6912464837393735,55.00560996908039,1459.664255403496,2375.0,229.0
2026-10-13 09:00:00,19.631886864132767,5.0,176.33557568774194,26,0.6877116100235359,55.0,1458.933904625784,2375.0,229.0
2026-10-13 09:01:00,19.63942117899854,5.013089927854241,177.6039536397659,26,0.6840565679336166,55.0,1457.7179924373727,2375.0,229.0
2026-10-13 09:02:00,19.64716416911463,5.0261796064951225,178.86746248968473,26,0.6802894105007304,55.0,1456.031903596697,2375.0,229.0
2026-10-13 09:03:00,19.655100829748022,5.039268786714033,180.12606759776529,26,0.6764179154426841,55.0,1453.8911989394612,2375.0,229.0
2026-10-13 09:04:00,19.663216705473772,5.05235721931185,181.37973445871242,26,0.6724495851259888,55.0,1451.3115614779524,2375.0,229.0
2026-10-13 09:05:00,19.671497887418553,5.0654446551036845,182.62842870261622,26,0.668391647263114,55.0,1448.308746013348,2375.0,229.0
2026-10-13 09:06:00,19.67993100924697,5.07853084492362,183.87211609589292,26,0.6642510562907233,55.0,1444.898532160396,2375.0,229.0
2026-10-13 09:07:00,19.688503241991768,5.091615539629468,185.11076254222462,26,0.6600344953765145,55.0,1441.0966806800736,2375.0,229.0
2026-10-13 09:08:00,19.697202287825167,5.104698490107503,186.34433408349307,26,0.6557483790041161,55.0,1436.9188930126563,2375.0,229.0
2026-10-13 09:09:00,19.706016372864745,5.117779447277207,187.57279690071155,26,0.6513988560874164,55.0,1432.380773901054,2375.0,229.0
2026-10-13 09:10:00,19.714934239103393,5.130858162096008,188.79611731495118,26,0.6469918135676274,55.0,1427.497796992265,2375.0,229.0
2026-10-13 09:11:00,19.723945135549027,5.143934385564032,190.01426178826506,26,0.6425328804483037,55.0,1422.2852733033133,2375.0,229.0
2026-10-13 09:12:00,19.733038808655895,5.15700786872883,191.22719692460686,26,0.6380274322254866,55.0,1416.7583224370724,2375.0,229.0
2026-10-13 09:13:00,19.742205492125382,5.170078362690132,192.43488947074735,26,0.6334805956720526,55.0,1410.9318464328742,2375.0,229.0
2026-10-13 09:14:00,19.751435896150547,5.18314561860457,193.6373063171851,26,0.6288972539373088,55.0,1404.820506136759,2375.0,229.0
2026-10-13 09:15:00,19.760721196174686,5.19620938769043,194.8344144990551,26,0.6242820519247267,55.0,1398.4386999765795,2375.0,229.0
2026-10-13 09:16:00,19.770053021230673,5.209269421232376,196.0261811970317,26,0.6196394019126572,55.0,1391.800545027922,2375.0,229.0
2026-10-13 09:17:00,19.77942344192403,5.222325470586197,197.21257373822874,26,0.6149734893846635,55.0,1384.9198602578945,2375.0,229.0
2026-10-13 09:18:00,19.788824958119182,5.235377287183535,198.39355959709562,26,0.6102882790379844,55.0,1377.810151835262,2375.0,229.0
2026-10-13 09:19:00,19.798250486384795,5.248424622536613,199.56910639630823,26,0.6055875209404089,55.0,1370.4846003971036,2375.0,229.0
2026-10-13 09:20:00,19.807693347250712,5.261467228242975,200.7391819076575,26,0.6008747568076025,55.0,1362.9560501641436,2375.0,229.0
2026-10-13 09:21:00,19.817147252325647,5.274504855990207,201.90375405293196,26,0.5961533263746439,55.0,1355.2369997991125,2375.0,229.0
2026-10-13 09:22:00,19.826606291321525,5.287537257560673,203.06279090479825,26,0.5914263738371766,55.0,1347.339594904899,2375.0,229.0
2026-10-13 09:23:00,19.836064919027308,5.300564184836229,204.21626068767532,26,0.5866968543392375,55.0,1339.2756220618505,2375.0,229.0
2026-10-13 09:24:00,19.84551794227199,5.31358538980296,205.36413177860666,26,0.581967540486346,55.0,1331.0565043063223,2375.0,229.0
2026-10-13 09:25:00,19.854960506913606,5.326600624555893,206.50637270812615,26,0.5772410288640053,55.0,1322.6932979554588,2375.0,229.0
2026-10-13 09:26:00,19.86438808488823,5.339609641303721,207.64295216112205,26,0.5725197465431968,55.0,1314.196690686177,2375.0,229.0
2026-10-13 09:27:00,19.8737964613502,5.352612192373512,208.77383897769425,26,0.5678059575558851,55.0,1305.5770007794035,2375.0,229.0
2026-10-13 09:28:00,19.88318172193226,5.365608030215443,209.89900215400962,26,0.5631017693249003,55.0,1296.8441774437647,2375.0,229.0
2026-10-13 09:29:00,19.892540240151735,5.3785969074074895,211.0184108431511,26,0.5584091390338699,55.0,1288.0078021361269,2375.0,229.0
2026-10-13 09:30:00,19.936301498569176,5.391578576660155,212.13203435596424,0,0.5537298799241324,55.0,1279.077090799626,0.0,21.0
2026-10-13 09:31:00,19.979876849804945,5.40455279082117,213.2398421618978,0,0.5318492507154122,55.0,1267.624841755906,0.0,21.0
2026-10-13 09:32:00,20.023202056485076,5.417519302880196,214.34180388984097,0,0.5100615750975273,55.0,1253.840657376085,0.0,21.0
2026-10-13 09:33:00,20.066217945287534,5.430477865973539,215.4378893289567,0,0.48839897175746216,55.0,1237.9062205856994,0.0,21.0
2026-10-13 09:34:00,20.10887018410554,5.443428233388832,216.52806842950864,0,0.4668910273562332,55.0,1219.9953734694177,0.0,21.0
2026-10-13 09:35:00,20.151109062288555,5.456370158569751,217.6123113036863,0,0.44556490794722947,55.0,1200.274215556483,0.0,21.0
2026-10-13 09:36:00,20.19288927444166,5.469303395120693,218.6905882264234,0,0.42444546885572265,55.0,1178.9012199355143,0.0,21.0
2026-10-13 09:37:00,20.234169708213955,5.482227696811479,219.76286963621365,0,0.40355536277916926,55.0,1156.0273653870477,0.0,21.0
2026-10-13 09:38:00,20.27491323645756,5.495142817582032,220.8291261359203,0,0.38291514589302267,55.0,1131.7962827740887,0.0,21.0
2026-10-13 09:39:00,20.315086514092147,5.5080485115470745,221.8893284935829,0,0.3625433817712196,55.0,1106.3444139928706,0.0,21.0
2026-10-13 09:40:00,20.354659779964653,5.52094453300079,222.94344764321824,0,0.34245674295392625,55.0,1079.8011818559467,0.0,21.0
2026-10-13 09:41:00,20.39360666395116,5.533830636421526,223.9914546856174,0,0.32267011001767365,55.0,1052.2891693559786,0.0,21.0
2026-10-13 09:42:00,20.43190399950734,5.546706576476442,225.0333208891378,0,0.3031966680244196,55.0,1023.9243068394911,0.0,21.0
2026-10-13 09:43:00,20.469531641835633,5.559572108026204,226.06901769049134,0,0.2840480002463295,55.0,994.8160657040311,0.0,21.0
2026-10-13 09:44:00,20.50647229180162,5.572426986129634,227.09851669552688,0,0.2652341790821833,55.0,965.0676573183567,0.0,21.0
2026-10-13 09:45:00,20.505403502694268,5.585270966048385,228.1217896800093,26,0.24676385409918922,55.0,934.7762359523775,2375.0,229.0
2026-10-13 09:46:00,20.503850096096702,5.598103803251592,229.1388085903927,26,0.2472982486528661,55.0,906.5094817184455,2375.0,229.0
2026-10-13 09:47:00,20.501867661103578,5.6109252534205325,230.14954554458987,26,0.24807495195164897,55.0,880.1690628594921,2375.0,229.0
2026-10-13 09:48:00,20.49950869157909,5.623735072453279,231.1539728327368,26,0.24906616944821103,55.0,855.6593068563182,2375.0,229.0
2026-10-13 09:49:00,20.49682268637442,5.636533016469339,232.1520629179518,26,0.2502456542104543,55.0,832.8872360897213,2375.0,229.0
2026-10-13 09:50:00,20.49385624937348,5.649318841814309,233.14378843709127,26,0.25158865681279075,55.0,811.7625932263281,2375.0,229.0
2026-10-13 09:51:00,20.490653189114834,5.662092305064503,234.12912220149892,26,0.25307187531326036,55.0,792.1978573020102,2375.0,229.0
2026-10-13 09:52:00,20.487254617763792,5.674853163031596,235.108037197752,26,0.254673405442583,55.0,774.1082513887335,2375.0,229.0
2026-10-13 09:53:00,20.483699049232776,5.687601172767242,236.08050658840116,26,0.2563726911181039,55.0,757.4117426507058,2375.0,229.0
2026-10-13 09:54:00,20.480022496269754,5.700336091567717,237.04650371270714,26,0.25815047538361213,55.0,742.0290355231334,2375.0,229.0
2026-10-13 09:55:00,20.47625856635423,5.7130576769785195,238.00600208737052,26,0.25998875186512294,55.0,727.8835586811629,2375.0,229.0
2026-10-13 09:56:00,20.472438556258325,5.725765686799003,238.9589754072589,26,0.26187071682288554,55.0,714.9014464071195,2375.0,229.0
2026-10-13 09:57:00,20.46859154514681,5.738459879086979,239.90539754612712,26,0.26378072187083745,55.0,703.0115149104088,2375.0,229.0
2026-10-13 09:58:00,20.464744486104824,5.751140012163324,240.84524255733436,26,0.2657042274265944,55.0,692.1452341059294,2375.0,229.0
2026-10-13 09:59:00,20.460922295995548,5.7638058446165825,241.77848467455465,26,0.2676277569475882,55.0,682.2366953130802,2375.0,229.0
2026-10-13 10:00:00,20.45714794356257,5.776457135307562,242.70509831248424,26,0.26953885200222594,55.0,673.222575297992,2375.0,229.0
2026-10-13 10:01:00,20.453442535702848,5.789093643373925,243.6250580675419,26,0.2714260282187144,55.0,665.0420970460654,2375.0,229.0
2026-10-13 10:02:00,20.449825401846553,5.80171512823477,244.53833871856625,26,0.2732787321485759,55.0,657.6369876198704,2375.0,229.0
2026-10-13 10:03:00,20.446314176389567,5.8143213495952235,245.44491522750707,26,0.27508729907672347,55.0,650.9514334286172,2375.0,229.0
2026-10-13 10:04:00,20.44292487913298,5.826912067450998,246.34476274011118,26,0.2768429118052165,55.0,644.9320332094019,2375.0,229.0
2026-10-13 10:05:00,20.439671993691935,5.839487042092976,247.23785658660475,26,0.2785375604335094,55.0,639.5277489969903,2375.0,229.0
2026-10-13 10:06:00,20.436568543843414,5.852046034111767,248.1241722823685,26,0.28016400315403267,55.0,634.6898553377356,2375.0,229.0
2026-10-13 10:07:00,20.433626167789352,5.864588804402269,249.00368552861025,26,0.2817157280782929,55.0,630.371886984097,2375.0,229.0
2026-10-13 10:08:00,20.43085519031752,5.877115114168211,249.87637221302978,26,0.28318691610532376,55.0,626.5295852889095,2375.0,229.0
2026-10-13 10:09:00,20.42826469284846,5.889624724926714,250.7422084104811,26,0.28457240484124036,55.0,623.1208435028319,2375.0,229.0
2026-10-13 10:10:00,20.425862581361915,5.90211739851282,251.60117038362714,26,0.28586765357576915,55.0,620.1056511641095,2375.0,229.0
2026-10-13 10:11:00,20.423655652201045,5.914592897084033,252.45323458359184,26,0.28706870931904227,55.0,617.4460377567419,2375.0,229.0
2026-10-13 10:12:00,20.421649655757346,5.9270509831248415,253.2983776506045,26,0.28817217389947736,55.0,615.1060158012078,2375.0,229.0
2026-10-13 10:13:00,20.41984935804315,5.939491419451248,254.13657641464115,26,0.28917517212132715,55.0,613.0515235309297,2375.0,229.0
2026-10-13 10:14:00,20.418258600162606,5.951913969215275,254.96780789605913,26,0.29007532097842414,55.0,611.250367297546,2375.0,229.0
2026-10-13 10:15:00,20.41688035569542,5.964318395909485,255.79204930622765,26,0.2908706999186972,55.0,609.6721638386894,2375.0,229.0
2026-10-13 10:16:00,20.415716786011124,5.976704463371471,256.609278048152,26,0.2915598221522906,55.0,608.2882825332542,2375.0,229.0
2026-10-13 10:17:00,20.414769293534466,5.9890719357883615,257.41947171709336,26,0.2921416069944378,55.0,607.0717877609944,2375.0,229.0
2026-10-13 10:18:00,20.414038572985454,6.001420577701314,258.2226081011831,26,0.2926153532327671,55.0,605.9973814756548,2375.0,229.0
2026-10-13 10:19:00,20.413524660620126,6.013750154009981,259.0186651820315,26,0.29298071350727284,55.0,605.0413460936364,2375.0,229.0
2026-10-13 10:20:00,20.413226981500472,6.026060429977007,259.8076211353316,26,0.2932376696899368,55.0,604.1814877933853,2375.0,229.0
2026-10-13 10:21:00,20.413144394824126,6.038351171232479,260.5894543314573,26,0.29338650924976406,55.0,603.3970803142214,2375.0,229.0
2026-10-13 10:22:00,20.413275237346436,6.050622143778403,261.3641433360568,26,0.2934278025879369,55.0,602.6688093371547,2375.0,229.0
2026-10-13 10:23:00,20.41361736492932,6.062873113993147,262.1316669106395,26,0.29336238132678183,55.0,601.9787175243353,2375.0,229.0
2026-10-13 10:24:00,20.41416819225295,6.0751038486359015,262.8920040131591,26,0.29319131753534045,55.0,601.3101502881267,2375.0,229.0
2026-10-13 10:25:00,20.41492473072782,6.087314114851105,263.6451337985896,26,0.2929159038735243,55.0,600.647702355352,2375.0,229.0
2026-10-13 10:26:00,20.41588362464598,6.099503680172892,264.3910356194977,26,0.2925376346360906,55.0,599.9771651870254,2375.0,229.0
2026-10-13 10:27:00,20.417041185611563,6.1116723125295085,265.129689026608,26,0.29205818767701075,55.0,599.2854753088311,2375.0,229.0
2026-10-13 10:28:00,20.418393425291548,6.123819780247737,265.8610737693644,26,0.2914794071942186,55.0,598.5606636027298,2375.0,229.0
2026-10-13 10:29:00,20.41993608652876,6.135945852057299,266.58516979648465,26,0.2908032873542261,55.0,597.791805605368,2375.0,229.0
2026-10-13 10:30:00,20.42166467285981,6.14805029709527,267.3019572565103,26,0.29003195673561954,55.0,596.9689728544033,2375.0,229.0
2026-10-13 10:31:00,20.423574476481257,6.160132884910462,268.01141649835125,26,0.2891676635700957,55.0,596.083185319465,2375.0,229.0
2026-10-13 10:32:00,20.42566060470792,6.172193385467821,268.7135280718239,26,0.2882127617593717,55.0,595.1263649502146,2375.0,229.0
2026-10-13 10:33:00,20.427918004967506,6.184231569152803,269.4082727281847,26,0.28716969764603917,55.0,594.0912903698699,2375.0,229.0
2026-10-13 10:34:00,20.430341488376097,6.196247206775739,270.09563142065804,26,0.28604099751624723,55.0,592.9715527385991,2375.0,229.0
2026-10-13 10:35:00,20.432925751939266,6.208240069576212,270.7755853049582,26,0.2848292558119514,55.0,591.7615128073821,2375.0,229.0
2026-10-13 10:36:00,20.435665399423485,6.2202099292274005,271.44811573980587,26,0.28353712403036724,55.0,590.4562591792691,2375.0,229.0
2026-10-13 10:37:00,20.438554960942685,6.232156557840432,272.1132042874395,26,0.28216730028825765,55.0,589.0515677914548,2375.0,229.0
2026-10-13 10:38:00,20.441588911304574,6.244079727968717,272.7708327141205,26,0.28072251952865734,55.0,587.5438626282116,2375.0,229.0
2026-10-13 10:39:00,20.444761687161147,6.255979212612284,273.4209829906336,26,0.27920554434771283,55.0,585.9301776715038,2375.0,229.0
2026-10-13 10:40:00,20.448067703007585,6.267854785222098,274.06363729278024,26,0.27761915641942636,55.0,584.208120093033,2375.0,229.0
2026-10-13 10:41:00,20.451501366073344,6.279706219704376,274.6987780018683,26,0.2759661484962077,55.0,582.3758346885426,2375.0,229.0
2026-10-13 10:42:00,20.455057090148806,6.291533290424885,275.3263877051943,26,0.27424931696332777,55.0,580.4319695524277,2375.0,229.0
2026-10-13 10:43:00,20.458729308390357,6.303335772213251,275.9464491965213,26,0.2724714549255971,55.0,578.3756429880818,2375.0,229.0
2026-10-13 10:44:00,20.462512485146263,6.315113440367232,276.55894547655015,26,0.2706353458048216,55.0,576.2064116469288,2375.0,229.0
2026-10-13 10:45:00,20.466401126844964,6.326866070657004,277.163859753386,26,0.2687437574268685,55.0,573.924239886766,2375.0,229.0
2026-10-13 10:46:00,20.47038979198687,6.338593439329427,277.7611754429985,26,0.2667994365775179,55.0,571.5294703378679,2375.0,229.0
2026-10-13 10:47:00,20.474473100279944,6.350295323112305,278.350876169676,26,0.2648051040065642,55.0,569.022795663264,2375.0,229.0
2026-10-13 10:48:00,20.478645740958562,6.361971499218641,278.9329457664754,26,0.262763449860028,55.0,566.405231497723,2375.0,229.0
2026-10-13 10:49:00,20.482902480324423,6.373621745350871,279.50736827566465,26,0.26067712952071886,55.0,563.6780905482304,2375.0,229.0
2026-10-13 10:50:00,20.487238168547357,6.385245839705102,280.0741279491605,26,0.25854875983778847,55.0,560.8429578371455,2375.0,229.0
2026-10-13 10:51:00,20.491647745763004,6.396843560975334,280.63320924896016,26,0.2563809157263215,55.0,557.9016670677564,2375.0,229.0
2026-10-13 10:52:00,20.496126247503476,6.408414688357673,281.1845968475675,26,0.25417612711849813,55.0,554.8562780906294,2375.0,229.0
2026-10-13 10:53:00,20.50066880949614,6.419959001554529,281.72827562841275,26,0.2519368762482621,55.0,551.7090554479418,2375.0,229.0
2026-10-13 10:54:00,20.50527067186473,6.431476280778826,282.26423068626764,26,0.24966559525192977,55.0,548.4624479719258,2375.0,229.0
2026-10-13 10:55:00,20.509927182765963,6.442966306758162,282.7924473276535,26,0.2473646640676357,55.0,545.1190694125996,2375.0,229.0
2026-10-13 10:56:00,20.514633801494,6.454428860739011,283.31291107124434,26,0.24503640861701825,55.0,541.6816800691364,2375.0,229.0
2026-10-13 10:57:00,20.519386101083864,6.465863724490864,283.82560764826354,26,0.24268309925300002,55.0,538.1531693985125,2375.0,229.0
2026-10-13 10:58:00,20.524179770444157,6.4772706803104025,284.3305230028757,26,0.24030694945806808,55.0,534.5365395744734,2375.0,229.0
2026-10-13 10:59:00,20.52901061604825,6.488649511025624,284.8276432925711,26,0.23791011477792168,55.0,530.8348899693624,2375.0,229.0
2026-10-13 11:00:00,20.533874563212173,6.5,285.31695488854604,26,0.23549469197587491,55.0,527.0514025309648,2375.0,229.0
2026-10-13 11:01:00,20.538767656986412,6.51132193113658,285.7984443760759,26,0.23306271839391357,55.0,523.1893280262216,2375.0,229.0
2026-10-13 11:02:00,20.54368606268782,6.522615088882112,286.27209855488303,26,0.23061617150679403,55.0,519.2519731234634,2375.0,229.0
2026-10-13 11:03:00,20.5486260660968,6.533879258231156,286.73790443949906,26,0.2281569686560907,55.0,515.2426882846943,2375.0,229.0
2026-10-13 11:04:00,20.553584073344027,6.545114224730162,287.19584925962016,26,0.2256869669515993,55.0,511.16485643942025,2375.0,229.0
2026-10-13 11:05:00,20.55855661050982,6.5563197744815644,287.6459204604579,26,0.22320796332798665,55.0,507.021882411553,2375.0,229.0
2026-10-13 11:06:00,20.56354032295854,6.567495694147846,288.0881057030829,26,0.22072169474508918,55.0,502.817183071034,2375.0,229.0
2026-10-13 11:07:00,20.568531974429167,6.578641770955609,288.5223928647634,26,0.2182298385207293,55.0,498.5541781819963,2375.0,229.0
2026-10-13 11:08:00,20.573528445902472,6.589757792699615,288.9487700392974,26,0.2157340127854166,55.0,494.23628191952497,2375.0,229.0
2026-10-13 11:09:00,20.578526734264162,6.600843547746835,289.36722553733944,26,0.21323577704876406,55.0,489.8668950273695,2375.0,229.0
2026-10-13 11:10:00,20.583523950782492,6.6118988250404716,289.7777478867205,26,0.21073663286791877,55.0,485.44939758931326,2375.0,229.0
2026-10-13 11:11:00,20.58851731941795,6.622923414103982,290.180325832763,26,0.20823802460875385,55.0,480.98714238729906,2375.0,229.0
2026-10-13 11:12:00,20.59350417498174,6.6339171050450805,290.5749483385893,26,0.2057413402910253,55.0,476.48344881985076,2375.0,229.0
2026-10-13 11:13:00,20.59848196115894,6.644879688559742,290.961604585424,26,0.20324791250913066,55.0,471.9415973548114,2375.0,229.0
2026-10-13 11:14:00,20.603448228411384,6.655810955936174,291.3402839728908,26,0.20075901942053065,55.0,467.36482449093216,2375.0,229.0
2026-10-13 11:15:00,20.608400631774487,6.666710699058807,291.710976119303,26,0.19827588579430788,55.0,462.75631820339265,2375.0,229.0
2026-10-13 11:16:00,20.613336928561463,6.6775787104122415,292.0736708619481,26,0.19579968411275672,55.0,458.11921384890786,2375.0,229.0
2026-10-13 11:17:00,20.618254975987654,6.688414783085205,292.42835825736654,26,0.19333153571926864,55.0,453.45659050667433,2375.0,229.0
2026-10-13 11:18:00,20.62315272872686,6.699218710774499,292.7750285816242,26,0.19087251200617317,55.0,448.771467732026,2375.0,229.0
2026-10-13 11:19:00,20.628028236410934,6.709990287788909,293.1136723305791,26,0.1884236356365694,55.0,444.06680270030785,2375.0,229.0
2026-10-13 11:20:00,20.632879641083157,6.720729309053139,293.4442802201417,26,0.18598588179453301,55.0,439.34548771912495,2375.0,229.0
2026-10-13 11:21:00,20.63770517461529,6.731435570111701,293.76684318652974,26,0.1835601794584214,55.0,434.6103480877849,2375.0,229.0
2026-10-13 11:22:00,20.64250315609749,6.74210886713282,294.0813523865166,26,0.18114741269235424,55.0,429.86414028342347,2375.0,229.0
2026-10-13 11:23:00,20.647271989209685,6.7527489969123025,294.38779919767353,26,0.17874842195125495,55.0,425.1095504539784,2375.0,229.0
2026-10-13 11:24:00,20.652010159582478,6.76335575687742,294.6861752186066,26,0.17636400539515762,55.0,420.3491931988584,2375.0,229.0
2026-10-13 11:25:00,20.65671623215493,6.773928945090747,294.97647226918633,26,0.17399492020876117,55.0,415.58561061883205,2375.0,229.0
2026-10-13 11:26:00,20.661388848536156,6.784468360254024,295.25868239077255,26,0.17164188392253443,55.0,410.821271617345,2375.0,229.0
2026-10-13 11:27:00,20.66602672437707,6.7949738017119765,295.5327978464322,26,0.16930557573192218,55.0,406.0585714361525,2375.0,229.0
2026-10-13 11:28:00,20.670628646758143,6.805445069456145,295.79881112115146,26,0.1669866378114655,55.0,401.299831408824,2375.0,229.0
2026-10-13 11:29:00,20.67519347159855,6.815881964128683,296.05671492204215,26,0.1646856766209286,55.0,396.54729891635014,2375.0,229.0
2026-10-13 11:30:00,20.70969206212245,6.826284287026162,296.30650217854134,0,0.1624032642007247,55.0,391.8031475297375,0.0,21.0
2026-10-13 11:31:00,20.744004848209563,6.8366518401033485,296.5481660426051,0,0.14515396893877508,55.0,385.1167191488026,0.0,21.0
2026-10-13 11:32:00,20.77808177404112,6.846984425976975,296.7816998888965,0,0.12799757589521832,55.0,376.6338372597721,0.0,21.0
2026-10-13 11:33:00,20.811876676340248,6.857281847929503,297.00709731496727,0,0.11095911297944028,55.0,366.49400971802805,0.0,21.0
2026-10-13 11:34:00,20.84534710821425,6.867543909912858,297.2243521414331,0,0.09406166182987619,55.0,354.8305381644569,0.0,21.0
2026-10-13 11:35:00,20.878454166564634,6.877770416552178,297.4334584121431,0,0.07732644589287574,55.0,341.7706373341069,0.0,21.0
2026-10-13 11:36:00,20.911162323298186,6.887961173149512,297.6344103943433,0,0.060772916717683145,55.0,327.43556315197714,0.0,21.0
2026-10-13 11:37:00,20.94343926054269,6.898115985687548,297.82720257883364,0,0.04441883835090721,55.0,311.94074854293257,0.0,21.0
2026-10-13 11:38:00,20.975255710042354,6.908234660833291,298.0118296801189,0,0.02828036972865533,55.0,295.39594592097814,0.0,21.0
2026-10-13 11:39:00,21.006585296880576,6.918317005941754,298.1882866365539,0,0.012372144978822774,55.0,277.90537536625527,0.0,21.0
2026-10-13 11:40:00,21.037415693350475,6.928362829059617,298.356568610482,0,0.0,55.0,259.9824198329655,0.0,21.0
2026-10-13 11:41:00,21.067777909624148,6.938371938928892,298.5166709883679,0,0.0,55.0,243.21536973916182,0.0,21.0
2026-10-13 11:42:00,21.097700866445106,6.948344144990551,298.668589380924,0,0.0,55.0,227.52967725803344,0.0,21.0
2026-10-13 11:43:00,21.127211530011007,6.958279257388168,298.81231962323085,0,0.0,55.0,212.85560237687992,0.0,21.0
2026-10-13 11:44:00,21.156335038159636,6.968177086971521,298.9478577748513,0,0.0,55.0,199.1279028266838,0.0,21.0
2026-10-13 11:45:00,21.185094818419024,6.978037445300206,299.0752001199384,0,0.0,55.0,186.28554400905992,0.0,21.0
2026-10-13 11:46:00,21.213512698446372,6.987860144647213,299.1943431673374,0,0.0,55.0,174.2714276308904,0.0,21.0
2026-10-13 11:47:00,21.241609009346693,6.997644998002503,299.3052836506816,0,0.0,55.0,163.03213784013005,0.0,21.0
2026-10-13 11:48:00,21.26940268233033,7.007391819076576,299.4080185284815,0,0.0,55.0,152.5177037340792,0.0,21.0
2026-10-13 11:49:00,21.296911339138994,7.017100422304004,299.5025449842085,0,0.0,55.0,142.68137718421394,0.0,21.0
2026-10-13 11:50:00,21.324151376642146,7.026770622846981,299.58886042637215,0,0.0,55.0,133.47942498976303,0.0,21.0
2026-10-13 11:51:00,21.351138045979738,7.036402236598825,299.666962488591,0,0.0,55.0,124.8709344359272,0.0,21.0
2026-10-13 11:52:00,21.377885526603016,7.045995080187495,299.7368490296575,0,0.0,55.0,116.81763139223507,0.0,21.0
2026-10-13 11:53:00,21.404406995542413,7.055548970979077,299.7985181335969,0,0.0,55.0,109.2837101422847,0.0,21.0
2026-10-13 11:54:00,21.43071469221035,7.065063727081262,299.8519681097195,0,0.0,55.0,102.235674188278,0.0,21.0
2026-10-13 11:55:00,21.456819979026932,7.074539167346808,299.8971974926672,0,0.0,55.0,95.64218732255074,0.0,21.0
2026-10-13 11:56:00,21.482733398137874,7.083975111376992,299.93420504245364,0,0.0,55.0,89.47393430394865,0.0,21.0
2026-10-13 11:57:00,21.50846472447675,7.09337137952504,299.9629897444982,0,0.0,55.0,83.70349051960405,0.0,21.0
2026-10-13 11:58:00,21.53402301540725,7.102727792899553,299.98355080965365,0,0.0,55.0,78.30520005261738,0.0,21.0
2026-10-13 11:59:00,21.559416657166082,7.112044173367905,299.995887674228,0,0.0,55.0,73.25506161352176,0.0,21.0
2026-10-13 12:00:00,21.584653408312782,7.121320343559643,300.0,0,0.0,55.0,68.53062182837114,0.0,21.0
2026-10-13 12:01:00,21.609740440379515,7.130556126869857,299.995887674228,0,0.0,55.0,64.11087540900145,0.0,21.0
2026-10-13 12:02:00,21.634684375901397,7.1397513474625445,299.98355080965365,0,0.0,55.0,59.97617176161263,0.0,21.0
2026-10-13 12:03:00,21.659491323996317,7.1489058302739625,299.9629897444982,0,0.0,55.0,56.10812761844468,0.0,21.0
2026-10-13 12:04:00,21.68416691365227,7.158019401015953,299.93420504245364,0,0.0,55.0,52.48954530410043,0.0,21.0
2026-10-13 12:05:00,21.708716324870025,7.167091886179267,299.8971974926672,0,0.0,55.0,49.10433627311951,0.0,21.0
2026-10-13 12:06:00,21.733144317799507,7.176123113036862,299.8519681097195,0,0.0,55.0,45.937449578844735,0.0,21.0
2026-10-13 12:07:00,21.757455259999183,7.185112909647201,299.7985181335969,0,0.0,55.0,42.974804955547,0.0,21.0
2026-10-13 12:08:00,21.781653151939604,7.194061104857512,299.7368490296575,0,0.0,55.0,40.203230216285604,0.0,21.0
2026-10-13 12:09:00,21.80574165086425,7.202967528307057,299.666962488591,0,0.0,55.0,37.61040268816938,0.0,21.0
2026-10-13 12:10:00,21.829724093113665,7.211832010430372,299.58886042637215,0,0.0,55.0,35.18479442463439,0.0,21.0
2026-10-13 12:11:00,21.853603515011983,7.220654382460497,299.5025449842085,0,0.0,55.0,32.91562095114699,0.0,21.0
2026-10-13 12:12:00,21.877382672408523,7.229434476432182,299.4080185284815,0,0.0,55.0,30.79279331645107,0.0,21.0
2026-10-13 12:13:00,21.90106405896122,7.238172125185098,299.3052836506816,0,0.0,55.0,28.80687323617489,0.0,21.0
2026-10-13 12:14:00,21.924649923243035,7.246867162367006,299.1943431673374,0,0.0,55.0,26.949031129361973,0.0,21.0
2026-10-13 12:15:00,21.94814228474718,7.255519422436932,299.0752001199384,0,0.0,55.0,25.211006861352633,0.0,21.0
2026-10-13 12:16:00,21.971542948862282,7.264128740668316,298.9478577748513,0,0.0,55.0,23.58507301847543,0.0,21.0
2026-10-13 12:17:00,21.994853520883815,7.272694953152149,298.81231962323085,0,0.0,55.0,22.064000551264506,0.0,21.0
2026-10-13 12:18:00,22.018075419124,7.281217896800094,298.668589380924,0,0.0,55.0,20.64102663344941,0.0,21.0
2026-10-13 12:19:00,22.04120988717829,7.289697409347586,298.5166709883679,0,0.0,55.0,19.30982459381558,0.0,21.0
2026-10-13 12:20:00,22.064258005402852,7.298133329356935,298.356568610482,0,0.0,55.0,18.064475787249798,0.0,21.0
2026-10-13 12:21:00,22.08722070165388,7.306525496220378,298.1882866365539,0,0.0,55.0,16.89944327990672,0.0,21.0
2026-10-13 12:22:00,22.110098761336403,7.31487375016316,298.0118296801189,0,0.0,55.0,15.80954723149837,0.0,21.0
2026-10-13 12:23:00,22.132892836807052,7.323177932246557,297.82720257883364,0,0.0,55.0,14.789941865253999,0.0,21.0
2026-10-13 12:24:00,22.1556034561725,7.331437884370914,297.6344103943433,0,0.0,55.0,13.83609392315667,0.0,21.0
2026-10-13 12:25:00,22.178231031522497,7.339653449278645,297.4334584121431,0,0.0,55.0,12.943762510666584,0.0,21.0
2026-10-13 12:26:00,22.200775866633997,7.347824470557242,297.2243521414331,0,0.0,55.0,12.10898024131898,0.0,21.0
2026-10-13 12:27:00,22.223238164180458,7.3559507926422345,297.00709731496727,0,0.0,55.0,11.32803559736375,0.0,21.0
2026-10-13 12:28:00,22.245618032478234,7.364032260820166,296.7816998888965,0,0.0,55.0,10.597456428020603,0.0,21.0
2026-10-13 12:29:00,22.2679154917999,7.37206872123153,296.5481660426051,0,0.0,55.0,9.913994511981493,0.0,21.0
2026-10-13 12:30:00,22.253050786577777,7.380060020873706,296.3065021785413,26,0.0,55.0,9.274611115523811,2375.0,229.0
2026-10-13 12:31:00,22.238325588897787,7.388006007603867,296.05671492204215,26,0.0,55.0,8.67646348202441,2375.0,229.0
2026-10-13 12:32:00,22.223738027682423,7.395906530141879,295.7988111211515,26,0.0,55.0,8.116892192805588,2375.0,229.0
2026-10-13 12:33:00,22.209286179996383,7.403761438073182,295.5327978464322,26,0.0,55.0,7.593409343118233,2375.0,229.0
2026-10-13 12:34:00,22.19496807591359,7.411570581851652,295.2586823907726,26,0.0,55.0,7.103687480691455,2375.0,229.0
2026-10-13 12:35:00,22.180781703059985,7.4193338128024475,294.9764722691864,26,0.0,55.0,6.645549257668512,2375.0,229.0
2026-10-13 12:36:00,22.16672501085317,7.4270509831248415,294.6861752186066,26,0.0,55.0,6.216957749920575,2375.0,229.0
2026-10-13 12:37:00,22.152795914458444,7.434721945895037,294.38779919767353,26,0.0,55.0,5.816007400697147,2375.0,229.0
2026-10-13 12:38:00,22.138992298479675,7.442346555068958,294.0813523865166,26,0.0,55.0,5.440915548347764,2375.0,229.0
2026-10-13 12:39:00,22.12531202040218,7.449924665485037,293.76684318652974,26,0.0,55.0,5.090014500446468,2375.0,229.0
2026-10-13 12:40:00,22.111752913803663,7.457456132866975,293.4442802201417,26,0.0,55.0,4.761744119079892,2375.0,229.0
2026-10-13 12:41:00,22.098312791348288,7.464940813826491,293.1136723305791,26,0.0,55.0,4.454644884332467,2375.0,229.0
2026-10-13 12:42:00,22.08498944757794,7.472378565866046,292.7750285816242,26,0.0,55.0,4.167351405128386,2375.0,229.0
2026-10-13 12:43:00,22.071780661513827,7.479769247381566,292.42835825736654,26,0.0,55.0,3.8985863485789323,2375.0,229.0
2026-10-13 12:44:00,22.05868419908076,7.487112717665124,292.07367086194813,26,0.0,55.0,3.6471547608445007,2375.0,229.0
2026-10-13 12:45:00,22.045697815365585,7.494408836907636,291.710976119303,26,0.0,55.0,3.41193875426135,2375.0,229.0
2026-10-13 12:46:00,22.032819256720618,7.501657466201505,291.3402839728908,26,0.0,55.0,3.191892537111569,2375.0,229.0
2026-10-13 12:47:00,22.020046262722047,7.508858467543279,290.961604585424,26,0.0,55.0,2.9860377639381652,2375.0,229.0
2026-10-13 12:48:00,22.00737656799285,7.516011703836273,290.5749483385893,26,0.0,55.0,2.7934591857323468,2375.0,229.0
2026-10-13 12:49:00,21.99480790389895,7.523117038893178,290.18032583276306,26,0.0,55.0,2.6133005806533456,2375.0,229.0
2026-10-13 12:50:00,21.982338000126916,7.530174337438657,289.7777478867205,26,0.0,55.0,2.4447609471883873,2375.0,229.0
2026-10-13 12:51:00,21.96996458615091,7.537183465111919,289.36722553733944,26,0.0,55.0,2.2870909428272506,2375.0,229.0
2026-10-13 12:52:00,21.957685392596062,7.544144288469278,288.9487700392975,26,0.0,55.0,2.139589552417441,2375.0,229.0
2026-10-13 12:53:00,21.945498152505113,7.551056674986689,288.52239286476345,26,0.0,55.0,2.0016009713871887,2375.0,229.0
2026-10-13 12:54:00,21.933400602514524,7.5579204930622765,288.08810570308293,26,0.0,55.0,1.8725116899787864,2375.0,229.0
2026-10-13 12:55:00,21.92139048394607,7.56473561201884,287.64592046045794,26,0.0,55.0,1.7517477655285139,2375.0,229.0
2026-10-13 12:56:00,21.909465543819355,7.571501902106337,287.19584925962016,26,0.0,55.0,1.6387722706654533,2375.0,229.0
2026-10-13 12:57:00,21.897623535790494,7.578219234504358,286.73790443949906,26,0.0,55.0,1.5330829060836564,2375.0,229.0
2026-10-13 12:58:00,21.88586222102173,7.584887481324578,286.2720985548831,26,0.0,55.0,1.4342097672738323,2375.0,229.0
2026-10-13 12:59:00,21.874179368986542,7.591506515613187,285.7984443760759,26,0.0,55.0,1.341713255285241,2375.0,229.0
2026-10-13 13:00:00,21.862572758214505,7.598076211353316,285.3169548885461,26,0.0,55.0,1.2551821222288533,2375.0,229.0
2026-10-13 13:01:00,21.85104017697976,7.604596443467427,284.8276432925711,26,0.0,55.0,1.1742316428319022,2375.0,229.0
2026-10-13 13:02:00,21.839579423936918,7.611067087819699,284.33052300287574,26,0.0,55.0,1.0985019039143962,2375.0,229.0
2026-10-13 13:03:00,21.828188308707755,7.617488021218392,283.82560764826354,26,0.0,55.0,1.0276562041824486,2375.0,229.0
2026-10-13 13:04:00,21.81686465242201,7.623859121418187,283.31291107124434,26,0.0,55.0,0.9613795572237591,2375.0,229.0
2026-10-13 13:05:00,21.805606288215262,7.630180267122523,282.7924473276535,26,0.0,55.0,0.8993772910494305,2375.0,229.0
2026-10-13 13:06:00,21.794411061686766,7.636451337985896,282.26423068626764,26,0.0,55.0,0.8413737379555566,2375.0,229.0
2026-10-13 13:07:00,21.783276831319828,7.642672214616157,281.72827562841275,26,0.0,55.0,0.7871110088795852,2375.0,229.0
2026-10-13 13:08:00,21.772201468867287,7.64884277857678,281.1845968475675,26,0.0,55.0,0.7363478468021356,2375.0,229.0
2026-10-13 13:09:00,21.76118285970434,7.654962912389125,280.6332092489602,26,0.0,55.0,0.6888585540963894,2375.0,229.0
2026-10-13 13:10:00,21.750218903150916,7.661032499534665,280.0741279491606,26,0.0,55.0,0.6444319890559528,2375.0,229.0
2026-10-13 13:11:00,21.739307512765624,7.66705142445721,279.50736827566465,26,0.0,55.0,0.6028706271396629,2375.0,229.0
2026-10-13 13:12:00,21.72844661661317,7.673019572565103,278.9329457664755,26,0.0,55.0,0.5639896827595466,2375.0,229.0
2026-10-13 13:13:00,21.717634157506996,7.678936830233411,278.350876169676,26,0.0,55.0,0.527616287707322,2375.0,229.0
2026-10-13 13:14:00,21.706868093228827,7.6848030848060755,277.7611754429985,26,0.0,55.0,0.4935887225666515,2375.0,229.0
2026-10-13 13:15:00,21.69614639672665,7.690618224598065,277.163859753386,26,0.0,55.0,0.46175569769393576,2375.0,229.0
2026-10-13 13:16:00,21.685467056292605,7.696382138897501,276.55894547655015,26,0.0,55.0,0.43197568057082497,2375.0,229.0
2026-10-13 13:17:00,21.6748280757221,7.702094717967764,275.9464491965213,26,0.0,55.0,0.40411626653779364,2375.0,229.0
2026-10-13 13:18:00,21.664227474455465,7.707755853049582,275.3263877051943,26,0.0,55.0,0.378053590111005,2375.0,229.0
2026-10-13 13:19:00,21.653663287703292,7.7133654363631035,274.69877800186833,26,0.0,55.0,0.3536717742651253,2375.0,229.0
2026-10-13 13:20:00,21.643133566556596,7.71892336110995,274.06363729278024,26,0.0,55.0,0.33086241523355026,2375.0,229.0
2026-10-13 13:21:00,21.632636378082818,7.724429521475244,273.4209829906336,26,0.0,55.0,0.3095241005354178,2375.0,229.0
2026-10-13 13:22:00,21.62216980540863,7.729883812629629,272.7708327141206,26,0.0,55.0,0.28956195808651203,2375.0,229.0
2026-10-13 13:23:00,21.611731947790492,7.735286130731266,272.1132042874395,26,0.0,55.0,0.2708872343893645,2375.0,229.0
2026-10-13 13:24:00,21.601320920673732,7.740636372927803,271.4481157398058,26,0.0,55.0,0.25341689992714755,2375.0,229.0
2026-10-13 13:25:00,21.590934855741022,7.745934437358342,270.7755853049582,26,0.0,55.0,0.237073280006905,2375.0,229.0
2026-10-13 13:26:00,21.580571900950936,7.751180223155372,270.09563142065804,26,0.0,55.0,0.2217837094108162,2375.0,229.0
2026-10-13 13:27:00,21.5702302205673,7.756373630446695,269.4082727281848,26,0.0,55.0,0.2074802093200411,2375.0,229.0
2026-10-13 13:28:00,21.559907995179977,7.7615145603573215,268.7135280718238,26,0.0,55.0,0.19409918507472063,2375.0,229.0
2026-10-13 13:29:00,21.549603421717695,7.7666029150113545,268.01141649835137,26,0.0,55.0,0.18158114342634588,2375.0,229.0
2026-10-13 13:30:00,21.539314713453482,7.77163859753386,267.3019572565104,26,0.0,55.0,0.16987042802537458,2375.0,229.0
2026-10-13 13:31:00,21.529040100003243,7.776621512052699,266.58516979648465,26,0.0,55.0,0.1589149719680486,2375.0,229.0
2026-10-13 13:32:00,21.518777827317937,7.781551563700362,265.86107376936445,26,0.0,55.0,0.1486660663022132,2375.0,229.0
2026-10-13 13:33:00,21.50852615766988,7.7864286586157725,265.12968902660805,26,0.0,55.0,0.13907814346289407,2375.0,229.0
2026-10-13 13:34:00,21.498283369633533,7.791252703946074,264.3910356194977,26,0.0,55.0,0.13010857467476683,2375.0,229.0
2026-10-13 13:35:00,21.488047758061242,7.7960236078483955,263.6451337985896,26,0.0,55.0,0.12171748042075221,2375.0,229.0
2026-10-13 13:36:00,21.477817634054247,7.800741279491605,262.8920040131591,26,0.0,55.0,0.11386755313406287,2375.0,229.0
2026-10-13 13:37:00,21.467591324929362,7.805405629058035,262.1316669106395,26,0.0,55.0,0.1065238913253747,2375.0,229.0
2026-10-13 13:38:00,21.45736717418162,7.810016567745192,261.3641433360568,26,0.0,55.0,0.09965384440763699,2375.0,229.0
2026-10-13 13:39:00,21.447143541443214,7.814574007767453,260.5894543314574,26,0.0,55.0,0.09322686752859842,2375.0,229.0
2026-10-13 13:40:00,21.436918802438992,7.819077862357725,259.8076211353316,26,0.0,55.0,0.08721438576562114,2375.0,229.0
2026-10-13 13:41:00,21.426691348938807,7.823528045769112,259.01866518203155,26,0.0,55.0,0.08158966707898067,2375.0,229.0
2026-10-13 13:42:00,21.416459588706942,7.827924473276535,258.22260810118314,26,0.0,55.0,0.07632770345879065,2375.0,229.0
2026-10-13 13:43:00,21.406221945448856,7.832267061178353,257.4194717170934,26,0.0,55.0,0.07140509973712063,2375.0,229.0
2026-10-13 13:44:00,21.395976858755475,7.83655572679795,256.609278048152,26,0.0,55.0,0.06679996957095569,2375.0,229.0
2026-10-13 13:45:00,21.385722784045228,7.840790388485317,255.79204930622768,26,0.0,55.0,0.062491838133528564,2375.0,229.0
2026-10-13 13:46:00,21.375458192504,7.844970965618598,254.96780789605916,26,0.0,55.0,0.05846155108138119,2375.0,229.0
2026-10-13 13:47:00,21.365181571023193,7.849097378605631,254.13657641464113,26,0.0,55.0,0.05469118939241483,2375.0,229.0
2026-10-13 13:48:00,21.35489142213608,7.853169548885461,253.2983776506045,26,0.0,55.0,0.05116398969629119,2375.0,229.0
2026-10-13 13:49:00,21.344586263952575,7.857187398929835,252.45323458359184,26,0.0,55.0,0.04786426974296613,2375.0,229.0
2026-10-13 13:50:00,21.33426463009255,7.8611508522446805,251.6011703836272,26,0.0,55.0,0.044777358677982326,2375.0,229.0
2026-10-13 13:51:00,21.323925069617903,7.86505983337156,250.7422084104811,26,0.0,55.0,0.04188953181451859,2375.0,229.0
2026-10-13 13:52:00,21.313566146963414,7.868914267889107,249.87637221302978,26,0.0,55.0,0.03918794961218632,2375.0,229.0
2026-10-13 13:53:00,21.303186441866565,7.8727140824144435,249.00368552861033,26,0.0,55.0,0.036660600591267384,2375.0,229.0
2026-10-13 13:54:00,21.29278454929642,7.876459204604579,248.1241722823685,26,0.0,55.0,0.03429624792858489,2375.0,229.0
2026-10-13 13:55:00,21.28235907938165,7.880149563157786,247.23785658660475,26,0.0,55.0,0.03208437949756732,2375.0,229.0
2026-10-13 13:56:00,21.2719086573378,7.883785087814957,246.34476274011124,26,0.0,55.0,0.030015161130379452,2375.0,229.0
2026-10-13 13:57:00,21.261431923393918,7.887365709360942,245.44491522750712,26,0.0,55.0,0.028079392894319485,2375.0,229.0
2026-10-13 13:58:00,21.250927532718574,7.8908913596258685,244.53833871856634,26,0.0,55.0,0.026268468188083052,2375.0,229.0
2026-10-13 13:59:00,21.240394155345403,7.894361971486439,243.62505806754191,26,0.0,55.0,0.02457433547603254,2375.0,229.0
2026-10-13 14:00:00,21.229830476098183,7.897777478867205,242.70509831248424,26,0.0,55.0,0.022989462490338727,2375.0,229.0
2026-10-13 14:01:00,21.219235194515566,7.90113781674183,241.77848467455473,26,0.0,55.0,0.02150680274183425,2375.0,229.0
2026-10-13 14:02:00,21.208607024775496,7.904442921134323,240.84524255733433,26,0.0,55.0,0.02011976419068309,2375.0,229.0
2026-10-13 14:03:00,21.197944695619373,7.907692729120264,239.90539754612712,26,0.0,55.0,0.018822179937573045,2375.0,229.0
2026-10-13 14:04:00,21.18724695027602,7.9108871788279895,238.95897540725892,26,0.0,55.0,0.017608280805121564,2375.0,229.0
2026-10-13 14:05:00,21.176512546385496,7.914026209439784,238.00600208737055,26,0.0,55.0,0.01647266968758938,2375.0,229.0
2026-10-13 14:06:00,21.165740255922813,7.9171097611930294,237.04650371270716,26,0.0,55.0,0.015410297554858461,2375.0,229.0
2026-10-13 14:07:00,21.154928865121597,7.920137775381345,236.0805065884012,26,0.0,55.0,0.014416441003985751,2375.0,229.0
2026-10-13 14:08:00,21.144077174397697,7.923110194355706,235.10803719775203,26,0.0,55.0,0.0134866812585249,2375.0,229.0
2026-10-13 14:09:00,21.133183998272848,7.9260269615255385,234.12912220149892,26,0.0,55.0,0.012616884522245053,2375.0,229.0
2026-10-13 14:10:00,21.12224816529835,7.9288880213598,233.1437884370913,26,0.0,55.0,0.011803183599897552,2375.0,229.0
2026-10-13 14:11:00,21.11126851797883,7.931693319388037,232.15206291795187,26,0.0,55.0,0.011041960703314795,2375.0,229.0
2026-10-13 14:12:00,21.100243912696126,7.934442802201417,231.15397283273677,26,0.0,55.0,0.010329831366395627,2375.0,229.0
2026-10-13 14:13:00,21.089173219633295,7.937136417453751,230.14954554458987,26,0.0,55.0,0.00966362939746181,2375.0,229.0
2026-10-13 14:14:00,21.078055322698763,7.939774113862489,229.1388085903927,26,0.0,55.0,0.009040392802082407,2375.0,229.0
2026-10-13 14:15:00,21.066889119450682,7.942355841209691,228.1217896800093,26,0.0,55.0,0.00845735061377765,2375.0,229.0
2026-10-13 14:16:00,21.055673521021465,7.944881550342992,227.09851669552683,26,0.0,55.0,0.007911910574050432,2375.0,229.0
2026-10-13 14:17:00,21.044407452042552,7.947351193176529,226.06901769049142,26,0.0,55.0,0.007401647606969696,2375.0,229.0
2026-10-13 14:18:00,21.03308985056941,7.949764722691864,225.0333208891378,26,0.0,55.0,0.006924293037062709,2375.0,229.0
2026-10-13 14:19:00,21.02171966800679,7.952122092938873,223.9914546856174,26,0.0,55.0,0.006477724502577958,2375.0,229.0
2026-10-13 14:20:00,21.010295869034227,7.954423259036624,222.94344764321826,26,0.0,55.0,0.006059956519272142,2375.0,229.0
2026-10-13 14:21:00,20.998817431531872,7.956668177174233,221.88932849358298,26,0.0,55.0,0.0056691316527669785,2375.0,229.0
2026-10-13 14:22:00,20.98728537764276,7.9588568046116945,220.82912613592032,26,0.0005912842340638491,55.0,0.07977850625989667,2375.0,229.0
2026-10-13 14:23:00,20.975718384185623,7.960989099680695,219.76286963621362,26,0.006357311178620151,55.0,0.8758881426963903,2375.0,229.0
2026-10-13 14:24:00,20.96413378743429,7.963065021785413,218.69058822642344,26,0.012140807907188744,55.0,2.3505872960643233,2375.0,229.0
2026-10-13 14:25:00,20.952547641414974,7.965084531403281,217.61231130368637,26,0.017933106282855604,55.0,4.46217761273234,2375.0,229.0
2026-10-13 14:26:00,20.940974774747204,7.96704759008575,216.52806842950858,26,0.023726179292513194,55.0,7.1706381670765555,2375.0,229.0
2026-10-13 14:27:00,20.929428846018183,7.968954160459011,215.43788932895674,26,0.029512612626398038,55.0,10.437589664114972,2375.0,229.0
2026-10-13 14:28:00,20.917922397684222,7.970804206224711,214.34180388984097,26,0.035285576990908396,55.0,14.226257944434018,2375.0,229.0
2026-10-13 14:29:00,20.906466908496306,7.9725976921606465,213.23984216189777,26,0.04103880115788883,55.0,18.50143691586786,2375.0,229.0
2026-10-13 14:30:00,20.895072844449974,7.974334584121431,212.13203435596427,26,0.04676654575184713,55.0,23.229451025650803,2375.0,229.0
2026-10-13 14:31:00,20.883749708262563,7.976014849039145,211.01841084315117,26,0.05246357777501309,55.0,28.37811737709545,2375.0,229.0
2026-10-13 14:32:00,20.872506087383393,7.977638454923966,209.8990021540097,26,0.05812514586871842,55.0,33.91670758613763,2375.0,229.0
2026-10-13 14:33:00,20.861349700544853,7.979205370864779,208.77383897769423,26,0.06374695630830374,55.0,39.815909465232934,2375.0,229.0
2026-10-13 14:34:00,20.850287442864445,7.980715567029762,207.64295216112214,26,0.06932514972757353,55.0,46.047788614991056,2375.0,229.0
2026-10-13 14:35:00,20.839325429509792,7.982169014666959,206.50637270812618,26,0.07485627856777732,55.0,52.58574999751305,2375.0,229.0
2026-10-13 14:36:00,20.828469037940334,7.98356568610482,205.36413177860666,26,0.08033728524510408,55.0,59.40449955956983,2375.0,229.0
2026-10-13 14:37:00,20.817722948741093,7.984905554752736,204.21626068767537,26,0.08576548102983317,55.0,66.48000596846762,2375.0,229.0
2026-10-13 14:38:00,20.807091185065268,7.986188595101536,203.06279090479822,26,0.09113852562945368,55.0,73.78946251861626,2375.0,229.0
2026-10-13 14:39:00,20.7965771507038,7.987414782723985,201.903754052932,26,0.09645440746736611,55.0,81.31124926240246,2375.0,229.0
2026-10-13 14:40:00,20.78618366680119,7.988584094275237,200.7391819076575,26,0.10171142464809968,55.0,89.02489541491674,2375.0,229.0
2026-10-13 14:41:00,20.775913007237985,7.989696507493284,199.56910639630829,26,0.10690816659940516,55.0,96.9110420783524,2375.0,229.0
2026-10-13 14:42:00,20.76576693270129,7.990752001199384,198.39355959709565,26,0.1120434963810073,55.0,104.95140532844009,2375.0,229.0
2026-10-13 14:43:00,20.75574672346554,7.991750555298458,197.2125737382287,26,0.11711653364935515,55.0,113.12873970208119,2375.0,229.0
2026-10-13 14:44:00,20.74585321090663,7.992692150779472,196.02618119703178,26,0.1221266382672308,55.0,121.42680212235345,2375.0,229.0
2026-10-13 14:45:00,20.736086807773127,7.99357676971581,194.83441449905513,26,0.12707339454668443,55.0,129.8303162942656,2375.0,229.0
2026-10-13 14:46:00,20.726447537238936,7.994404395265601,193.63730631718516,26,0.13195659611343658,55.0,138.32493760201217,2375.0,229.0
2026-10-13 14:47:00,20.71693506076244,7.995175011672046,192.43488947074744,26,0.13677623138053185,55.0,146.89721853599826,2375.0,229.0
2026-10-13 14:48:00,20.70754870477752,7.995888604263722,191.22719692460694,26,0.1415324696187792,55.0,155.53457467555796,2375.0,229.0
2026-10-13 14:49:00,20.698287486242297,7.996545159454852,190.01426178826506,26,0.14622564761124046,55.0,164.22525125105764,2375.0,229.0
2026-10-13 14:50:00,20.689150137071916,7.997144664745573,188.7961173149512,26,0.15085625687885162,55.0,172.95829030695305,2375.0,229.0
2026-10-13 14:51:00,20.680135127481847,7.997687108722168,187.57279690071164,26,0.1554249314640419,55.0,181.72349848533617,2375.0,229.0
2026-10-13 14:52:00,20.671240688268515,7.998172481057287,186.34433408349307,26,0.15993243625907638,55.0,190.51141544756214,2375.0,229.0
2026-10-13 14:53:00,20.66246483205428,7.998600772510139,185.1107625422246,26,0.16437965586574244,55.0,199.31328294968336,2375.0,229.0
2026-10-13 14:54:00,20.653805373523866,7.998971974926672,183.87211609589292,26,0.16876758397286018,55.0,208.1210145856199,2375.0,229.0
2026-10-13 14:55:00,20.64525994867952,7.9992860812397275,182.62842870261628,26,0.17309731323806687,55.0,216.9271662102738,2375.0,229.0
2026-10-13 14:56:00,20.636826033142157,7.999543085469174,181.37973445871248,26,0.17737002566023996,55.0,225.7249070531296,2375.0,229.0
2026-10-13 14:57:00,20.62850095952582,7.999742982722021,180.12606759776534,26,0.18158698342892166,55.0,234.50799153128466,2375.0,229.0
2026-10-13 14:58:00,20.6202819339127,7.999885769192514,178.8674624896848,26,0.18574952023709024,55.0,243.27073176930983,2375.0,229.0
2026-10-13 14:59:00,20.61216605145593,7.999971442162203,177.6039536397659,26,0.18985903304364982,55.0,252.007970831857,2375.0,229.0
2026-10-13 15:00:00,20.62566131012836,8.0,176.33557568774197,0,0.19391697427203525,55.0,260.7150566734986,0.0,21.0
2026-10-13 15:01:00,20.639122102193603,7.999971442162203,175.06236340683523,0,0.18716934493581938,55.0,267.9740115993395,0.0,21.0
2026-10-13 15:02:00,20.652510751812194,7.999885769192514,173.78435170280363,0,0.18043894890319834,55.0,273.8817951545275,0.0,21.0
2026-10-13 15:03:00,20.66579219678922,7.999742982722021,172.50157561298352,0,0.1737446240939029,55.0,278.53156942999027,0.0,21.0
2026-10-13 15:04:00,20.678933882002653,7.999543085469174,171.2140703053295,0,0.16710390160539035,55.0,282.0127587733695,0.0,21.0
2026-10-13 15:05:00,20.69190565477505,7.9992860812397275,169.92187107744985,0,0.16053305899867354,55.0,284.4111140890778,0.0,21.0
2026-10-13 15:06:00,20.704679662298506,7.998971974926672,168.62501335563925,0,0.1540471726124757,55.0,285.8087812960216,0.0,21.0
2026-10-13 15:07:00,20.717230251210992,7.998600772510139,167.32353269390697,0,0.14766016885074684,55.0,286.2843735153234,0.0,21.0
2026-10-13 15:08:00,20.729533869410425,7.998172481057287,166.01746477300333,0,0.14138487439450387,55.0,285.9130465675053,0.0,21.0
2026-10-13 15:09:00,20.7415689701816,7.997687108722168,164.70684539943952,0,0.13523306529478774,55.0,284.76657736857015,0.0,21.0
2026-10-13 15:10:00,20.75331591870006,7.997144664745573,163.39171050450818,0,0.12921551490920002,55.0,282.91344482675635,0.0,21.0
2026-10-13 15:11:00,20.764756900966354,7.996545159454852,162.07209614329653,0,0.12334204064996968,55.0,280.4189128560409,0.0,21.0
2026-10-13 15:12:00,20.775875835214084,7.995888604263722,160.74803849369908,0,0.11762154951682291,55.0,277.34511513833615,0.0,21.0
2026-10-13 15:13:00,20.786658285825464,7.995175011672046,159.41957385542494,0,0.11206208239295812,55.0,273.7511412834216,0.0,21.0
2026-10-13 15:14:00,20.79709137977891,7.994404395265601,158.0867386490033,0,0.10667085708726809,55.0,269.69312405367094,0.0,21.0
2026-10-13 15:15:00,20.807163725644664,7.99357676971581,156.74956941478467,0,0.10145431011054562,55.0,265.2243273393033,0.0,21.0
2026-10-13 15:16:00,20.816865335136324,7.992692150779472,155.40810281193905,0,0.09641813717766823,55.0,260.3952345889513,0.0,21.0
2026-10-13 15:17:00,20.826187547218595,7.991750555298458,154.062375617451,0,0.09156733243183801,55.0,255.25363741960308,0.0,21.0
2026-10-13 15:18:00,20.835122954764614,7.990752001199384,152.71242472511133,0,0.08690622639070256,55.0,249.84472414923283,0.0,21.0
2026-10-13 15:19:00,20.84366533374972,7.989696507493284,151.35828714450582,0,0.08243852261769291,55.0,244.2111680145454,0.0,21.0
2026-10-13 15:20:00,20.851809574962587,7.988584094275237,149.99999999999997,0,0.07816733312514046,55.0,238.39321485506608,0.0,21.0
2026-10-13 15:21:00,20.859551618209235,7.987414782723985,148.63760052972233,0,0.07409521251870643,55.0,232.4287700632064,0.0,21.0
2026-10-13 15:22:00,20.866888388980442,7.986188595101536,147.2711260845423,0,0.07022419089538268,55.0,226.35348461782377,0.0,21.0
2026-10-13 15:23:00,20.873817737548706,7.984905554752736,145.90061412704728,0,0.06655580550977902,55.0,220.20084003609068,0.0,21.0
2026-10-13 15:24:00,20.88033838045686,7.98356568610482,144.52610223051457,0,0.06309113122564725,55.0,214.00223209513265,0.0,21.0
2026-10-13 15:25:00,20.88644984435691,7.982169014666959,143.1476280778826,0,0.059830809771570514,55.0,207.78705319083076,0.0,21.0
2026-10-13 15:26:00,20.892152412154548,7.980715567029762,141.76522946071623,0,0.056775077821544784,55.0,201.58277321638246,0.0,21.0
2026-10-13 15:27:00,20.89744707141202,7.979205370864779,140.378944278172,0,0.05392379392272595,55.0,195.41501885764103,0.0,21.0
2026-10-13 15:28:00,20.902335464959773,7.977638454923966,138.9888105359585,0,0.051276464293989577,55.0,189.307651215897,0.0,21.0
2026-10-13 15:29:00,20.906819843665165,7.976014849039145,137.59486634529455,0,0.048832267520113604,55.0,183.2828416816136,0.0,21.0
2026-10-13 15:30:00,20.910903021305007,7.974334584121431,136.19714992186405,0,0.04659007816741756,55.0,177.3611459946858,0.0,21.0
2026-10-13 15:31:00,20.914588331487234,7.9725976921606465,134.79569958476887,0,0.044548489347496556,55.0,171.56157643806222,0.0,21.0
2026-10-13 15:32:00,20.917879586566,7.970804206224711,133.39055375547832,0,0.04270583425638286,55.0,165.90167212206248,0.0,21.0
2026-10-13 15:33:00,20.92078103849367,7.968954160459011,131.98175095677448,0,0.041060206717000725,55.0,160.39756732646052,0.0,21.0
2026-10-13 15:34:00,20.923297341552647,7.96704759008575,130.56932981169828,0,0.03960948075316573,55.0,155.06405787639994,0.0,21.0
2026-10-13 15:35:00,20.925433516909617,7.965084531403281,129.15332904248854,0,0.038351329223676345,55.0,149.91466553649195,0.0,21.0
2026-10-13 15:36:00,20.9271949189347,7.963065021785413,127.73378746952187,0,0.03728324154519136,55.0,144.96170041503947,0.0,21.0
2026-10-13 15:37:00,20.928587203228066,7.960989099680695,126.31074401024736,0,0.03640254053265046,55.0,140.21632137726422,0.0,21.0
2026-10-13 15:38:00,20.92961629629683,7.9588568046116945,124.88423767812036,0,0.03570639838596712,55.0,135.6885944727161,0.0,21.0
2026-10-13 15:39:00,20.93028836682539,7.956668177174233,123.45430758153262,0,0.03519185185158413,55.0,131.38754938774395,0.0,21.0
2026-10-13 15:40:00,20.930609798482955,7.954423259036624,122.02099292274013,0,0.034855816587304744,55.0,127.3212339390394,0.0,21.0
2026-10-13 15:41:00,20.930587164212696,7.952122092938873,120.58433299678796,0,0.03469510075852256,55.0,123.49676662885717,0.0,21.0
2026-10-13 15:42:00,20.930227201947634,7.949764722691864,119.14436719043432,0,0.03470641789365203,55.0,119.9203872866012,0.0,21.0
2026-10-13 15:43:00,20.929536791699338,7.947351193176529,117.70113498106842,0,0.03488639902618296,55.0,116.59750582507695,0.0,21.0
2026-10-13 15:44:00,20.928522933966423,7.944881550342992,116.25467593563094,0,0.03523160415033111,55.0,113.5327491428743,0.0,21.0
2026-10-13 15:45:00,20.927192729410866,7.942355841209691,114.80502970952696,0,0.03573853301678831,55.0,110.73000620709452,0.0,21.0
2026-10-13 15:46:00,20.925553359751238,7.939774113862489,113.35223604554014,0,0.03640363529456714,55.0,108.19247135299987,0.0,21.0
2026-10-13 15:47:00,20.92361206982314,7.937136417453751,111.89633477274276,0,0.03722332012438123,55.0,105.92268583916923,0.0,21.0
2026-10-13 15:48:00,20.921376150758253,7.934442802201417,110.43736580540333,0,0.038193965088430204,55.0,103.92257769841821,0.0,21.0
2026-10-13 15:49:00,20.91885292423467,7.931693319388037,108.97536914189365,0,0.03931192462087374,55.0,102.193499926114,0.0,21.0
2026-10-13 15:50:00,20.91604972775244,7.9288880213598,107.51038486359006,0,0.04057353788266482,55.0,100.7362670486068,0.0,21.0
2026-10-13 15:51:00,20.91297390088948,7.9260269615255385,106.04245313377723,0,0.04197513612377968,55.0,99.55119011533498,0.0,21.0
2026-10-13 15:52:00,20.909632772494344,7.923110194355706,104.5716141965446,0,0.04351304955526025,55.0,98.63811015876516,0.0,21.0
2026-10-13 15:53:00,20.9060336487736,7.920137775381345,103.09790837568484,0,0.04518361375282787,55.0,97.99643016671911,0.0,21.0
2026-10-13 15:54:00,20.902183802232873,7.9171097611930294,101.6213760735874,0,0.046983175613199535,55.0,97.62514561184062,0.0,21.0
2026-10-13 15:55:00,20.89809046143188,7.914026209439784,100.14205777013136,0,0.04890809888356351,55.0,97.52287358298149,0.0,21.0
2026-10-13 15:56:00,20.89376080151515,7.9108871788279895,98.65999402157502,0,0.05095476928405951,55.0,97.68788056316141,0.0,21.0
2026-10-13 15:57:00,20.889201935481275,7.907692729120264,97.17522545944496,0,0.05311959924242515,55.0,98.11810889848901,0.0,21.0
2026-10-13 15:58:00,20.88442090615493,7.904442921134323,95.68779278942097,0,0.05539903225936271,55.0,98.81120200204559,0.0,21.0
2026-10-13 15:59:00,20.87942467882707,7.90113781674183,94.19773679022168,0,0.05778954692253535,55.0,99.76452833623755,0.0,21.0
2026-10-13 16:00:00,20.882978181963257,7.897777478867205,92.70509831248425,0,0.0,55.0,93.33041311693499,0.0,0.0
2026-10-13 16:01:00,20.8861152578169,7.89436197148644,91.2099182776472,0,0.0,55.0,87.31125338677921,0.0,0.0
2026-10-13 16:02:00,20.888846478477316,7.8908913596258685,89.71223767682582,0,0.0,55.0,81.68028741519745,0.0,0.0
2026-10-13 16:03:00,20.8911817284974,7.887365709360942,88.21209756969125,0,0.0,55.0,76.41247941630736,0.0,0.0
2026-10-13 16:04:00,20.893130249691318,7.883785087814957,86.7095390833415,0,0.0,55.0,71.48440823754025,0.0,0.0
2026-10-13 16:05:00,20.89470068304312,7.8801495631577865,85.2046034111769,0,0.0,55.0,66.87416322707062,0.0,0.0
2026-10-13 16:06:00,20.895901107912668,7.876459204604579,83.69733181176873,0,0.0,55.0,62.561246817069126,0.0,0.0
2026-10-13 16:07:00,20.896739078713107,7.8727140824144435,82.18776560772967,0,0.0,55.0,58.52648338965523,0.0,0.0
2026-10-13 16:08:00,20.897221659222968,7.868914267889107,80.67594618457973,0,0.0,55.0,54.75193402035943,0.0,0.0
2026-10-13 16:09:00,20.89735545468543,7.865059833371561,79.16191498961211,0,0.0,55.0,51.22081672003651,0.0,0.0
2026-10-13 16:10:00,20.897146641837455,7.8611508522446805,77.64571353075617,0,0.0,55.0,47.91743182061843,0.0,0.0
2026-10-13 16:11:00,20.896600997002256,7.857187398929835,76.12738337544174,0,0.0,55.0,44.82709217296485,0.0,0.0
2026-10-13 16:12:00,20.895723922370035,7.853169548885461,74.60696614945657,0,0.0,55.0,41.936057846464784,0.0,0.0
2026-10-13 16:13:00,20.89452047058379,7.849097378605631,73.08450353580686,0,0.0,55.0,39.23147504005779,0.0,0.0
2026-10-13 16:14:00,20.892995367739495,7.8449709656185975,71.56003727357421,0,0.0,55.0,36.701318933067625,0.0,0.0
2026-10-13 16:15:00,20.89115303490292,7.840790388485317,70.03360915677166,0,0.0,55.0,34.33434022175793,0.0,0.0
2026-10-13 16:16:00,20.888997608238707,7.83655572679795,68.50526103319685,0,0.0,55.0,32.12001510390657,0.0,0.0
2026-10-13 16:17:00,20.886532957841244,7.832267061178352,66.97503480328537,0,0.0,55.0,30.048498489025658,0.0,0.0
2026-10-13 16:18:00,20.88376270535099,7.827924473276535,65.4429724189627,0,0.0,55.0,28.110580226195516,0.0,0.0
2026-10-13 16:19:00,20.880690240434625,7.823528045769112,63.909115882493,0,0.0,55.0,26.29764415489758,0.0,0.0
2026-10-13 16:20:00,20.877318736202234,7.819077862357726,62.37350724532792,0,0.0,55.0,24.601629796782582,0.0,0.0
2026-10-13 16:21:00,20.873651163630118,7.814574007767452,60.83618860695357,0,0.0,55.0,23.014996518052087,0.0,0.0
2026-10-13 16:22:00,20.869690305053304,7.810016567745192,59.29720211373777,0,0.0,55.0,21.53069000311609,0.0,0.0
2026-10-13 16:23:00,20.865438766787776,7.805405629058035,57.75658995777238,0,0.0,55.0,20.142110890465524,0.0,0.0
2026-10-13 16:24:00,20.860898990938516,7.800741279491605,56.21439437571763,0,0.0,55.0,18.843085431311916,0.0,0.0
2026-10-13 16:25:00,20.856073266445865,7.7960236078483955,54.670657647644184,0,0.0,55.0,17.62783804053981,0.0,0.0
2026-10-13 16:26:00,20.850963739419317,7.791252703946074,53.12542209587503,0,0.0,55.0,16.49096561793106,0.0,0.0
2026-10-13 16:27:00,20.845572422804672,7.7864286586157725,51.578730083823004,0,0.0,55.0,15.427413525490756,0.0,0.0
2026-10-13 16:28:00,20.83990120542755,7.781551563700363,50.030624014830785,0,0.0,55.0,14.432453114067858,0.0,0.0
2026-10-13 16:29:00,20.83395186045347,7.776621512052699,48.48114633100828,0,0.0,55.0,13.501660699351804,0.0,0.0
2026-10-13 16:30:00,20.82772605330209,7.77163859753386,46.930339512069295,0,0.0,55.0,12.63089789377049,0.0,0.0
2026-10-13 16:31:00,20.821225349050824,7.766602915011356,45.378246074165894,0,0.0,55.0,11.816293206843442,0.0,0.0
2026-10-13 16:32:00,20.814451219360738,7.761514560357321,43.824908568723444,0,0.0,55.0,11.054224832183694,0.0,0.0
2026-10-13 16:33:00,20.80740504895553,7.756373630446695,42.27036958127472,0,0.0,55.0,10.341304544617808,0.0,0.0
2026-10-13 16:34:00,20.80008814168241,7.751180223155372,40.714671730291336,0,0.0,55.0,9.674362635829173,0.0,0.0
2026-10-13 16:35:00,20.792501726181808,7.745934437358342,39.157857666015595,0,0.0,55.0,9.050433821547085,0.0,0.0
2026-10-13 16:36:00,20.784646961191168,7.740636372927803,37.599970069291096,0,0.0,55.0,8.466744057623696,0.0,0.0
2026-10-13 16:37:00,20.77652494050636,7.735286130731266,36.04105165039418,0,0.0,55.0,7.9206982063819105,0.0,0.0
2026-10-13 16:38:00,20.768136697622825,7.729883812629629,34.48114514786013,0,0.0,55.0,7.4098684983976835,0.0,0.0
2026-10-13 16:39:00,20.75948321007709,7.724429521475244,32.92029332731369,0,0.0,55.0,6.931983738416778,0.0,0.0
2026-10-13 16:40:00,20.75056540350792,7.718923361109949,31.358538980295986,0,0.0,55.0,6.484919207414483,0.0,0.0
2026-10-13 16:41:00,20.741384155455247,7.7133654363631035,29.79592492309175,0,0.0,55.0,6.066687215901951,0.0,0.0
2026-10-13 16:42:00,20.73194029891371,7.707755853049582,28.232493995554307,0,0.0,55.0,5.675428266478294,0.0,0.0
2026-10-13 16:43:00,20.722234625656657,7.702094717967764,26.668289059932697,0,0.0,55.0,5.30940278633633,0.0,0.0
2026-10-13 16:44:00,20.712267889345405,7.696382138897501,25.103352999694586,0,0.0,55.0,4.966983392963971,0.0,0.0
2026-10-13 16:45:00,20.702040808437555,7.690618224598065,23.53772871835352,0,0.0,55.0,4.64664765865384,0.0,0.0
2026-10-13 16:46:00,20.691554068907358,7.6848030848060755,21.97145913828964,0,0.0,55.0,4.3469713416514795,0.0,0.0
2026-10-13 16:47:00,20.680808326790203,7.67893683023341,20.404587199574284,0,0.0,55.0,4.066622053847222,0.0,0.0
2026-10-13 16:48:00,20.66980421056258,7.673019572565103,18.837155858793942,0,0.0,55.0,3.8043533368577003,0.0,0.0
2026-10-13 16:49:00,20.658542323368124,7.66705142445721,17.26920808787021,0,0.0,55.0,3.5589991201587217,0.0,0.0
2026-10-13 16:50:00,20.647023245099593,7.661032499534666,15.700786872883276,0,0.0,55.0,3.329468536629866,0.0,0.0
2026-10-13 16:51:00,20.635247534346178,7.654962912389125,14.131935212892754,0,0.0,55.0,3.1147410724602387,0.0,0.0
2026-10-13 16:52:00,20.623215730214678,7.64884277857678,12.562696118759943,0,0.0,55.0,2.9138620298514257,0.0,0.0
2026-10-13 16:53:00,20.610928354032776,7.642672214616157,10.993112611966902,0,0.0,55.0,2.725938282344417,0.0,0.0
2026-10-13 16:54:00,20.59838591094194,7.636451337985896,9.423227723438604,0,0.0,55.0,2.550134303898292,0.0,0.0
2026-10-13 16:55:00,20.585588891387086,7.6301802671225225,7.853084492361893,0,0.0,55.0,2.385668454065595,0.0,0.0
2026-10-13 16:56:00,20.57253777250965,7.623859121418187,6.282725965007,0,0.0,55.0,2.231809502747945,0.0,0.0
2026-10-13 16:57:00,20.559233019450254,7.617488021218392,4.712195193546346,0,0.0,55.0,2.0878733790806443,0.0,0.0
2026-10-13 16:58:00,20.545675086566817,7.6110670878197,3.141535234873979,0,0.0,55.0,1.9532201299915095,0.0,0.0
2026-10-13 16:59:00,20.531864418573566,7.604596443467426,1.570789149425813,0,0.0,55.0,1.8272510749114217,0.0,0.0
2026-10-13 17:00:00,20.51780145160598,7.598076211353316,0.0,0,0.0,55.0,1.709406143986167,0.0,0.0
2026-10-13 17:01:00,20.50374365244093,7.591506515613188,0.0,0,0.0,55.0,1.5991613879550226,0.0,0.0
2026-10-13 17:02:00,20.489691155526494,7.584887481324577,0.0,0,0.0,55.0,1.4960266486247804,0.0,0.0
2026-10-13 17:03:00,20.475644082795732,7.578219234504358,0.0,0,0.0,55.0,1.3995433795819237,0.0,0.0
2026-10-13 17:04:00,20.46160254448791,7.571501902106337,0.0,0,0.0,55.0,1.3092826074536463,0.0,0.0
2026-10-13 17:05:00,20.447566639916797,7.56473561201884,0.0,0,0.0,55.0,1.2248430246532958,0.0,0.0
2026-10-13 17:06:00,20.433536458189458,7.5579204930622765,0.0,0,0.0,55.0,1.145849205130412,0.0,0.0
2026-10-13 17:07:00,20.419512078878743,7.551056674986689,0.0,0,0.0,55.0,1.0719499351924275,0.0,0.0
2026-10-13 17:08:00,20.40549357265244,7.544144288469278,0.0,0,0.0,55.0,1.0028166519767059,0.0,0.0
2026-10-13 17:09:00,20.391481001861923,7.53718346511192,0.0,0,0.0,55.0,0.9381419826302293,0.0,0.0
2026-10-13 17:10:00,20.377474421092852,7.530174337438656,0.0,0,0.0,55.0,0.8776383777019902,0.0,0.0
2026-10-13 17:11:00,20.363473877680434,7.523117038893178,0.0,0,0.0,55.0,0.821036832672029,0.0,0.0
2026-10-13 17:12:00,20.349479412191474,7.516011703836273,0.0,0,0.0,55.0,0.7680856919329186,0.0,0.0
2026-10-13 17:13:00,20.3354910588754,7.508858467543279,0.0,0,0.0,55.0,0.7185495299060887,0.0,0.0
2026-10-13 17:14:00,20.32150884608624,7.501657466201504,0.0,0,0.0,55.0,0.6722081043183313,0.0,0.0
2026-10-13 17:15:00,20.307532796677418,7.494408836907636,0.0,0,0.0,55.0,0.6288553769846613,0.0,0.0
2026-10-13 17:16:00,20.29356292837116,7.487112717665125,0.0,0,0.0,55.0,0.588298597743842,0.0,0.0
2026-10-13 17:17:00,20.279599254104102,7.479769247381565,0.0,0,0.0,55.0,0.5503574474736701,0.0,0.0
2026-10-13 17:18:00,20.265641782350652,7.472378565866046,0.0,0,0.0,55.0,0.51486323637579,0.0,0.0
2026-10-13 17:19:00,20.25169051742555,7.464940813826491,0.0,0,0.0,55.0,0.48165815396553646,0.0,0.0
2026-10-13 17:20:00,20.237745459766963,7.457456132866977,0.0,0,0.0,55.0,0.4505945674321938,0.0,0.0
2026-10-13 17:21:00,20.223806606201343,7.449924665485036,0.0,0,0.0,55.0,0.4215343652501176,0.0,0.0
2026-10-13 17:22:00,20.209873950191284,7.442346555068958,0.0,0,0.0,55.0,0.3943483431223543,0.0,0.0
2026-10-13 17:23:00,20.195947482067403,7.434721945895037,0.0,0,0.0,55.0,0.36891562952660756,0.0,0.0
2026-10-13 17:24:00,20.18202718924533,7.427050983124843,0.0,0,0.0,55.0,0.3451231483094779,0.0,0.0
2026-10-13 17:25:00,20.168113056428734,7.4193338128024475,0.0,0,0.0,55.0,0.32286511593961953,0.0,0.0
2026-10-13 17:26:00,20.154205065799317,7.411570581851652,0.0,0,0.0,55.0,0.3020425711845572,0.0,0.0
2026-10-13 17:27:00,20.140303197194573,7.403761438073182,0.0,0,0.0,55.0,0.28256293512006286,0.0,0.0
2026-10-13 17:28:00,20.12640742827414,7.395906530141879,0.0,0,0.0,55.0,0.2643395995158546,0.0,0.0
2026-10-13 17:29:00,20.112517734675457,7.388006007603865,0.0,0,0.0,55.0,0.24729154176754245,0.0,0.0
2026-10-13 17:30:00,20.098634090159436,7.380060020873706,0.0,0,0.0,55.0,0.23134296466277401,0.0,0.0
2026-10-13 17:31:00,20.08475646674677,7.37206872123153,0.0,0,0.0,55.0,0.21642295937994782,0.0,0.0
2026-10-13 17:32:00,20.070884834845494,7.364032260820165,0.0,0,0.0,55.0,0.20246519022115528,0.0,0.0
2026-10-13 17:33:00,20.057019163370352,7.3559507926422345,0.0,0,0.0,55.0,0.18940759967764595,0.0,0.0
2026-10-13 17:34:00,20.043159419854533,7.347824470557242,0.0,0,0.0,55.0,0.17719213251651017,0.0,0.0
2026-10-13 17:35:00,20.029305570554204,7.3396534492786465,0.0,0,0.0,55.0,0.16576447766184332,0.0,0.0
2026-10-13 17:36:00,20.015457580546368,7.331437884370912,0.0,0,0.0,55.0,0.155073826722772,0.0,0.0
2026-10-13 17:37:00,20.001615413820442,7.323177932246557,0.0,0,0.0,55.0,0.14507264809473597,0.0,0.0
2026-10-13 17:38:00,19.98777903336397,7.31487375016316,0.0,0,0.0,55.0,0.13571647562965933,0.0,0.0
2026-10-13 17:39:00,19.97394840124284,7.306525496220379,0.0,0,0.0,55.0,0.12696371093541964,0.0,0.0
2026-10-13 17:40:00,19.960123478676376,7.298133329356934,0.0,0,0.0,55.0,0.11877543842562027,0.0,0.0
2026-10-13 17:41:00,19.946304226107625,7.289697409347586,0.0,0,0.0,55.0,0.11111525229736058,0.0,0.0
2026-10-13 17:42:00,19.932490603269144,7.281217896800094,0.0,0,0.0,55.0,0.10394909466773133,0.0,0.0
2026-10-13 17:43:00,19.918682569244584,7.27269495315215,0.0,0,0.0,55.0,0.09724510414937555,0.0,0.0
2026-10-13 17:44:00,19.904880082526343,7.2641287406683155,0.0,0,0.0,55.0,0.09097347419186799,0.0,0.0
2026-10-13 17:45:00,19.891083101069533,7.255519422436932,0.0,0,0.0,55.0,0.08510632055908611,0.0,0.0
2026-10-13 17:46:00,19.87729158234251,7.246867162367007,0.0,0,0.0,55.0,0.07961755735336504,0.0,0.0
2026-10-13 17:47:00,19.863505483374187,7.2381721251850974,0.0,0,0.0,55.0,0.07448278103522843,0.0,0.0
2026-10-13 17:48:00,19.849724760798303,7.229434476432182,0.0,0,0.0,55.0,0.0696791619230367,0.0,0.0
2026-10-13 17:49:00,19.835949370894916,7.220654382460497,0.0,0,0.0,55.0,0.06518534269014997,0.0,0.0
2026-10-13 17:50:00,19.82217926962923,7.211832010430372,0.0,0,0.0,55.0,0.06098134340831501,0.0,0.0
2026-10-13 17:51:00,19.808414412687952,7.202967528307056,0.0,0,0.0,55.0,0.05704847271509049,0.0,0.0
2026-10-13 17:52:00,19.794654755513356,7.194061104857512,0.0,0,0.0,55.0,0.053369244710352814,0.0,0.0
2026-10-13 17:53:00,19.780900253335172,7.185112909647201,0.0,0,0.0,55.0,0.049927301212396774,0.0,0.0
2026-10-13 17:54:00,19.767150861200456,7.176123113036864,0.0,0,0.0,55.0,0.04670733902797474,0.0,0.0
2026-10-13 17:55:00,19.753406534001577,7.167091886179266,0.0,0,0.0,55.0,0.043695041912910265,0.0,0.0
2026-10-13 17:56:00,19.73966722650242,7.158019401015953,0.0,0,0.0,55.0,0.04087701692077685,0.0,0.0
2026-10-13 17:57:00,19.725932893362938,7.1489058302739625,0.0,0,0.0,55.0,0.03824073485664238,0.0,0.0
2026-10-13 17:58:00,19.71220348916217,7.139751347462546,0.0,0,0.0,55.0,0.035774474571131004,0.0,0.0
2026-10-13 17:59:00,19.698478968419785,7.130556126869855,0.0,0,0.0,55.0,0.03346727084712904,0.0,0.0
2026-10-13 18:00:00,19.684759285616273,7.121320343559643,0.0,0,0.0,55.0,0.03130886564743424,0.0,0.0
2026-10-13 18:01:00,19.67104439521189,7.112044173367906,0.0,0,0.0,55.0,0.0292896625065912,0.0,0.0
2026-10-13 18:02:00,19.65733425166438,7.102727792899552,0.0,0,0.0,55.0,0.027400683864134752,0.0,0.0
2026-10-13 18:03:00,19.643628809445623,7.09337137952504,0.0,0,0.0,55.0,0.0256335311495412,0.0,0.0
2026-10-13 18:04:00,19.629928023057207,7.083975111376992,0.0,0,0.0,55.0,0.023980347441421346,0.0,0.0
2026-10-13 18:05:00,19.616231847045047,7.074539167346809,0.0,0,0.0,55.0,0.022433782534934752,0.0,0.0
2026-10-13 18:06:00,19.602540236013095,7.065063727081261,0.0,0,0.0,55.0,0.020986960262111772,0.0,0.0
2026-10-13 18:07:00,19.588853144636182,7.055548970979077,0.0,0,0.0,55.0,0.019633447919786554,0.0,0.0
2026-10-13 18:08:00,19.575170527672086,7.045995080187495,0.0,0,0.0,55.0,0.01836722766921481,0.0,0.0
2026-10-13 18:09:00,19.56149233997282,7.036402236598827,0.0,0,0.0,55.0,0.017182669780216455,0.0,0.0
2026-10-13 18:10:00,19.547818536495253,7.02677062284698,0.0,0,0.0,55.0,0.016074507600884188,0.0,0.0
2026-10-13 18:11:00,19.534149072311067,7.017100422304004,0.0,0,0.0,55.0,0.015037814141570991,0.0,0.0
2026-10-13 18:12:00,19.52048390261609,7.007391819076576,0.0,0,0.0,55.0,0.014067980169046904,0.0,0.0
2026-10-13 18:13:00,19.506822982739067,6.997644998002504,0.0,0,0.0,55.0,0.013160693713429658,0.0,0.0
2026-10-13 18:14:00,19.4931662681499,6.987860144647212,0.0,0,0.0,55.0,0.012311920896775146,0.0,0.0
2026-10-13 18:15:00,19.479513714467373,6.978037445300206,0.0,0,0.0,55.0,0.01151788799808989,0.0,0.0
2026-10-13 18:16:00,19.465865277466413,6.968177086971522,0.0,0,0.0,55.0,0.01077506467502493,0.0,0.0
2026-10-13 18:17:00,19.45222091308492,6.958279257388167,0.0,0,0.0,55.0,0.01008014826765326,0.0,0.0
2026-10-13 18:18:00,19.438580577430155,6.948344144990551,0.0,0,0.0,55.0,0.009430049114543987,0.0,0.0
2026-10-13 18:19:00,19.424944226784795,6.938371938928892,0.0,0,0.0,55.0,0.008821876815847122,0.0,0.0
2026-10-13 18:20:00,19.41131181761257,6.928362829059618,0.0,0,0.0,55.0,0.00825292738231347,0.0,0.0
2026-10-13 18:21:00,19.3976833065636,6.918317005941754,0.0,0,0.0,55.0,0.007720671213112955,0.0,0.0
2026-10-13 18:22:00,19.3840586504794,6.908234660833291,0.0,0,0.0,55.0,0.007222741848999703,0.0,0.0
2026-10-13 18:23:00,19.370437806397593,6.898115985687548,0.0,0,0.0,55.0,0.006756925450819405,0.0,0.0
2026-10-13 18:24:00,19.356820731556347,6.887961173149513,0.0,0,0.0,55.0,0.006321150956579466,0.0,0.0
2026-10-13 18:25:00,19.34320738339855,6.877770416552177,0.0,0,0.0,55.0,0.0059134808733193826,0.0,0.0
2026-10-13 18:26:00,19.32959771957573,6.867543909912858,0.0,0,0.0,55.0,0.005532102662841154,0.0,0.0
2026-10-13 18:27:00,19.31599169795177,6.857281847929503,0.0,0,0.0,55.0,0.0051753206829999124,0.0,0.0
2026-10-13 18:28:00,19.302389276606398,6.846984425976976,0.0,0,0.0,55.0,0.004841548648725021,0.0,0.0
2026-10-13 18:29:00,19.288790413838466,6.836651840103347,0.0,0,0.0,55.0,0.004529302579252647,0.0,0.0
2026-10-13 18:30:00,19.275195068169058,6.826284287026162,0.0,0,0.0,55.0,0.0042371942002125745,0.0,0.0
2026-10-13 18:31:00,19.261603198344417,6.815881964128684,0.0,0,0.0,55.0,0.003963924771234323,0.0,0.0
2026-10-13 18:32:00,19.248014763338702,6.805445069456144,0.0,0,0.0,55.0,0.0037082793116295664,0.0,0.0
2026-10-13 18:33:00,19.234429722356598,6.7949738017119765,0.0,0,0.0,55.0,0.0034691211984776986,0.0,0.0
2026-10-13 18:34:00,19.22084803483577,6.784468360254024,0.0,0,0.0,55.0,0.0032453871130971442,0.0,0.0
2026-10-13 18:35:00,19.207269660449203,6.7739289450907485,0.0,0,0.0,55.0,0.0030360823134339752,0.0,0.0
2026-10-13 18:36:00,19.193694559107385,6.763355756877418,0.0,0,0.0,55.0,0.0028402762113484375,0.0,0.0
2026-10-13 18:37:00,19.180122690960395,6.7527489969123025,0.0,0,0.0,55.0,0.002657098235135603,0.0,0.0
2026-10-13 18:38:00,19.166554016399875,6.74210886713282,0.0,0,0.0,55.0,0.0024857339588845403,0.0,0.0
2026-10-13 18:39:00,19.152988496060875,6.731435570111702,0.0,0,0.0,55.0,0.002325421481466784,0.0,0.0
2026-10-13 18:40:00,19.13942609082363,6.720729309053137,0.0,0,0.0,55.0,0.002175448039054749,0.0,0.0
2026-10-13 18:41:00,19.12586676181523,6.709990287788909,0.0,0,0.0,55.0,0.0020351468361090534,0.0,0.0
2026-10-13 18:42:00,19.112310470411206,6.699218710774499,0.0,0,0.0,55.0,0.0019038940807450165,0.0,0.0
2026-10-13 18:43:00,19.09875717823702,6.688414783085207,0.0,0,0.0,55.0,0.0017811062112973138,0.0,0.0
2026-10-13 18:44:00,19.0852068471695,6.67757871041224,0.0,0,0.0,55.0,0.0016662373017518376,0.0,0.0
2026-10-13 18:45:00,19.071659439338195,6.666710699058807,0.0,0,0.0,55.0,0.0015587766345090796,0.0,0.0
2026-10-13 18:46:00,19.05811491712666,6.655810955936175,0.0,0,0.0,55.0,0.0014582464296873212,0.0,0.0
2026-10-13 18:47:00,19.04457324317367,6.64487968855974,0.0,0,0.0,55.0,0.001364199720869907,0.0,0.0
2026-10-13 18:48:00,19.031034380374393,6.6339171050450805,0.0,0,0.0,55.0,0.001276218367851981,0.0,0.0
2026-10-13 18:49:00,19.017498291881495,6.622923414103982,0.0,0,0.0,55.0,0.001193911197551179,0.0,0.0
2026-10-13 18:50:00,19.003964941106183,6.611898825040472,0.0,0,0.0,55.0,0.0011169122648165917,0.0,0.0
2026-10-13 18:51:00,18.990434291719225,6.600843547746834,0.0,0,0.0,55.0,0.0010448792254034054,0.0,0.0
2026-10-13 18:52:00,18.97690630765189,6.589757792699615,0.0,0,0.0,55.0,0.000977491813879312,0.0,0.0
2026-10-13 18:53:00,18.96338095309687,6.578641770955609,0.0,0,0.0,55.0,0.0009144504196953225,0.0,0.0
2026-10-13 18:54:00,18.949858192509147,6.567495694147848,0.0,0,0.0,55.0,0.0008554747550900687,0.0,0.0
2026-10-13 18:55:00,18.936337990606823,6.556319774481564,0.0,0,0.0,55.0,0.0008003026089049717,0.0,0.0
2026-10-13 18:56:00,18.922820312371922,6.545114224730162,0.0,0,0.0,55.0,0.000748688680769628,0.0,0.0
2026-10-13 18:57:00,18.909305123051137,6.533879258231156,0.0,0,0.0,55.0,0.0007004034904740941,0.0,0.0
2026-10-13 18:58:00,18.89579238815656,6.522615088882114,0.0,0,0.0,55.0,0.0006552323576790412,0.0,0.0
2026-10-13 18:59:00,18.88228207346639,6.511321931136578,0.0,0,0.0,55.0,0.0006129744474274784,0.0,0.0
2026-10-13 19:00:00,18.86877414502557,6.5,0.0,0,0.0,55.0,0.0005734418772143022,0.0,0.0
2026-10-13 19:01:00,18.855268569146446,6.488649511025626,0.0,0,0.0,55.0,0.000536458881643623,0.0,0.0
2026-10-13 19:02:00,18.84176531240938,6.4772706803104,0.0,0,0.0,55.0,0.0005018610309598592,0.0,0.0
2026-10-13 19:03:00,18.828264341663317,6.465863724490864,0.0,0,0.0,55.0,0.0004694944999781172,0.0,0.0
2026-10-13 19:04:00,18.814765624026364,6.454428860739011,0.0,0,0.0,55.0,0.00043921538416345535,0.0,0.0
2026-10-13 19:05:00,18.801269126886318,6.442966306758164,0.0,0,0.0,55.0,0.0004108890598182579,0.0,0.0
2026-10-13 19:06:00,18.78777481790119,6.431476280778824,0.0,0,0.0,55.0,0.00038438958553305445,0.0,0.0
2026-10-13 19:07:00,18.7742826649997,6.419959001554529,0.0,0,0.0,55.0,0.00035959914223958095,0.0,0.0
2026-10-13 19:08:00,18.760792636381748,6.408414688357673,0.0,0,0.0,55.0,0.00033640750937650625,0.0,0.0
2026-10-13 19:09:00,18.747304700518892,6.396843560975335,0.0,0,0.0,55.0,0.00031471157483881106,0.0,0.0
2026-10-13 19:10:00,18.733818826154774,6.385245839705101,0.0,0,0.0,55.0,0.0002944148765320085,0.0,0.0
2026-10-13 19:11:00,18.72033498230555,6.373621745350871,0.0,0,0.0,55.0,0.00027542717349291526,0.0,0.0
2026-10-13 19:12:00,18.706853138260293,6.361971499218641,0.0,0,0.0,55.0,0.00025766404467013744,0.0,0.0
2026-10-13 19:13:00,18.6933732635814,6.350295323112306,0.0,0,0.0,55.0,0.00024104651358041235,0.0,0.0
2026-10-13 19:14:00,18.679895328104962,6.338593439329426,0.0,0,0.0,55.0,0.00022550069717199446,0.0,0.0
2026-10-13 19:15:00,18.666419301941133,6.326866070657004,0.0,0,0.0,55.0,0.00021095747733390039,0.0,0.0
2026-10-13 19:16:00,18.652945155474477,6.315113440367233,0.0,0,0.0,55.0,0.000197352193590513,0.0,0.0
2026-10-13 19:17:00,18.63947285936431,6.30333577221325,0.0,0,0.0,55.0,0.00018462435561523698,0.0,0.0
2026-10-13 19:18:00,18.626002384545032,6.291533290424885,0.0,0,0.0,55.0,0.00017271737428501557,0.0,0.0
2026-10-13 19:19:00,18.612533702226433,6.279706219704376,0.0,0,0.0,55.0,0.0001615783100799524,0.0,0.0
2026-10-13 19:20:00,18.599066783894,6.267854785222099,0.0,0,0.0,55.0,0.00015115763770940011,0.0,0.0
2026-10-13 19:21:00,18.58560160130921,6.255979212612283,0.0,0,0.0,55.0,0.00014140902591802248,0.0,0.0
2026-10-13 19:22:00,18.572138126509817,6.244079727968717,0.0,0,0.0,55.0,0.0001322891314928271,0.0,0.0
2026-10-13 19:23:00,18.558676331810105,6.232156557840432,0.0,0,0.0,55.0,0.00012375740655530591,0.0,0.0
2026-10-13 19:24:00,18.545216189801177,6.220209929227401,0.0,0,0.0,55.0,0.00011577591828188641,0.0,0.0
2026-10-13 19:25:00,18.531757673351184,6.208240069576211,0.0,0,0.0,55.0,0.00010830918025115452,0.0,0.0
2026-10-13 19:26:00,18.518300755605573,6.196247206775739,0.0,0,0.0,55.0,0.00010132399466800361,0.0,0.0
2026-10-13 19:27:00,18.504845409987333,6.184231569152803,0.0,0,0.0,55.0,9.478930476322378e-05,0.0,0.0
2026-10-13 19:28:00,18.491391610197205,6.172193385467823,0.0,0,0.0,55.0,8.867605671228664e-05,0.0,0.0
2026-10-13 19:29:00,18.477939330213903,6.160132884910461,0.0,0,0.0,55.0,8.295707045940403e-05,0.0,0.0
2026-10-13 19:30:00,18.464488544294326,6.14805029709527,0.0,0,0.0,55.0,7.760691887253255e-05,0.0,0.0
2026-10-13 19:31:00,18.451039226973755,6.1359458520573,0.0,0,0.0,55.0,7.260181469203628e-05,0.0,0.0
2026-10-13 19:32:00,18.43759135306604,6.123819780247735,0.0,0,0.0,55.0,6.791950477037108e-05,0.0,0.0
2026-10-13 19:33:00,18.424144897663794,6.1116723125295085,0.0,0,0.0,55.0,6.353917113257042e-05,0.0,0.0
2026-10-13 19:34:00,18.41069983613857,6.099503680172892,0.0,0,0.0,55.0,5.944133841763896e-05,0.0,0.0
2026-10-13 19:35:00,18.397256144141014,6.087314114851106,0.0,0,0.0,55.0,5.56077872893295e-05,0.0,0.0
2026-10-13 19:36:00,18.38381379760105,6.0751038486359,0.0,0,0.0,55.0,5.202147343132016e-05,0.0,0.0
2026-10-13 19:37:00,18.370372772728018,6.062873113993147,0.0,0,0.0,55.0,4.8666451766636725e-05,0.0,0.0
2026-10-13 19:38:00,18.35693304601083,6.050622143778403,0.0,0,0.0,55.0,4.552780556439297e-05,0.0,0.0
2026-10-13 19:39:00,18.343494594218114,6.03835117123248,0.0,0,0.0,55.0,4.259158011865098e-05,0.0,0.0
2026-10-13 19:40:00,18.330057394398345,6.026060429977006,0.0,0,0.0,55.0,3.984472070453177e-05,0.0,0.0
2026-10-13 19:41:00,18.31662142387997,6.013750154009981,0.0,0,0.0,55.0,3.72750145357234e-05,0.0,0.0
2026-10-13 19:42:00,18.30318666027153,6.001420577701314,0.0,0,0.0,55.0,3.487103646532432e-05,0.0,0.0
2026-10-13 19:43:00,18.289753081461786,5.989071935788363,0.0,0,0.0,55.0,3.2622098188603156e-05,0.0,0.0
2026-10-13 19:44:00,18.27632066561982,5.97670446337147,0.0,0,0.0,55.0,3.0518200721825535e-05,0.0,0.0
2026-10-13 19:45:00,18.262889391195138,5.964318395909485,0.0,0,0.0,55.0,2.8549989945864747e-05,0.0,0.0
2026-10-13 19:46:00,18.24945923691776,5.951913969215277,0.0,0,0.0,55.0,2.670871501693893e-05,0.0,0.0
2026-10-13 19:47:00,18.23603018179833,5.939491419451247,0.0,0,0.0,55.0,2.498618945956523e-05,0.0,0.0
2026-10-13 19:48:00,18.22260220512818,5.9270509831248415,0.0,0,0.0,55.0,2.337475476874666e-05,0.0,0.0
2026-10-13 19:49:00,18.20917528647942,5.914592897084033,0.0,0,0.0,55.0,2.1867246359563615e-05,0.0,0.0
2026-10-13 19:50:00,18.195749405705012,5.902117398512821,0.0,0,0.0,55.0,2.0456961712778978e-05,0.0,0.0
2026-10-13 19:51:00,18.182324542938826,5.889624724926712,0.0,0,0.0,55.0,1.91376305748291e-05,0.0,0.0
2026-10-13 19:52:00,18.168900678595715,5.877115114168211,0.0,0,0.0,55.0,1.7903387079707277e-05,0.0,0.0
2026-10-13 19:53:00,18.15547779337156,5.864588804402269,0.0,0,0.0,55.0,1.6748743668790976e-05,0.0,0.0
2026-10-13 19:54:00,18.14205586824333,5.852046034111769,0.0,0,0.0,55.0,1.5668566692658043e-05,0.0,0.0
2026-10-13 19:55:00,18.12863488446911,5.839487042092975,0.0,0,0.0,55.0,1.4658053586415352e-05,0.0,0.0
2026-10-13 19:56:00,18.115214823588165,5.826912067450998,0.0,0,0.0,55.0,1.3712711517059318e-05,0.0,0.0
2026-10-13 19:57:00,18.101795667420944,5.8143213495952235,0.0,0,0.0,55.0,1.2828337407932504e-05,0.0,0.0
2026-10-13 19:58:00,18.08837739806913,5.801715128234772,0.0,0,0.0,55.0,1.2000999251463255e-05,0.0,0.0
2026-10-13 19:59:00,18.074959997915656,5.789093643373923,0.0,0,0.0,55.0,1.1227018627103091e-05,0.0,0.0
2026-10-13 20:00:00,18.061543449624708,5.776457135307562,0.0,0,0.0,55.0,1.0502954346735026e-05,0.0,0.0
2026-10-13 20:01:00,18.048127736141762,5.763805844616583,0.0,0,0.0,55.0,9.82558715483881e-06,0.0,0.0
2026-10-13 20:02:00,18.034712840693565,5.751140012163323,0.0,0,0.0,55.0,9.191905415388647e-06,0.0,0.0
2026-10-13 20:03:00,18.02129874678815,5.738459879086979,0.0,0,0.0,55.0,8.599091721846034e-06,0.0,0.0
2026-10-13 20:04:00,18.00788543821483,5.725765686799003,0.0,0,0.0,55.0,8.044510370714526e-06,0.0,0.0
2026-10-13 20:05:00,17.994472899044183,5.71305767697852,0.0,0,0.0,55.0,7.525695642962728e-06,0.0,0.0
2026-10-13 20:06:00,17.981061113628037,5.700336091567715,0.0,0,0.0,55.0,7.040340841213644e-06,0.0,0.0
2026-10-13 20:07:00,17.96765006659945,5.687601172767242,0.0,0,0.0,55.0,6.58628803395874e-06,0.0,0.0
2026-10-13 20:08:00,17.95423974287269,5.674853163031596,0.0,0,0.0,55.0,6.161518461198562e-06,0.0,0.0
2026-10-13 20:09:00,17.940830127643196,5.662092305064505,0.0,0,0.0,55.0,5.7641435588525194e-06,0.0,0.0
2026-10-13 20:10:00,17.92742120638754,5.649318841814308,0.0,0,0.0,55.0,5.3923965620315395e-06,0.0,0.0
2026-10-13 20:11:00,17.914012964863392,5.636533016469339,0.0,0,0.0,55.0,5.044624649840987e-06,0.0,0.0
2026-10-13 20:12:00,17.900605389109472,5.623735072453279,0.0,0,0.0,55.0,4.719281596788922e-06,0.0,0.0
2026-10-13 20:13:00,17.88719846544549,5.610925253420534,0.0,0,0.0,55.0,4.414920898127203e-06,0.0,0.0
2026-10-13 20:14:00,17.8737921804721,5.598103803251591,0.0,0,0.0,55.0,4.130189338560062e-06,0.0,0.0
2026-10-13 20:15:00,17.860386521070833,5.585270966048385,0.0,0,0.0,55.0,3.863820975726056e-06,0.0,0.0
2026-10-13 20:16:00,17.846981474404025,5.572426986129635,0.0,0,0.0,55.0,3.6146315117034064e-06,0.0,0.0
2026-10-13 20:17:00,17.833577027914746,5.559572108026203,0.0,0,0.0,55.0,3.3815130275139327e-06,0.0,0.0
2026-10-13 20:18:00,17.820173169326726,5.546706576476442,0.0,0,0.0,55.0,3.163429057214697e-06,0.0,0.0
2026-10-13 20:19:00,17.80676988664427,5.533830636421526,0.0,0,0.0,55.0,2.959409979676334e-06,0.0,0.0
2026-10-13 20:20:00,17.793367168152162,5.520944533000793,0.0,0,0.0,55.0,2.7685487075594886e-06,0.0,0.0
2026-10-13 20:21:00,17.779965002415594,5.508048511547072,0.0,0,0.0,55.0,2.5899966543221594e-06,0.0,0.0
2026-10-13 20:22:00,17.766563378280036,5.495142817582032,0.0,0,0.0,55.0,2.4229599613269004e-06,0.0,0.0
2026-10-13 20:23:00,17.753162284871163,5.482227696811479,0.0,0,0.0,55.0,2.2666959682732537e-06,0.0,0.0
2026-10-13 20:24:00,17.73976171159472,5.4693033951206935,0.0,0,0.0,55.0,2.120509911262635e-06,0.0,0.0
2026-10-13 20:25:00,17.726361648136432,5.456370158569749,0.0,0,0.0,55.0,1.983751833814971e-06,0.0,0.0
2026-10-13 20:26:00,17.712962084461868,5.443428233388832,0.0,0,0.0,55.0,1.8558136971031865e-06,0.0,0.0
2026-10-13 20:27:00,17.69956301081632,5.430477865973539,0.0,0,0.0,55.0,1.736126676557382e-06,0.0,0.0
2026-10-13 20:28:00,17.686164417724683,5.417519302880198,0.0,0,0.0,55.0,1.6241586328191591e-06,0.0,0.0
2026-10-13 20:29:00,17.672766295991316,5.404552790821168,0.0,0,0.0,55.0,1.519411745801726e-06,0.0,0.0
2026-10-13 20:30:00,17.659368636699902,5.391578576660155,0.0,0,0.0,55.0,1.4214203013365994e-06,0.0,0.0
2026-10-13 20:31:00,17.645971431213304,5.3785969074074895,0.0,0,0.0,55.0,1.3297486205661358e-06,0.0,0.0
2026-10-13 20:32:00,17.632574671173415,5.365608030215441,0.0,0,0.0,55.0,1.2439891228757783e-06,0.0,0.0
2026-10-13 20:33:00,17.61917834850101,5.352612192373512,0.0,0,0.0,55.0,1.163760513753646e-06,0.0,0.0
2026-10-13 20:34:00,17.605782455395577,5.339609641303721,0.0,0,0.0,55.0,1.08870608952052e-06,0.0,0.0
2026-10-13 20:35:00,17.592386984335164,5.326600624555895,0.0,0,0.0,55.0,1.0184921513929042e-06,0.0,0.0
2026-10-13 20:36:00,17.578991928076206,5.3135853898029595,0.0,0,0.0,55.0,9.528065218279417e-07,0.0,0.0
2026-10-13 20:37:00,17.565597279653346,5.300564184836229,0.0,0,0.0,55.0,8.913571565537201e-07,0.0,0.0
2026-10-13 20:38:00,17.55220303237926,5.287537257560673,0.0,0,0.0,55.0,8.338708461139264e-07,0.0,0.0
2026-10-13 20:39:00,17.538809179844474,5.274504855990209,0.0,0,0.0,55.0,7.800920011538034e-07,0.0,0.0
2026-10-13 20:40:00,17.525415715917177,5.2614672282429735,0.0,0,0.0,55.0,7.297815160466759e-07,0.0,0.0
2026-10-13 20:41:00,17.51202263474302,5.248424622536613,0.0,0,0.0,55.0,6.82715705808629e-07,0.0,0.0
2026-10-13 20:42:00,17.49862993074492,5.235377287183535,0.0,0,0.0,55.0,6.386853115747634e-07,0.0,0.0
2026-10-13 20:43:00,17.48523759862286,5.222325470586199,0.0,0,0.0,55.0,5.974945702152863e-07,0.0,0.0
2026-10-13 20:44:00,17.471845633353677,5.209269421232376,0.0,0,0.0,55.0,5.589603439548648e-07,0.0,0.0
2026-10-13 20:45:00,17.45845403019085,5.19620938769043,0.0,0,0.0,55.0,5.229113061254517e-07,0.0,0.0
2026-10-13 20:46:00,17.44506278466428,5.183145618604572,0.0,0,0.0,55.0,4.891871794323666e-07,0.0,0.0
2026-10-13 20:47:00,17.431671892580063,5.1700783626901305,0.0,0,0.0,55.0,4.576380233468943e-07,0.0,0.0
2026-10-13 20:48:00,17.418281350020266,5.15700786872883,0.0,0,0.0,55.0,4.281235674570822e-07,0.0,0.0
2026-10-13 20:49:00,17.404891153342692,5.143934385564032,0.0,0,0.0,55.0,4.0051258781275537e-07,0.0,0.0
2026-10-13 20:50:00,17.391501299180643,5.1308581620960085,0.0,0,0.0,55.0,3.746823234919218e-07,0.0,0.0
2026-10-13 20:51:00,17.378111784442673,5.117779447277204,0.0,0,0.0,55.0,3.505179307945691e-07,0.0,0.0
2026-10-13 20:52:00,17.36472260631234,5.104698490107503,0.0,0,0.0,55.0,3.279119726371486e-07,0.0,0.0
2026-10-13 20:53:00,17.35133376224796,5.091615539629468,0.0,0,0.0,55.0,3.0676394087754924e-07,0.0,0.0
2026-10-13 20:54:00,17.337945249982344,5.078530844923621,0.0,0,0.0,55.0,2.8697980944677355e-07,0.0,0.0
2026-10-13 20:55:00,17.324557067522527,5.065444655103683,0.0,0,0.0,55.0,2.684716163004993e-07,0.0,0.0
2026-10-13 20:56:00,17.311169213149512,5.05235721931185,0.0,0,0.0,55.0,2.5115707233184543e-07,0.0,0.0
2026-10-13 20:57:00,17.29778168541799,5.039268786714033,0.0,0,0.0,55.0,2.3495919550653266e-07,0.0,0.0
2026-10-13 20:58:00,17.28439448315607,5.026179606495123,0.0,0,0.0,55.0,2.198059685937708e-07,0.0,0.0
2026-10-13 20:59:00,17.271007605464987,5.013089927854239,0.0,0,0.0,55.0,2.0563001897111299e-07,0.0,0.0
2026-10-13 21:00:00,17.257621051718818,5.0,0.0,0,0.0,55.0,1.9236831907966028e-07,0.0,0.0
2026-10-13 21:01:00,17.24423482156419,4.986910072145761,0.0,0,0.0,55.00560996908039,1.7996190619781323e-07,0.0,0.0
2026-10-13 21:02:00,17.230848914919992,4.9738203935048775,0.0,0,0.0,55.01121983135505,1.6835562028765906e-07,0.0,0.0
2026-10-13 21:03:00,17.21746333197705,4.960731213285967,0.0,0,0.0,55.0168294800203,1.5749785874843578e-07,0.0,0.0
2026-10-13 21:04:00,17.204078073197845,4.947642780688151,0.0,0,0.0,55.022438808276505,1.4734034698668476e-07,0.0,0.0
2026-10-13 21:05:00,17.190693139316185,4.934555344896317,0.0,0,0.0,55.02804770933015,1.3783792378302588e-07,0.0,0.0
2026-10-13 21:06:00,17.177308531336895,4.921469155076379,0.0,0,0.0,55.033656076395836,1.2894834050127647e-07,0.0,0.0
2026-10-13 21:07:00,17.163924250535494,4.908384460370532,0.0,0,0.0,55.03926380269834,1.2063207324717958e-07,0.0,0.0
2026-10-13 21:08:00,17.15054029845787,4.895301509892498,0.0,0,0.0,55.04487078147464,1.1285214714158225e-07,0.0,0.0
2026-10-13 21:09:00,17.137156676919947,4.882220552722796,0.0,0,0.0,55.05047690597594,1.0557397192676611e-07,0.0,0.0
2026-10-13 21:10:00,17.12377338800735,4.8691418379039915,0.0,0,0.0,55.05608206946972,9.876518817502162e-08,0.0,0.0
2026-10-13 21:11:00,17.110390434075065,4.856065614435969,0.0,0,0.0,55.061686165241724,9.239552341569486e-08,0.0,0.0
2026-10-13 21:12:00,17.09700781774709,4.84299213127117,0.0,0,0.0,55.06728908659807,8.643665754103494e-08,0.0,0.0
2026-10-13 21:13:00,17.083625541916092,4.8299216373098695,0.0,0,0.0,55.0728907268672,8.086209689242404e-08,0.0,0.0
2026-10-13 21:14:00,17.07024360974304,4.816854381395428,0.0,0,0.0,55.07849097940196,7.564705646716617e-08,0.0,0.0
2026-10-13 21:15:00,17.056862024656862,4.80379061230957,0.0,0,0.0,55.084089737581614,7.076834972211516e-08,0.0,0.0
2026-10-13 21:16:00,17.04348079035406,4.790730578767625,0.0,0,0.0,55.08968689481387,6.620428548419908e-08,0.0,0.0
2026-10-13 21:17:00,17.03009991079836,4.777674529413801,0.0,0,0.0,55.09528234453694,6.193457150949558e-08,0.0,0.0
2026-10-13 21:18:00,17.016719390220324,4.764622712816465,0.0,0,0.0,55.10087598022152,5.7940224262073344e-08,0.0,0.0
2026-10-13 21:19:00,17.003339233116975,4.7515753774633875,0.0,0,0.0,55.106467695372835,5.420348451146803e-08,0.0,0.0
2026-10-13 21:20:00,16.98995944425142,4.7385327717570265,0.0,0,0.0,55.1120573835327,5.070773837353145e-08,0.0,0.0
2026-10-13 21:21:00,16.976601399997342,4.725495144009791,0.0,0,0.005020277874290713,55.117644938281515,0.7836160269285838,0.0,0.0
2026-10-13 21:22:00,16.963292181875133,4.712462742439327,0.0,0,0.011699300001328794,55.12323025324029,2.5608818212910065,0.0,0.0
2026-10-13 21:23:00,16.95005704173661,4.699435815163771,0.0,0,0.018353909062433615,55.12881322207267,5.265782922608912,0.0,0.0
2026-10-13 21:24:00,16.93691946537509,4.6864146101970405,0.0,0,0.024971479131695062,55.134393738486985,8.8345640059238,0.0,0.0
2026-10-13 21:25:00,16.923901235547756,4.673399375444106,0.0,0,0.03154026731245452,55.13997169623824,13.20570992827554,0.0,0.0
2026-10-13 21:26:00,16.911022494341953,4.66039035869628,0.0,0,0.038049382226121864,55.14554698913017,18.31992419462919,0.0,0.0
2026-10-13 21:27:00,16.898301804822392,4.647387807626488,0.0,0,0.044488752829023426,55.15111951101722,24.120105084640677,0.0,0.0
2026-10-13 21:28:00,16.885756211900958,4.634391969784559,0.0,0,0.05084909758880407,55.15668915580662,30.551319615634256,0.0,0.0
2026-10-13 21:29:00,16.873401302375452,4.6214030925925105,0.0,0,0.05712189404952106,55.162255817460355,37.56077550374202,0.0,0.0
2026-10-13 21:30:00,16.861251264087596,4.608421423339845,0.0,0,0.06329934881227395,55.167819389997206,45.09779127340632,0.0,0.0
2026-10-13 21:31:00,16.849318944154657,4.595447209178832,0.0,0,0.06937436795620222,55.17337976749479,53.11376465520397,0.0,0.0
2026-10-13 21:32:00,16.837615906232518,4.582480697119802,0.0,0,0.07534052792267154,55.17893684409151,61.56213940302278,0.0,0.0
2026-10-13 21:33:00,16.82615248677158,4.569522134026462,0.0,0,0.08119204688374104,55.184490513988656,70.39837065387368,0.0,0.0
2026-10-13 21:34:00,16.814937850229956,4.556571766611169,0.0,0,0.08692375661421003,55.19004067145236,79.57988894688162,0.0,0.0
2026-10-13 21:35:00,16.8039800432116,4.543629841430251,0.0,0,0.09253107488502188,55.19558721081561,89.06606301216156,0.0,0.0
2026-10-13 21:36:00,16.793286047499834,4.5306966048793065,0.0,0,0.09800997839420056,55.2011300264803,98.81816143520304,0.0,0.0
2026-10-13 21:37:00,16.78286183195962,4.517772303188522,0.0,0,0.10335697625008322,55.20666901291921,108.79931329796692,0.0,0.0
2026-10-13 21:38:00,16.772712403284505,4.504857182417968,0.0,0,0.10856908402018917,55.21220406467801,118.97446789402791,0.0,0.0
2026-10-13 21:39:00,16.762841855566826,4.491951488452928,0.0,0,0.11364379835774763,55.217735076377316,129.31035361169398,0.0,0.0
2026-10-13 21:40:00,16.75325341867228,4.479055466999208,0.0,0,0.11857907221658692,55.22326194271462,139.7754360760089,0.0,0.0
2026-10-13 21:41:00,16.743949505402302,4.466169363578475,0.0,0,0.12337329066386005,55.228784558466366,150.33987563783276,0.0,0.0
2026-10-13 21:42:00,16.734931757430136,4.453293423523558,0.0,0,0.128025247298849,55.2343028184899,160.97548429572424,0.0,0.0
2026-10-13 21:43:00,16.72620108999875,4.440427891973798,0.0,0,0.13253412128493203,55.239816617725516,171.6556821340693,0.0,0.0
2026-10-13 21:44:00,16.717757735370938,4.427573013870365,0.0,0,0.13689945500062528,55.245325851198416,182.35545335875423,0.0,0.0
2026-10-13 21:45:00,16.7096012850242,4.414729033951615,0.0,0,0.14112113231453094,55.25083041402073,193.05130200963512,0.0,0.0
2026-10-13 21:46:00,16.701730730585,4.401896196748409,0.0,0,0.14519935748790047,55.25633020139354,203.72120742706153,0.0,0.0
2026-10-13 21:47:00,16.694144503499203,4.389074746579466,0.0,0,0.14913463470750088,55.261825108608804,214.34457954775,0.0,0.0
2026-10-13 21:48:00,16.686840513437346,4.376264927546721,0.0,0,0.15292774825039857,55.2673150310514,224.9022141033338,0.0,0.0
2026-10-13 21:49:00,16.67981618543544,4.363466983530661,0.0,0,0.15657974328132696,55.27279986420115,235.37624779293526,0.0,0.0
2026-10-13 21:50:00,16.67306849577387,4.350681158185692,0.0,0,0.16009190728228084,55.27827950363471,245.75011349907797,0.0,0.0
2026-10-13 21:51:00,16.666594006598796,4.337907694935496,0.0,0,0.16346575211306558,55.28375384502765,256.0084956141844,0.0,0.0
2026-10-13 21:52:00,16.660388899292183,4.325146836968405,0.0,0,0.16670299670060196,55.2892227841564,266.1372855427681,0.0,0.0
2026-10-13 21:53:00,16.654449006598362,4.312398827232759,0.0,0,0.16980555035390843,55.294686216900246,276.123537442227,0.0,0.0
2026-10-13 21:54:00,16.64876984351662,4.299663908432285,0.0,0,0.17277549670081882,55.30014403924331,285.95542426287403,0.0,0.0
2026-10-13 21:55:00,16.643346636970957,4.2869423230214805,0.0,0,0.1756150782416892,55.30559614727651,295.6221941454951,0.0,0.0
2026-10-13 21:56:00,16.638174354269545,4.274234313200997,0.0,0,0.17832668151452147,55.311042437199575,305.1141272323109,0.0,0.0
2026-10-13 21:57:00,16.633247730368012,4.261540120913022,0.0,0,0.1809128228652277,55.31648280532299,314.4224929447395,0.0,0.0
2026-10-13 21:58:00,16.628561293951947,4.248859987836677,0.0,0,0.1833761348159939,55.32191714806999,323.5395077788105,0.0,0.0
2026-10-13 21:59:00,16.624109392355322,4.236194155383417,0.0,0,0.18571935302402665,55.32734536197854,332.45829366648167,0.0,0.0
2026-10-13 22:00:00,16.61988621533283,4.223542864692438,0.0,0,0.18794530382233887,55.33276734370324,341.1728369484578,0.0,0.0
2026-10-13 22:01:00,16.615885817705188,4.210906356626077,0.0,0,0.19005689233358503,55.338182990017394,349.6779480014193,0.0,0.0
2026-10-13 22:02:00,16.612102140897612,4.198284871765229,0.0,0,0.1920570911474062,55.3435921978149,357.96922155984106,0.0,0.0
2026-10-13 22:03:00,16.608529033392614,4.185678650404777,0.0,0,0.19394892955119403,55.348994864112235,366.04299776983135,0.0,0.0
2026-10-13 22:04:00,16.605160270119228,4.173087932549004,0.0,0,0.19573548330369306,55.354390886050425,373.8963240096545,0.0,0.0
2026-10-13 22:05:00,16.6019895708016,4.160512957907025,0.0,0,0.197419864940386,55.35978016089699,381.5269175088284,0.0,0.0
2026-10-13 22:06:00,16.599010617290645,4.147953965888231,0.0,0,0.1990052145992003,55.3651625860479,388.93312879491884,0.0,0.0
2026-10-13 22:07:00,16.59621706990319,4.135411195597731,0.0,0,0.20049469135467746,55.37053805902954,396.11390599439903,0.0,0.0
2026-10-13 22:08:00,16.5936025827936,4.12288488583179,0.0,0,0.20189146504840494,55.37590647750066,403.06876001120554,0.0,0.0
2026-10-13 22:09:00,16.591160818383468,4.110375275073288,0.0,0,0.20319870860319966,55.381267739254305,409.79773060392256,0.0,0.0
2026-10-13 22:10:00,16.588885460875396,4.09788260148718,0.0,0,0.204419590808266,55.38662174221978,416.3013533798613,0.0,0.0
2026-10-13 22:11:00,16.586770228877306,4.085407102915967,0.0,0,0.20555726956230203,55.39196838446458,422.5806277216862,0.0,0.0
2026-10-13 22:12:00,16.584808887164023,4.0729490168751585,0.0,0,0.206614885561347,55.39730756419636,428.63698565967826,0.0,0.0
2026-10-13 22:13:00,16.582995257603176,4.060508580548753,0.0,0,0.20759555641798855,55.40263917976482,434.47226170023043,0.0,0.0
2026-10-13 22:14:00,16.581323229272613,4.048086030784723,0.0,0,0.20850237119841175,55.40796312966369,440.0886636187359,0.0,0.0
2026-10-13 22:15:00,16.57978676779667,4.035681604090515,0.0,0,0.20933838536369365,55.41327931253264,445.4887442226792,0.0,0.0
2026-10-13 22:16:00,16.57837992392872,4.023295536628531,0.0,0,0.21010661610166537,55.4185876271592,450.6753740884635,0.0,0.0
2026-10-13 22:17:00,16.57709684140739,4.010928064211637,0.0,0,0.2108100380356408,55.42388797248073,455.6517152733169,0.0,0.0
2026-10-13 22:18:00,16.575931764113857,3.998579422298687,0.0,0,0.21145157929630543,55.429180247586274,460.4211960015203,0.0,0.0
2026-10-13 22:19:00,16.57487904255742,3.9862498459900197,0.0,0,0.21203411794307137,55.43446435171856,464.98748632218826,0.0,0.0
2026-10-13 22:20:00,16.57393313971649,3.973939570022995,0.0,0,0.21256047872129002,55.43974018427586,469.35447473392327,0.0,0.0
2026-10-13 22:21:00,16.573088636261907,3.9616488287675202,0.0,0,0.21303343014175447,55.44500764481392,473.5262457698445,0.0,0.0
2026-10-13 22:22:00,16.572340235189177,3.9493778562215973,0.0,0,0.2134556818690463,55.45026663304789,477.50705853477655,0.0,0.0
2026-10-13 22:23:00,16.571682765886017,3.937126886006853,0.0,0,0.21382988240541145,55.455517048854205,481.30132618476665,0.0,0.0
2026-10-13 22:24:00,16.5711111876612,3.9248961513641003,0.0,0,0.21415861705699157,55.46075879227253,484.9135963375829,0.0,0.0
2026-10-13 22:25:00,16.570620592760314,3.9126858851488944,0.0,0,0.21444440616940064,55.46599176350762,488.3485324014323,0.0,0.0
2026-10-13 22:26:00,16.57020620889369,3.9004963198271083,0.0,0,0.2146897036198432,55.47121586293124,491.61089580782453,0.0,0.0
2026-10-13 22:27:00,16.569863401301227,3.8883276874704924,0.0,0,0.21489689555315472,55.47643099108407,494.7055291332939,0.0,0.0
2026-10-13 22:28:00,16.569587674378454,3.876180219752266,0.0,0,0.21506829934938665,55.4816370486776,497.63734009358024,0.0,0.0
2026-10-13 22:29:00,16.5693746728876,3.864054147942701,0.0,0,0.2152061628107731,55.486833936595986,500.41128639285165,0.0,0.0
2026-10-13 22:30:00,16.569220182776974,3.8519497029047316,0.0,0,0.21531266355619927,55.49202155589797,503.03236140963617,0.0,0.0
2026-10-13 22:31:00,16.569120131631323,3.8398671150895387,0.0,0,0.2153899086115132,55.49719980781877,505.50558070030047,0.0,0.0
2026-10-13 22:32:00,16.5690705887754,3.8278066145321774,0.0,0,0.2154399341843387,55.502368593771926,507.8359693001831,0.0,0.0
2026-10-13 22:33:00,16.569067765052257,3.8157684308471977,0.0,0,0.21546470561230002,55.5075278153512,510.02854980184395,0.0,0.0
2026-10-13 22:34:00,16.569108012297246,3.8037527932242616,0.0,0,0.21546611747387168,55.51267737433246,512.0883311893331,0.0,0.0
2026-10-13 22:35:00,16.569187822528118,3.791759930423789,0.0,0,0.21544599385137708,55.51781717267552,514.0202984069081,0.0,0.0
2026-10-13 22:36:00,16.569303826870936,3.7797900707725987,0.0,0,0.21540608873594103,55.522947112526026,515.8294026402325,0.0,0.0
2026-10-13 22:37:00,16.569452794240917,3.767843442159568,0.0,0,0.21534808656453208,55.52806709621733,517.5205522877711,0.0,0.0
2026-10-13 22:38:00,16.569631629796685,3.7559202720312834,0.0,0,0.21527360287954167,55.533177026272305,519.0986045998518,0.0,0.0
2026-10-13 22:39:00,16.569837373185766,3.7440207873877176,0.0,0,0.21518418510165738,55.53827680540526,520.5683579626897,0.0,0.0
2026-10-13 22:40:00,16.570067196598536,3.732145214777901,0.0,0,0.21508131340711678,55.54336633652375,521.9345448045613,0.0,0.0
2026-10-13 22:41:00,16.57031840264715,3.720293780295625,0.0,0,0.21496640170073178,55.54844552273045,523.2018251012673,0.0,0.0
2026-10-13 22:42:00,16.570588422085383,3.708466709575115,0.0,0,0.21484079867642514,55.55351426732495,524.3747804580421,0.0,0.0
2026-10-13 22:43:00,16.570874811384652,3.69666422778675,0.0,0,0.21470578895730874,55.558572473805675,525.4579087451314,0.0,0.0
2026-10-13 22:44:00,16.57117525018086,3.6848865596327673,0.0,0,0.2145625943076741,55.56362004587167,526.455619264386,0.0,0.0
2026-10-13 22:45:00,16.571487538606068,3.6731339293429963,0.0,0,0.21441237490956944,55.56865688742443,527.3722284243863,0.0,0.0
2026-10-13 22:46:00,16.57180959451837,3.661406560670575,0.0,0,0.2142562306969662,55.57368290256975,528.2119559018302,0.0,0.0
2026-10-13 22:47:00,16.572139450642787,3.6497046768876933,0.0,0,0.21409520274081473,55.57869799561956,528.9789212671722,0.0,0.0
2026-10-13 22:48:00,16.572475251635286,3.638028500781359,0.0,0,0.21393027467860648,55.583702071093704,529.677141052801,0.0,0.0
2026-10-13 22:49:00,16.572815251081547,3.626378254649129,0.0,0,0.2137623741823571,55.588695033721805,530.3105262423692,0.0,0.0
2026-10-13 22:50:00,16.573157808441422,3.6147541602948987,0.0,0,0.21359237445922652,55.593676788445045,530.8828801602567,0.0,0.0
2026-10-13 22:51:00,16.573501385949527,3.603156439024665,0.0,0,0.2134210957792888,55.598647240418,531.3978967405394,0.0,0.0
2026-10-13 22:52:00,16.57384454548179,3.5915853116423273,0.0,0,0.2132493070252366,55.60360629501043,531.8591591552544,0.0,0.0
2026-10-13 22:53:00,16.574185945397264,3.58004099844547,0.0,0,0.21307772725910468,55.608553857809085,532.2701387821941,0.0,0.0
2026-10-13 22:54:00,16.57452433736397,3.568523719221176,0.0,0,0.2129070273013678,55.61348983461949,532.6341944929269,0.0,0.0
2026-10-13 22:55:00,16.57485856317699,3.5570336932418365,0.0,0,0.21273783131801416,55.61841413146779,532.954572242218,0.0,0.0
2026-10-13 22:56:00,16.575187551576548,3.545571139260989,0.0,0,0.21257071841150577,55.62332665460244,533.2344049405267,0.0,0.0
2026-10-13 22:57:00,16.57551031507334,3.5341362755091357,0.0,0,0.21240622421172617,55.62822731049609,533.4767125917599,0.0,0.0
2026-10-13 22:58:00,16.575825946787806,3.5227293196896,0.0,0,0.21224484246332942,55.63311600584731,533.6844026789854,0.0,0.0
2026-10-13 22:59:00,16.576133617309683,3.511350488974375,0.0,0,0.21208702660609724,55.63799264758241,533.8602707813386,0.0,0.0
2026-10-13 23:00:00,16.576432571583688,3.500000000000001,0.0,0,0.21193319134515853,55.642857142857146,534.007001405889,0.0,0.0
2026-10-13 23:01:00,16.576722125826688,3.4886780688634227,0.0,0,0.21178371420815623,55.647709399058535,534.1271690187757,0.0,0.0
2026-10-13 23:02:00,16.577001664481383,3.477384911117887,0.0,0,0.21163893708665604,55.65254932380662,534.2232392604666,0.0,0.0
2026-10-13 23:03:00,16.577270637211075,3.466120741768844,0.0,0,0.21149916775930855,55.65737682495621,534.2975703305398,0.0,0.0
2026-10-13 23:04:00,16.57752855593972,3.4548857752698385,0.0,0,0.2113646813944623,55.66219181059864,534.352414527931,0.0,0.0
2026-10-13 23:05:00,16.577774991941073,3.4436802255184364,0.0,0,0.21123572203014085,55.66699418906353,534.3899199331377,0.0,0.0
2026-10-13 23:06:00,16.578009572980413,3.4325043058521527,0.0,0,0.21111250402946347,55.67178386892051,534.4121322194071,0.0,0.0
2026-10-13 23:07:00,16.57823198051195,3.421358229044391,0.0,0,0.21099521350979344,55.676560758980976,534.4209965804808,0.0,0.0
2026-10-13 23:08:00,16.57844194693471,3.4102422073003855,0.0,0,0.21088400974402433,55.68132476829984,534.4183597629889,0.0,0.0
2026-10-13 23:09:00,16.578639252909387,3.3991564522531665,0.0,0,0.21077902653264502,55.686075806177215,534.4059721921251,0.0,0.0
2026-10-13 23:10:00,16.578823724738342,3.388101174959528,0.0,0,0.21068037354530667,55.690813782160205,534.3854901797446,0.0,0.0
2026-10-13 23:11:00,16.578995231810637,3.3770765858960186,0.0,0,0.21058813763082895,55.695538606044565,534.3584782045394,0.0,0.0
2026-10-13 23:12:00,16.579153684113734,3.3660828949549195,0.0,0,0.21050238409468136,55.70025018787646,534.3264112544513,0.0,0.0
2026-10-13 23:13:00,16.579299029813235,3.35512031144026,0.0,0,0.21042315794313282,55.70494843795417,534.2906772219695,0.0,0.0
2026-10-13 23:14:00,16.579431252901784,3.3441890440638247,0.0,0,0.2103504850933824,55.70963326682979,534.252579343448,0.0,0.0
2026-10-13 23:15:00,16.579550370918028,3.333289300941193,0.0,0,0.21028437354910778,55.71430458531092,534.2133386740456,0.0,0.0
2026-10-13 23:16:00,16.579656432736314,3.32242128958776,0.0,0,0.21022481454098596,55.71896230446239,534.1740965903556,0.0,0.0
2026-10-13 23:17:00,16.579749516427597,3.3115852169147932,0.0,0,0.21017178363184286,55.72360633560795,534.1359173132389,0.0,0.0
2026-10-13 23:18:00,16.579829727191843,3.300781289225501,0.0,0,0.2101252417862014,55.72823659033193,534.0997904438154,0.0,0.0
2026-10-13 23:19:00,16.579897195362026,3.290009712211091,0.0,0,0.21008513640407855,55.73285298048096,534.0666335059894,0.0,0.0
2026-10-13 23:20:00,16.579952074479646,3.2792706909468627,0.0,0,0.210051402318987,55.73745541816563,534.0372944893019,0.0,0.0
2026-10-13 23:21:00,16.579994539441536,3.2685644298882983,0.0,0,0.21002396276017699,55.74204381576216,534.0125543863021,0.0,0.0
2026-10-13 23:22:00,16.58002478471761,3.2578911328671807,0.0,0,0.210002730279232,55.746618085914065,533.993129719019,0.0,0.0
2026-10-13 23:23:00,16.580043022639,3.2472510030876975,0.0,0,0.20998760764119417,55.75117814153384,533.9796750494853,0.0,0.0
2026-10-13 23:24:00,16.58004948175597,3.2366442431225817,0.0,0,0.20997848868050006,55.75572389580461,533.9727854696367,0.0,0.0
2026-10-13 23:25:00,16.580044405264854,3.2260710549092524,0.0,0,0.20997525912201453,55.76025526218175,533.9729990662488,0.0,0.0
2026-10-13 23:26:00,16.580028049503113,3.2155316397459766,0.0,0,0.20997779736757316,55.764772154394585,533.9807993569193,0.0,0.0
2026-10-13 23:27:00,16.58000068251161,3.205026198288024,0.0,0,0.20998597524844342,55.76927448644799,533.9966176934237,0.0,0.0
2026-10-13 23:28:00,16.579962582662983,3.1945549305438568,0.0,0,0.20999965874419502,55.77376217262406,534.0208356290824,0.0,0.0
2026-10-13 23:29:00,16.57991403735504,3.1841180358713173,0.0,0,0.21001870866850858,55.77823512748372,534.0537872470805,0.0,0.0
2026-10-13 23:30:00,16.579855341767903,3.173715712973838,0.0,0,0.21004298132248067,55.78269326586835,534.0957614469623,0.0,0.0
2026-10-13 23:31:00,16.579786797683685,3.163348159896653,0.0,0,0.21007232911604845,55.78713650290143,534.1470041868013,0.0,0.0
2026-10-13 23:32:00,16.579708712367296,3.153015574023024,0.0,0,0.2101066011581576,55.79156475399013,534.2077206788068,0.0,0.0
2026-10-13 23:33:00,16.579621397507054,3.142718152070498,0.0,0,0.21014564381635203,55.79597793482693,534.2780775363791,0.0,0.0
2026-10-13 23:34:00,16.57952516821362,3.1324560900871417,0.0,0,0.21018930124647284,55.800375961391225,534.3582048708588,0.0,0.0
2026-10-13 23:35:00,16.579420342075778,3.1222295834478238,0.0,0,0.21023741589318945,55.804758749950935,534.4481983364511,0.0,0.0
2026-10-13 23:36:00,16.57930723827159,3.1120388268504873,0.0,0,0.2102898289621109,55.809126217064076,534.5481211220155,0.0,0.0
2026-10-13 23:37:00,16.579186176733323,3.1018840143124518,0.0,0,0.21034638086420543,55.81347827958038,534.6580058886143,0.0,0.0
2026-10-13 23:38:00,16.579057477364668,3.0917653391667086,0.0,0,0.21040691163333847,55.81781485464284,534.7778566519167,0.0,0.0
2026-10-13 23:39:00,16.57892145930857,3.081682994058247,0.0,0,0.21047126131766625,55.822135859689325,534.9076506087255,0.0,0.0
2026-10-13 23:40:00,16.57877844026418,3.071637170940381,0.0,0,0.2105392703457145,55.82644121245412,535.0473399070767,0.0,0.0
2026-10-13 23:41:00,16.57862873585123,3.061628061071108,0.0,0,0.21061077986790977,55.83073083096953,535.1968533595223,0.0,0.0
2026-10-13 23:42:00,16.578472659020292,3.0516558550094492,0.0,0,0.2106856320743855,55.83500463356738,535.3560980993578,0.0,0.0
2026-10-13 23:43:00,16.578310519507294,3.041720742611833,0.0,0,0.2107636704898539,55.83926253888065,535.5249611797035,0.0,0.0
2026-10-13 23:44:00,16.57814262333065,3.0318229130284777,0.0,0,0.2108447402463529,55.84350446584494,535.7033111154814,0.0,0.0
2026-10-13 23:45:00,16.577969272329465,3.0219625546997935,0.0,0,0.21092868833467548,55.84773033370009,535.890999368458,0.0,0.0
2026-10-13 23:46:00,16.57779076374119,3.012139855352788,0.0,0,0.21101536383526742,55.85194006199166,536.0878617756377,0.0,0.0
2026-10-13 23:47:00,16.577607389817146,3.0023550019974965,0.0,0,0.2111046181294043,55.8561335705725,536.2937199214048,0.0,0.0
2026-10-13 23:48:00,16.57741943747437,2.9926081809234253,0.0,0,0.21119630509142695,55.86031077960425,536.5083824539097,0.0,0.0
2026-10-13 23:49:00,16.57722718798224,2.982899577695996,0.0,0,0.21129028126281568,55.86447160955886,536.7316463462938,0.0,0.0
2026-10-13 23:50:00,16.577030916682336,2.9732293771530203,0.0,0,0.2113864060088808,55.86861598122013,536.9632981034282,0.0,0.0
2026-10-13 23:51:00,16.576830892740073,2.9635977634011748,0.0,0,0.21148454165883201,55.87274381568521,537.2031149149267,0.0,0.0
2026-10-13 23:52:00,16.576627378926567,2.9540049198125047,0.0,0,0.21158455362996342,55.876855034366066,537.4508657552607,0.0,0.0
2026-10-13 23:53:00,16.576420631429357,2.9444510290209234,0.0,0,0.2116863105367166,55.880949558991034,537.706312431875,0.0,0.0
2026-10-13 23:54:00,16.576210899690498,2.9349362729187396,0.0,0,0.2117896842853213,55.88502731160625,537.9692105822584,0.0,0.0
2026-10-13 23:55:00,16.575998426270665,2.925460832653192,0.0,0,0.21189455015475112,55.88908821457721,538.2393106209825,0.0,0.0
2026-10-13 23:56:00,16.575783446737898,2.916024888623008,0.0,0,0.2120007868646674,55.89313219059014,538.5163586377638,0.0,0.0
2026-10-13 23:57:00,16.57556618957964,2.90662862047496,0.0,0,0.21210827663105114,55.89715916265359,538.8000972476534,0.0,0.0
2026-10-13 23:58:00,16.575346876136784,2.8972722071004484,0.0,0,0.21221690521018033,55.90116905409981,539.0902663944906,0.0,0.0
2026-10-13 23:59:00,16.575125720558475,2.8879558266320946,0.0,0,0.21232656193160793,55.90516178858625,539.386604108794,0.0,0.0
